# Generado con Croma Lab
TITLE "Croma Lab Look"
LUT_3D_SIZE 33
DOMAIN_MIN 0.0 0.0 0.0
DOMAIN_MAX 1.0 1.0 1.0
0.016314 0.001255 0.000000
0.048681 0.001222 0.000000
0.081048 0.001188 0.000000
0.113415 0.001155 0.000000
0.145782 0.001122 0.000000
0.178150 0.001088 0.000000
0.210517 0.001055 0.000000
0.242884 0.001021 0.000000
0.275251 0.000988 0.000000
0.307618 0.000955 0.000000
0.339986 0.000921 0.000000
0.372353 0.000888 0.000000
0.404720 0.000855 0.000000
0.437087 0.000821 0.000000
0.469454 0.000788 0.000000
0.501822 0.000755 0.000000
0.534189 0.000721 0.000000
0.566556 0.000688 0.000000
0.598923 0.000655 0.000000
0.631290 0.000621 0.000000
0.663658 0.000588 0.000000
0.696025 0.000555 0.000000
0.728392 0.000521 0.000000
0.760759 0.000488 0.000000
0.793126 0.000455 0.000000
0.825494 0.000421 0.000000
0.857861 0.000388 0.000000
0.890228 0.000354 0.000000
0.922595 0.000321 0.000000
0.954962 0.000288 0.000000
0.987329 0.000254 0.000000
1.000000 0.000221 0.000000
1.000000 0.000188 0.000000
0.020072 0.032393 0.000000
0.052439 0.032359 0.000000
0.084806 0.032326 0.000000
0.117174 0.032293 0.000000
0.149541 0.032259 0.000000
0.181908 0.032226 0.000000
0.214275 0.032193 0.000000
0.246642 0.032159 0.000000
0.279010 0.032126 0.000000
0.311377 0.032093 0.000000
0.343744 0.032059 0.000000
0.376111 0.032026 0.000000
0.408478 0.031993 0.000000
0.440846 0.031959 0.000000
0.473213 0.031926 0.000000
0.505580 0.031892 0.000000
0.537947 0.031859 0.000000
0.570314 0.031826 0.000000
0.602681 0.031792 0.000000
0.635049 0.031759 0.000000
0.667416 0.031726 0.000000
0.699783 0.031692 0.000000
0.732150 0.031659 0.000000
0.764517 0.031626 0.000000
0.796885 0.031592 0.000000
0.829252 0.031559 0.000000
0.861619 0.031526 0.000000
0.893986 0.031492 0.000000
0.926353 0.031459 0.000000
0.958721 0.031426 0.000000
0.991088 0.031392 0.000000
1.000000 0.031359 0.000000
1.000000 0.031326 0.000000
0.023830 0.063531 0.000000
0.056198 0.063497 0.000000
0.088565 0.063464 0.000000
0.120932 0.063430 0.000000
0.153299 0.063397 0.000000
0.185666 0.063364 0.000000
0.218033 0.063330 0.000000
0.250401 0.063297 0.000000
0.282768 0.063264 0.000000
0.315135 0.063230 0.000000
0.347502 0.063197 0.000000
0.379869 0.063164 0.000000
0.412237 0.063130 0.000000
0.444604 0.063097 0.000000
0.476971 0.063064 0.000000
0.509338 0.063030 0.000000
0.541705 0.062997 0.000000
0.574073 0.062964 0.000000
0.606440 0.062930 0.000000
0.638807 0.062897 0.000000
0.671174 0.062864 0.000000
0.703541 0.062830 0.000000
0.735909 0.062797 0.000000
0.768276 0.062763 0.000000
0.800643 0.062730 0.000000
0.833010 0.062697 0.000000
0.865377 0.062663 0.000000
0.897745 0.062630 0.000000
0.930112 0.062597 0.000000
0.962479 0.062563 0.000000
0.994846 0.062530 0.000000
1.000000 0.062497 0.000000
1.000000 0.062463 0.000000
0.027589 0.094668 0.000000
0.059956 0.094635 0.000000
0.092323 0.094602 0.000000
0.124690 0.094568 0.000000
0.157057 0.094535 0.000000
0.189425 0.094502 0.000000
0.221792 0.094468 0.000000
0.254159 0.094435 0.000000
0.286526 0.094402 0.000000
0.318893 0.094368 0.000000
0.351261 0.094335 0.000000
0.383628 0.094301 0.000000
0.415995 0.094268 0.000000
0.448362 0.094235 0.000000
0.480729 0.094201 0.000000
0.513097 0.094168 0.000000
0.545464 0.094135 0.000000
0.577831 0.094101 0.000000
0.610198 0.094068 0.000000
0.642565 0.094035 0.000000
0.674932 0.094001 0.000000
0.707300 0.093968 0.000000
0.739667 0.093935 0.000000
0.772034 0.093901 0.000000
0.804401 0.093868 0.000000
0.836768 0.093835 0.000000
0.869136 0.093801 0.000000
0.901503 0.093768 0.000000
0.933870 0.093735 0.000000
0.966237 0.093701 0.000000
0.998604 0.093668 0.000000
1.000000 0.093635 0.000000
1.000000 0.093601 0.000000
0.031347 0.125806 0.000000
0.063714 0.125773 0.000000
0.096081 0.125739 0.000000
0.128449 0.125706 0.000000
0.160816 0.125673 0.000000
0.193183 0.125639 0.000000
0.225550 0.125606 0.000000
0.257917 0.125573 0.000000
0.290284 0.125539 0.000000
0.322652 0.125506 0.000000
0.355019 0.125473 0.000000
0.387386 0.125439 0.000000
0.419753 0.125406 0.000000
0.452120 0.125373 0.000000
0.484488 0.125339 0.000000
0.516855 0.125306 0.000000
0.549222 0.125273 0.000000
0.581589 0.125239 0.000000
0.613956 0.125206 0.000000
0.646324 0.125173 0.000000
0.678691 0.125139 0.000000
0.711058 0.125106 0.000000
0.743425 0.125072 0.000000
0.775792 0.125039 0.000000
0.808160 0.125006 0.000000
0.840527 0.124972 0.000000
0.872894 0.124939 0.000000
0.905261 0.124906 0.000000
0.937628 0.124872 0.000000
0.969996 0.124839 0.000000
1.000000 0.124806 0.000000
1.000000 0.124772 0.000000
1.000000 0.124739 0.000000
0.035105 0.156944 0.000000
0.067472 0.156911 0.000000
0.099840 0.156877 0.000000
0.132207 0.156844 0.000000
0.164574 0.156811 0.000000
0.196941 0.156777 0.000000
0.229308 0.156744 0.000000
0.261676 0.156711 0.000000
0.294043 0.156677 0.000000
0.326410 0.156644 0.000000
0.358777 0.156610 0.000000
0.391144 0.156577 0.000000
0.423512 0.156544 0.000000
0.455879 0.156510 0.000000
0.488246 0.156477 0.000000
0.520613 0.156444 0.000000
0.552980 0.156410 0.000000
0.585348 0.156377 0.000000
0.617715 0.156344 0.000000
0.650082 0.156310 0.000000
0.682449 0.156277 0.000000
0.714816 0.156244 0.000000
0.747183 0.156210 0.000000
0.779551 0.156177 0.000000
0.811918 0.156144 0.000000
0.844285 0.156110 0.000000
0.876652 0.156077 0.000000
0.909019 0.156044 0.000000
0.941387 0.156010 0.000000
0.973754 0.155977 0.000000
1.000000 0.155943 0.000000
1.000000 0.155910 0.000000
1.000000 0.155877 0.000000
0.038864 0.188082 0.000000
0.071231 0.188048 0.000000
0.103598 0.188015 0.000000
0.135965 0.187982 0.000000
0.168332 0.187948 0.000000
0.200700 0.187915 0.000000
0.233067 0.187882 0.000000
0.265434 0.187848 0.000000
0.297801 0.187815 0.000000
0.330168 0.187782 0.000000
0.362535 0.187748 0.000000
0.394903 0.187715 0.000000
0.427270 0.187682 0.000000
0.459637 0.187648 0.000000
0.492004 0.187615 0.000000
0.524371 0.187582 0.000000
0.556739 0.187548 0.000000
0.589106 0.187515 0.000000
0.621473 0.187481 0.000000
0.653840 0.187448 0.000000
0.686207 0.187415 0.000000
0.718575 0.187381 0.000000
0.750942 0.187348 0.000000
0.783309 0.187315 0.000000
0.815676 0.187281 0.000000
0.848043 0.187248 0.000000
0.880411 0.187215 0.000000
0.912778 0.187181 0.000000
0.945145 0.187148 0.000000
0.977512 0.187115 0.000000
1.000000 0.187081 0.000000
1.000000 0.187048 0.000000
1.000000 0.187015 0.000000
0.042622 0.219220 0.000000
0.074989 0.219186 0.000000
0.107356 0.219153 0.000000
0.139723 0.219120 0.000000
0.172091 0.219086 0.000000
0.204458 0.219053 0.000000
0.236825 0.219019 0.000000
0.269192 0.218986 0.000000
0.301559 0.218953 0.000000
0.333927 0.218919 0.000000
0.366294 0.218886 0.000000
0.398661 0.218853 0.000000
0.431028 0.218819 0.000000
0.463395 0.218786 0.000000
0.495763 0.218753 0.000000
0.528130 0.218719 0.000000
0.560497 0.218686 0.000000
0.592864 0.218653 0.000000
0.625231 0.218619 0.000000
0.657599 0.218586 0.000000
0.689966 0.218553 0.000000
0.722333 0.218519 0.000000
0.754700 0.218486 0.000000
0.787067 0.218453 0.000000
0.819434 0.218419 0.000000
0.851802 0.218386 0.000000
0.884169 0.218353 0.000000
0.916536 0.218319 0.000000
0.948903 0.218286 0.000000
0.981270 0.218252 0.000000
1.000000 0.218219 0.000000
1.000000 0.218186 0.000000
1.000000 0.218152 0.000000
0.046380 0.250357 0.000000
0.078747 0.250324 0.000000
0.111115 0.250291 0.000000
0.143482 0.250257 0.000000
0.175849 0.250224 0.000000
0.208216 0.250191 0.000000
0.240583 0.250157 0.000000
0.272951 0.250124 0.000000
0.305318 0.250091 0.000000
0.337685 0.250057 0.000000
0.370052 0.250024 0.000000
0.402419 0.249991 0.000000
0.434786 0.249957 0.000000
0.467154 0.249924 0.000000
0.499521 0.249891 0.000000
0.531888 0.249857 0.000000
0.564255 0.249824 0.000000
0.596622 0.249790 0.000000
0.628990 0.249757 0.000000
0.661357 0.249724 0.000000
0.693724 0.249690 0.000000
0.726091 0.249657 0.000000
0.758458 0.249624 0.000000
0.790826 0.249590 0.000000
0.823193 0.249557 0.000000
0.855560 0.249524 0.000000
0.887927 0.249490 0.000000
0.920294 0.249457 0.000000
0.952662 0.249424 0.000000
0.985029 0.249390 0.000000
1.000000 0.249357 0.000000
1.000000 0.249324 0.000000
1.000000 0.249290 0.000000
0.050138 0.281495 0.000000
0.082506 0.281462 0.000000
0.114873 0.281429 0.000000
0.147240 0.281395 0.000000
0.179607 0.281362 0.000000
0.211974 0.281328 0.000000
0.244342 0.281295 0.000000
0.276709 0.281262 0.000000
0.309076 0.281228 0.000000
0.341443 0.281195 0.000000
0.373810 0.281162 0.000000
0.406178 0.281128 0.000000
0.438545 0.281095 0.000000
0.470912 0.281062 0.000000
0.503279 0.281028 0.000000
0.535646 0.280995 0.000000
0.568014 0.280962 0.000000
0.600381 0.280928 0.000000
0.632748 0.280895 0.000000
0.665115 0.280862 0.000000
0.697482 0.280828 0.000000
0.729850 0.280795 0.000000
0.762217 0.280762 0.000000
0.794584 0.280728 0.000000
0.826951 0.280695 0.000000
0.859318 0.280661 0.000000
0.891685 0.280628 0.000000
0.924053 0.280595 0.000000
0.956420 0.280561 0.000000
0.988787 0.280528 0.000000
1.000000 0.280495 0.000000
1.000000 0.280461 0.000000
1.000000 0.280428 0.000000
0.053897 0.312633 0.000000
0.086264 0.312600 0.000000
0.118631 0.312566 0.000000
0.150998 0.312533 0.000000
0.183366 0.312500 0.000000
0.215733 0.312466 0.000000
0.248100 0.312433 0.000000
0.280467 0.312400 0.000000
0.312834 0.312366 0.000000
0.345202 0.312333 0.000000
0.377569 0.312300 0.000000
0.409936 0.312266 0.000000
0.442303 0.312233 0.000000
0.474670 0.312199 0.000000
0.507037 0.312166 0.000000
0.539405 0.312133 0.000000
0.571772 0.312099 0.000000
0.604139 0.312066 0.000000
0.636506 0.312033 0.000000
0.668873 0.311999 0.000000
0.701241 0.311966 0.000000
0.733608 0.311933 0.000000
0.765975 0.311899 0.000000
0.798342 0.311866 0.000000
0.830709 0.311833 0.000000
0.863077 0.311799 0.000000
0.895444 0.311766 0.000000
0.927811 0.311733 0.000000
0.960178 0.311699 0.000000
0.992545 0.311666 0.000000
1.000000 0.311633 0.000000
1.000000 0.311599 0.000000
1.000000 0.311566 0.000000
0.057655 0.343771 0.000000
0.090022 0.343737 0.000000
0.122389 0.343704 0.000000
0.154757 0.343671 0.000000
0.187124 0.343637 0.000000
0.219491 0.343604 0.000000
0.251858 0.343571 0.000000
0.284225 0.343537 0.000000
0.316593 0.343504 0.000000
0.348960 0.343471 0.000000
0.381327 0.343437 0.000000
0.413694 0.343404 0.000000
0.446061 0.343371 0.000000
0.478429 0.343337 0.000000
0.510796 0.343304 0.000000
0.543163 0.343271 0.000000
0.575530 0.343237 0.000000
0.607897 0.343204 0.000000
0.640265 0.343171 0.000000
0.672632 0.343137 0.000000
0.704999 0.343104 0.000000
0.737366 0.343071 0.000000
0.769733 0.343037 0.000000
0.802101 0.343004 0.000000
0.834468 0.342970 0.000000
0.866835 0.342937 0.000000
0.899202 0.342904 0.000000
0.931569 0.342870 0.000000
0.963936 0.342837 0.000000
0.996304 0.342804 0.000000
1.000000 0.342770 0.000000
1.000000 0.342737 0.000000
1.000000 0.342704 0.000000
0.061413 0.374909 0.000000
0.093781 0.374875 0.000000
0.126148 0.374842 0.000000
0.158515 0.374809 0.000000
0.190882 0.374775 0.000000
0.223249 0.374742 0.000000
0.255617 0.374709 0.000000
0.287984 0.374675 0.000000
0.320351 0.374642 0.000000
0.352718 0.374609 0.000000
0.385085 0.374575 0.000000
0.417453 0.374542 0.000000
0.449820 0.374508 0.000000
0.482187 0.374475 0.000000
0.514554 0.374442 0.000000
0.546921 0.374408 0.000000
0.579288 0.374375 0.000000
0.611656 0.374342 0.000000
0.644023 0.374308 0.000000
0.676390 0.374275 0.000000
0.708757 0.374242 0.000000
0.741124 0.374208 0.000000
0.773492 0.374175 0.000000
0.805859 0.374142 0.000000
0.838226 0.374108 0.000000
0.870593 0.374075 0.000000
0.902960 0.374042 0.000000
0.935328 0.374008 0.000000
0.967695 0.373975 0.000000
1.000000 0.373942 0.000000
1.000000 0.373908 0.000000
1.000000 0.373875 0.000000
1.000000 0.373841 0.000000
0.065172 0.406046 0.000000
0.097539 0.406013 0.000000
0.129906 0.405980 0.000000
0.162273 0.405946 0.000000
0.194640 0.405913 0.000000
0.227008 0.405880 0.000000
0.259375 0.405846 0.000000
0.291742 0.405813 0.000000
0.324109 0.405780 0.000000
0.356476 0.405746 0.000000
0.388844 0.405713 0.000000
0.421211 0.405680 0.000000
0.453578 0.405646 0.000000
0.485945 0.405613 0.000000
0.518312 0.405580 0.000000
0.550680 0.405546 0.000000
0.583047 0.405513 0.000000
0.615414 0.405480 0.000000
0.647781 0.405446 0.000000
0.680148 0.405413 0.000000
0.712516 0.405379 0.000000
0.744883 0.405346 0.000000
0.777250 0.405313 0.000000
0.809617 0.405279 0.000000
0.841984 0.405246 0.000000
0.874352 0.405213 0.000000
0.906719 0.405179 0.000000
0.939086 0.405146 0.000000
0.971453 0.405113 0.000000
1.000000 0.405079 0.000000
1.000000 0.405046 0.000000
1.000000 0.405013 0.000000
1.000000 0.404845 0.000000
0.068930 0.437184 0.000000
0.101297 0.437151 0.000000
0.133664 0.437118 0.000000
0.166032 0.437084 0.000000
0.198399 0.437051 0.000000
0.230766 0.437018 0.000000
0.263133 0.436984 0.000000
0.295500 0.436951 0.000000
0.327868 0.436917 0.000000
0.360235 0.436884 0.000000
0.392602 0.436851 0.000000
0.424969 0.436817 0.000000
0.457336 0.436784 0.000000
0.489704 0.436751 0.000000
0.522071 0.436717 0.000000
0.554438 0.436684 0.000000
0.586805 0.436651 0.000000
0.619172 0.436617 0.000000
0.651539 0.436584 0.000000
0.683907 0.436551 0.000000
0.716274 0.436517 0.000000
0.748641 0.436484 0.000000
0.781008 0.436451 0.000000
0.813375 0.436417 0.000000
0.845743 0.436384 0.000000
0.878110 0.436351 0.000000
0.910477 0.436317 0.000000
0.942844 0.436284 0.000000
0.975211 0.436250 0.000000
1.000000 0.435980 0.000000
1.000000 0.435663 0.000000
1.000000 0.435346 0.000000
1.000000 0.435029 0.000000
0.072688 0.468322 0.000000
0.105056 0.468289 0.000000
0.137423 0.468255 0.000000
0.169790 0.468222 0.000000
0.202157 0.468189 0.000000
0.234524 0.468155 0.000000
0.266891 0.468122 0.000000
0.299259 0.468089 0.000000
0.331626 0.468055 0.000000
0.363993 0.468022 0.000000
0.396360 0.467989 0.000000
0.428727 0.467955 0.000000
0.461095 0.467922 0.000000
0.493462 0.467889 0.000000
0.525829 0.467855 0.000000
0.558196 0.467822 0.000000
0.590563 0.467788 0.000000
0.622931 0.467755 0.000000
0.655298 0.467722 0.000000
0.687665 0.467688 0.000000
0.720032 0.467655 0.000000
0.752399 0.467622 0.000000
0.784767 0.467588 0.000000
0.817134 0.467555 0.000000
0.849501 0.467522 0.000000
0.881345 0.467431 0.000000
0.911128 0.467114 0.000000
0.940911 0.466797 0.000000
0.970693 0.466481 0.000000
1.000000 0.466164 0.000000
1.000000 0.465847 0.000000
1.000000 0.465530 0.000000
1.000000 0.465213 0.000000
0.076447 0.499460 0.000000
0.108814 0.499427 0.000000
0.141181 0.499393 0.000000
0.173548 0.499360 0.000000
0.205915 0.499326 0.000000
0.238283 0.499293 0.000000
0.270650 0.499260 0.000000
0.303017 0.499226 0.000000
0.335384 0.499193 0.000000
0.367751 0.499160 0.000000
0.400119 0.499126 0.000000
0.432486 0.499093 0.000000
0.464853 0.499060 0.000000
0.497220 0.499026 0.000000
0.529587 0.498993 0.000000
0.561955 0.498960 0.000000
0.594322 0.498926 0.000000
0.626689 0.498893 0.000000
0.659056 0.498860 0.000000
0.691423 0.498826 0.000000
0.723790 0.498793 0.000000
0.756158 0.498760 0.000000
0.787061 0.498566 0.000000
0.816844 0.498249 0.000000
0.846626 0.497932 0.000000
0.876409 0.497615 0.000000
0.906192 0.497298 0.000000
0.935974 0.496982 0.000000
0.965757 0.496665 0.000000
0.995540 0.496348 0.000000
1.000000 0.496031 0.000000
1.000000 0.495714 0.000000
1.000000 0.495398 0.000000
0.080205 0.530598 0.000000
0.112572 0.530564 0.000000
0.144939 0.530531 0.000000
0.177307 0.530498 0.000000
0.209674 0.530464 0.000000
0.242041 0.530431 0.000000
0.274408 0.530398 0.000000
0.306775 0.530364 0.000000
0.339142 0.530331 0.000000
0.371510 0.530298 0.000000
0.403877 0.530264 0.000000
0.436244 0.530231 0.000000
0.468611 0.530198 0.000000
0.500978 0.530164 0.000000
0.533346 0.530131 0.000000
0.565713 0.530097 0.000000
0.598080 0.530064 0.000000
0.630447 0.530031 0.000000
0.662814 0.529997 0.000000
0.692777 0.529700 0.000000
0.722560 0.529384 0.000000
0.752342 0.529067 0.000000
0.782125 0.528750 0.000000
0.811908 0.528433 0.000000
0.841690 0.528116 0.000000
0.871473 0.527799 0.000000
0.901255 0.527483 0.000000
0.931038 0.527166 0.000000
0.960821 0.526849 0.000000
0.990603 0.526532 0.000000
1.000000 0.526215 0.000000
1.000000 0.525899 0.000000
1.000000 0.525582 0.000000
0.083963 0.561736 0.000000
0.116330 0.561702 0.000000
0.148698 0.561669 0.000000
0.181065 0.561635 0.000000
0.213432 0.561602 0.000000
0.245799 0.561569 0.000000
0.278166 0.561535 0.000000
0.310534 0.561502 0.000000
0.342901 0.561469 0.000000
0.375268 0.561435 0.000000
0.407635 0.561402 0.000000
0.440002 0.561369 0.000000
0.472370 0.561335 0.000000
0.504737 0.561302 0.000000
0.537104 0.561269 0.000000
0.568710 0.561152 0.000000
0.598493 0.560835 0.000000
0.628275 0.560518 0.000000
0.658058 0.560201 0.000000
0.687841 0.559885 0.000000
0.717623 0.559568 0.000000
0.747406 0.559251 0.000000
0.777189 0.558934 0.000000
0.806971 0.558617 0.000000
0.836754 0.558300 0.000000
0.866537 0.557984 0.000000
0.896319 0.557667 0.000000
0.926102 0.557350 0.000000
0.955884 0.557033 0.000000
0.985667 0.556716 0.000000
1.000000 0.556400 0.000000
1.000000 0.556083 0.000000
1.000000 0.555766 0.000000
0.087722 0.592873 0.000000
0.120089 0.592840 0.000000
0.152456 0.592807 0.000000
0.184823 0.592773 0.000000
0.217190 0.592740 0.000000
0.249557 0.592707 0.000000
0.281925 0.592673 0.000000
0.314292 0.592640 0.000000
0.346659 0.592607 0.000000
0.379026 0.592573 0.000000
0.411393 0.592540 0.000000
0.443761 0.592506 0.000000
0.474426 0.592286 0.000000
0.504209 0.591970 0.000000
0.533991 0.591653 0.000000
0.563774 0.591336 0.000000
0.593556 0.591019 0.000000
0.623339 0.590702 0.000000
0.653122 0.590386 0.000000
0.682904 0.590069 0.000000
0.712687 0.589752 0.000000
0.742470 0.589435 0.000000
0.772252 0.589118 0.000000
0.802035 0.588801 0.000000
0.831818 0.588485 0.000000
0.861600 0.588168 0.000000
0.891383 0.587851 0.000000
0.921166 0.587534 0.000000
0.950948 0.587217 0.000000
0.980731 0.586901 0.000000
1.000000 0.586584 0.000000
1.000000 0.586267 0.000000
1.000000 0.585950 0.000000
0.091480 0.624011 0.000000
0.123847 0.623978 0.000000
0.156214 0.623944 0.000000
0.188581 0.623911 0.000000
0.220949 0.623878 0.000000
0.253316 0.623844 0.000000
0.285683 0.623811 0.000000
0.318050 0.623778 0.000000
0.350359 0.623738 0.000000
0.380142 0.623421 0.000000
0.409924 0.623104 0.000000
0.439707 0.622787 0.000000
0.469490 0.622471 0.000000
0.499272 0.622154 0.000000
0.529055 0.621837 0.000000
0.558838 0.621520 0.000000
0.588620 0.621203 0.000000
0.618403 0.620887 0.000000
0.648185 0.620570 0.000000
0.677968 0.620253 0.000000
0.707751 0.619936 0.000000
0.737533 0.619619 0.000000
0.767316 0.619303 0.000000
0.797099 0.618986 0.000000
0.826881 0.618669 0.000000
0.856664 0.618352 0.000000
0.886447 0.618035 0.000000
0.916229 0.617718 0.000000
0.946012 0.617402 0.000000
0.975795 0.617085 0.000000
1.000000 0.616768 0.000000
1.000000 0.616451 0.000000
1.000000 0.616134 0.000000
0.095238 0.655149 0.000000
0.127605 0.655116 0.000000
0.159973 0.655082 0.000000
0.192340 0.655049 0.000000
0.224707 0.655016 0.000000
0.256075 0.654873 0.000000
0.285857 0.654556 0.000000
0.315640 0.654239 0.000000
0.345423 0.653922 0.000000
0.375205 0.653605 0.000000
0.404988 0.653289 0.000000
0.434771 0.652972 0.000000
0.464553 0.652655 0.000000
0.494336 0.652338 0.000000
0.524119 0.652021 0.000000
0.553901 0.651704 0.000000
0.583684 0.651388 0.000000
0.613467 0.651071 0.000000
0.643249 0.650754 0.000000
0.673032 0.650437 0.000000
0.702814 0.650120 0.000000
0.732597 0.649804 0.000000
0.762380 0.649487 0.000000
0.792162 0.649170 0.000000
0.821945 0.648853 0.000000
0.851728 0.648536 0.000000
0.881510 0.648219 0.000000
0.911293 0.647903 0.000000
0.941076 0.647586 0.000000
0.970858 0.647269 0.000000
1.000000 0.646952 0.000000
1.000000 0.646635 0.000000
1.000000 0.646319 0.000000
0.098996 0.686287 0.000000
0.131364 0.686253 0.000000
0.161791 0.686007 0.000000
0.191573 0.685690 0.000000
0.221356 0.685374 0.000000
0.251139 0.685057 0.000000
0.280921 0.684740 0.000000
0.310704 0.684423 0.000000
0.340486 0.684106 0.000000
0.370269 0.683790 0.000000
0.400052 0.683473 0.000000
0.429834 0.683156 0.000000
0.459617 0.682839 0.000000
0.489400 0.682522 0.000000
0.519182 0.682205 0.000000
0.548965 0.681889 0.000000
0.578748 0.681572 0.000000
0.608530 0.681255 0.000000
0.638313 0.680938 0.000000
0.668096 0.680621 0.000000
0.697878 0.680305 0.000000
0.727661 0.679988 0.000000
0.757443 0.679671 0.000000
0.787226 0.679354 0.000000
0.817009 0.679037 0.000000
0.846791 0.678721 0.000000
0.876574 0.678404 0.000000
0.906357 0.678087 0.000000
0.936139 0.677770 0.000000
0.965922 0.677453 0.000000
0.995705 0.677136 0.000000
1.000000 0.676820 0.000000
1.000000 0.676503 0.000000
0.097289 0.716825 0.000000
0.127072 0.716508 0.000000
0.156854 0.716191 0.000000
0.186637 0.715875 0.000000
0.216420 0.715558 0.000000
0.246202 0.715241 0.000000
0.275985 0.714924 0.000000
0.305768 0.714607 0.000000
0.335550 0.714291 0.000000
0.365333 0.713974 0.000000
0.395115 0.713657 0.000000
0.424898 0.713340 0.000000
0.454681 0.713023 0.000000
0.484463 0.712707 0.000000
0.514246 0.712390 0.000000
0.544029 0.712073 0.000000
0.573811 0.711756 0.000000
0.603594 0.711439 0.000000
0.633377 0.711122 0.000000
0.663159 0.710806 0.000000
0.692942 0.710489 0.000000
0.722725 0.710172 0.000000
0.752507 0.709855 0.000000
0.782290 0.709538 0.000000
0.812072 0.709222 0.000000
0.841855 0.708905 0.000000
0.871638 0.708588 0.000000
0.901420 0.708271 0.000000
0.931203 0.707954 0.000000
0.960986 0.707637 0.000000
0.990768 0.707321 0.000000
1.000000 0.707004 0.000000
1.000000 0.706687 0.000000
0.092353 0.747009 0.000000
0.122135 0.746693 0.000000
0.151918 0.746376 0.000000
0.181701 0.746059 0.000000
0.211483 0.745742 0.000000
0.241266 0.745425 0.000000
0.271049 0.745108 0.000000
0.300831 0.744792 0.000000
0.330614 0.744475 0.000000
0.360397 0.744158 0.000000
0.390179 0.743841 0.000000
0.419962 0.743524 0.000000
0.449744 0.743208 0.000000
0.479527 0.742891 0.000000
0.509310 0.742574 0.000000
0.539092 0.742257 0.000000
0.568875 0.741940 0.000000
0.598658 0.741623 0.000000
0.628440 0.741307 0.000000
0.658223 0.740990 0.000000
0.688006 0.740673 0.000000
0.717788 0.740356 0.000000
0.747571 0.740039 0.000000
0.777354 0.739723 0.000000
0.807136 0.739406 0.000000
0.836919 0.739089 0.000000
0.866701 0.738772 0.000000
0.896484 0.738455 0.000000
0.926267 0.738138 0.000000
0.956049 0.737822 0.000000
0.985832 0.737505 0.000000
1.000000 0.737188 0.000000
1.000000 0.736871 0.000000
0.087416 0.777194 0.000000
0.117199 0.776877 0.000000
0.146982 0.776560 0.000000
0.176764 0.776243 0.000000
0.206547 0.775926 0.000000
0.236330 0.775609 0.000000
0.266112 0.775293 0.000000
0.295895 0.774976 0.000000
0.325678 0.774659 0.000000
0.355460 0.774342 0.000000
0.385243 0.774025 0.000000
0.415026 0.773709 0.000000
0.444808 0.773392 0.000000
0.474591 0.773075 0.000000
0.504373 0.772758 0.000000
0.534156 0.772441 0.000000
0.563939 0.772124 0.000000
0.593721 0.771808 0.000000
0.623504 0.771491 0.000000
0.653287 0.771174 0.000000
0.683069 0.770857 0.000000
0.712852 0.770540 0.000000
0.742635 0.770224 0.000000
0.772417 0.769907 0.000000
0.802200 0.769590 0.000000
0.831983 0.769273 0.000000
0.861765 0.768956 0.000000
0.891548 0.768640 0.000000
0.921330 0.768323 0.000000
0.951113 0.768006 0.000000
0.980896 0.767689 0.000000
1.000000 0.767372 0.000000
1.000000 0.767055 0.000000
0.082480 0.807378 0.000000
0.112263 0.807061 0.000000
0.142045 0.806744 0.000000
0.171828 0.806427 0.000000
0.201611 0.806110 0.000000
0.231393 0.805794 0.000000
0.261176 0.805477 0.000000
0.290959 0.805160 0.000000
0.320741 0.804843 0.000000
0.350524 0.804526 0.000000
0.380307 0.804210 0.000000
0.410089 0.803893 0.000000
0.439872 0.803576 0.000000
0.469655 0.803259 0.000000
0.499437 0.802942 0.000000
0.529220 0.802626 0.000000
0.559002 0.802309 0.000000
0.588785 0.801992 0.000000
0.618568 0.801675 0.000000
0.648350 0.801358 0.000000
0.678133 0.801041 0.000000
0.707916 0.800725 0.000000
0.737698 0.800408 0.000000
0.767481 0.800091 0.000000
0.797264 0.799774 0.000000
0.827046 0.799457 0.000000
0.856829 0.799141 0.000000
0.886612 0.798824 0.000000
0.916394 0.798507 0.000000
0.946177 0.798190 0.000000
0.975959 0.797873 0.000000
1.000000 0.797556 0.000000
1.000000 0.797240 0.000000
0.077544 0.837562 0.000000
0.107327 0.837245 0.000000
0.137109 0.836928 0.000000
0.166892 0.836612 0.000000
0.196674 0.836295 0.000000
0.226457 0.835978 0.000000
0.256240 0.835661 0.000000
0.286022 0.835344 0.000000
0.315805 0.835027 0.000000
0.345588 0.834711 0.000000
0.375370 0.834394 0.000000
0.405153 0.834077 0.000000
0.434936 0.833760 0.000000
0.464718 0.833443 0.000000
0.494501 0.833127 0.000000
0.524284 0.832810 0.000000
0.554066 0.832493 0.000000
0.583849 0.832176 0.000000
0.613631 0.831859 0.000000
0.643414 0.831542 0.000000
0.673197 0.831226 0.000000
0.702979 0.830909 0.000000
0.732762 0.830592 0.000000
0.762545 0.830275 0.000000
0.792327 0.829958 0.000000
0.822110 0.829642 0.000000
0.851893 0.829325 0.000000
0.881675 0.829008 0.000000
0.911458 0.828691 0.000000
0.941241 0.828374 0.000000
0.971023 0.828057 0.000000
1.000000 0.827741 0.000000
1.000000 0.827424 0.000000
0.072608 0.867746 0.000000
0.102390 0.867429 0.000000
0.132173 0.867113 0.000000
0.161956 0.866796 0.000000
0.191738 0.866479 0.000000
0.221521 0.866162 0.000000
0.251303 0.865845 0.000000
0.281086 0.865528 0.000000
0.310869 0.865212 0.000000
0.340651 0.864895 0.000000
0.370434 0.864578 0.000000
0.400217 0.864261 0.000000
0.429999 0.863944 0.000000
0.459782 0.863628 0.000000
0.489565 0.863311 0.000000
0.519347 0.862994 0.000000
0.549130 0.862677 0.000000
0.578913 0.862360 0.000000
0.608695 0.862043 0.000000
0.638478 0.861727 0.000000
0.668260 0.861410 0.000000
0.698043 0.861093 0.000000
0.727826 0.860776 0.000000
0.757608 0.860459 0.000000
0.787391 0.860143 0.000000
0.817174 0.859826 0.000000
0.846956 0.859509 0.000000
0.876739 0.859192 0.000000
0.906522 0.858875 0.000000
0.936304 0.858559 0.000000
0.966087 0.858242 0.000000
0.995870 0.857925 0.000000
1.000000 0.857608 0.000000
0.067671 0.897930 0.000000
0.097454 0.897614 0.000000
0.127237 0.897297 0.000000
0.157019 0.896980 0.000000
0.186802 0.896663 0.000000
0.216585 0.896346 0.000000
0.246367 0.896029 0.000000
0.276150 0.895713 0.000000
0.305932 0.895396 0.000000
0.335715 0.895079 0.000000
0.365498 0.894762 0.000000
0.395280 0.894445 0.000000
0.425063 0.894129 0.000000
0.454846 0.893812 0.000000
0.484628 0.893495 0.000000
0.514411 0.893178 0.000000
0.544194 0.892861 0.000000
0.573976 0.892545 0.000000
0.603759 0.892228 0.000000
0.633542 0.891911 0.000000
0.663324 0.891594 0.000000
0.693107 0.891277 0.000000
0.722889 0.890960 0.000000
0.752672 0.890644 0.000000
0.782455 0.890327 0.000000
0.812237 0.890010 0.000000
0.842020 0.889693 0.000000
0.871803 0.889376 0.000000
0.901585 0.889060 0.000000
0.931368 0.888743 0.000000
0.961151 0.888426 0.000000
0.990933 0.888109 0.000000
1.000000 0.887792 0.000000
0.062735 0.928115 0.000000
0.092518 0.927798 0.000000
0.122300 0.927481 0.000000
0.152083 0.927164 0.000000
0.181866 0.926847 0.000000
0.211648 0.926531 0.000000
0.241431 0.926214 0.000000
0.271214 0.925897 0.000000
0.300996 0.925580 0.000000
0.330779 0.925263 0.000000
0.360561 0.924946 0.000000
0.390344 0.924630 0.000000
0.420127 0.924313 0.000000
0.449909 0.923996 0.000000
0.479692 0.923679 0.000000
0.509475 0.923362 0.000000
0.539257 0.923046 0.000000
0.569040 0.922729 0.000000
0.598823 0.922412 0.000000
0.628605 0.922095 0.000000
0.658388 0.921778 0.000000
0.688171 0.921461 0.000000
0.717953 0.921145 0.000000
0.747736 0.920828 0.000000
0.777518 0.920511 0.000000
0.807301 0.920194 0.000000
0.837084 0.919877 0.000000
0.866866 0.919561 0.000000
0.896649 0.919244 0.000000
0.926432 0.918927 0.000000
0.956214 0.918610 0.000176
0.985997 0.918293 0.001960
1.000000 0.917976 0.003744
0.057799 0.958299 0.000000
0.087581 0.957982 0.000000
0.117364 0.957665 0.000000
0.147147 0.957348 0.000000
0.176929 0.957032 0.000000
0.206712 0.956715 0.000000
0.236495 0.956398 0.000000
0.266277 0.956081 0.000000
0.296060 0.955764 0.000000
0.325843 0.955447 0.000000
0.355625 0.955131 0.000000
0.385408 0.954814 0.000000
0.415190 0.954497 0.000000
0.444973 0.954180 0.000000
0.474756 0.953863 0.000000
0.504538 0.953547 0.000000
0.534321 0.953230 0.000000
0.564104 0.952913 0.000000
0.593886 0.952596 0.000000
0.623669 0.952279 0.000000
0.653452 0.951962 0.000000
0.683234 0.951646 0.000000
0.713017 0.951329 0.000000
0.742800 0.951012 0.000000
0.772582 0.950695 0.000000
0.802365 0.950378 0.000000
0.832147 0.950062 0.000000
0.861930 0.949745 0.000825
0.891713 0.949428 0.002609
0.921495 0.949111 0.004393
0.951278 0.948794 0.006178
0.981061 0.948478 0.007962
1.000000 0.948161 0.009746
0.052862 0.988483 0.000000
0.082645 0.988166 0.000000
0.112428 0.987849 0.000000
0.142210 0.987533 0.000000
0.171993 0.987216 0.000000
0.201776 0.986899 0.000000
0.231558 0.986582 0.000000
0.261341 0.986265 0.000000
0.291124 0.985948 0.000000
0.320906 0.985632 0.000000
0.350689 0.985315 0.000000
0.380472 0.984998 0.000000
0.410254 0.984681 0.000000
0.440037 0.984364 0.000000
0.469819 0.984048 0.000000
0.499602 0.983731 0.000000
0.529385 0.983414 0.000000
0.559167 0.983097 0.000000
0.588950 0.982780 0.000000
0.618733 0.982464 0.000000
0.648515 0.982147 0.000000
0.678298 0.981830 0.000000
0.708081 0.981513 0.000000
0.737863 0.981196 0.000000
0.767646 0.980879 0.001475
0.797429 0.980563 0.003259
0.827211 0.980246 0.005043
0.856994 0.979929 0.006827
0.886777 0.979612 0.008611
0.916559 0.979295 0.010395
0.946342 0.978979 0.012180
0.976124 0.978662 0.013964
1.000000 0.978345 0.015748
0.016693 0.001244 0.013313
0.049060 0.001210 0.012229
0.081428 0.001177 0.011146
0.113795 0.001144 0.010062
0.146162 0.001110 0.008978
0.178529 0.001077 0.007894
0.210896 0.001043 0.006810
0.243263 0.001010 0.005726
0.275631 0.000977 0.004643
0.307998 0.000943 0.003559
0.340365 0.000910 0.002475
0.372732 0.000877 0.001391
0.405099 0.000843 0.000307
0.437467 0.000810 0.000000
0.469834 0.000777 0.000000
0.502201 0.000743 0.000000
0.534568 0.000710 0.000000
0.566935 0.000677 0.000000
0.599303 0.000643 0.000000
0.631670 0.000610 0.000000
0.664037 0.000577 0.000000
0.696404 0.000543 0.000000
0.728771 0.000510 0.000000
0.761139 0.000477 0.000000
0.793506 0.000443 0.000000
0.825873 0.000410 0.000000
0.858240 0.000377 0.000000
0.890607 0.000343 0.000000
0.922975 0.000310 0.000000
0.955342 0.000276 0.000000
0.987709 0.000243 0.000000
1.000000 0.000210 0.000000
1.000000 0.000176 0.000000
0.020451 0.032381 0.009667
0.052819 0.032348 0.008583
0.085186 0.032315 0.007499
0.117553 0.032281 0.006416
0.149920 0.032248 0.005332
0.182287 0.032215 0.004248
0.214655 0.032181 0.003164
0.247022 0.032148 0.002080
0.279389 0.032115 0.000996
0.311756 0.032081 0.000000
0.344123 0.032048 0.000000
0.376491 0.032015 0.000000
0.408858 0.031981 0.000000
0.441225 0.031948 0.000000
0.473592 0.031915 0.000000
0.505959 0.031881 0.000000
0.538327 0.031848 0.000000
0.570694 0.031814 0.000000
0.603061 0.031781 0.000000
0.635428 0.031748 0.000000
0.667795 0.031714 0.000000
0.700162 0.031681 0.000000
0.732530 0.031648 0.000000
0.764897 0.031614 0.000000
0.797264 0.031581 0.000000
0.829631 0.031548 0.000000
0.861998 0.031514 0.000000
0.894366 0.031481 0.000000
0.926733 0.031448 0.000000
0.959100 0.031414 0.000000
0.991467 0.031381 0.000000
1.000000 0.031348 0.000000
1.000000 0.031314 0.000000
0.024210 0.063519 0.006021
0.056577 0.063486 0.004937
0.088944 0.063453 0.003853
0.121311 0.063419 0.002770
0.153679 0.063386 0.001686
0.186046 0.063352 0.000602
0.218413 0.063319 0.000000
0.250780 0.063286 0.000000
0.283147 0.063252 0.000000
0.315514 0.063219 0.000000
0.347882 0.063186 0.000000
0.380249 0.063152 0.000000
0.412616 0.063119 0.000000
0.444983 0.063086 0.000000
0.477350 0.063052 0.000000
0.509718 0.063019 0.000000
0.542085 0.062986 0.000000
0.574452 0.062952 0.000000
0.606819 0.062919 0.000000
0.639186 0.062886 0.000000
0.671554 0.062852 0.000000
0.703921 0.062819 0.000000
0.736288 0.062786 0.000000
0.768655 0.062752 0.000000
0.801022 0.062719 0.000000
0.833390 0.062685 0.000000
0.865757 0.062652 0.000000
0.898124 0.062619 0.000000
0.930491 0.062585 0.000000
0.962858 0.062552 0.000000
0.995226 0.062519 0.000000
1.000000 0.062485 0.000000
1.000000 0.062452 0.000000
0.027968 0.094657 0.002375
0.060335 0.094624 0.001291
0.092702 0.094590 0.000207
0.125070 0.094557 0.000000
0.157437 0.094524 0.000000
0.189804 0.094490 0.000000
0.222171 0.094457 0.000000
0.254538 0.094424 0.000000
0.286906 0.094390 0.000000
0.319273 0.094357 0.000000
0.351640 0.094324 0.000000
0.384007 0.094290 0.000000
0.416374 0.094257 0.000000
0.448742 0.094223 0.000000
0.481109 0.094190 0.000000
0.513476 0.094157 0.000000
0.545843 0.094123 0.000000
0.578210 0.094090 0.000000
0.610578 0.094057 0.000000
0.642945 0.094023 0.000000
0.675312 0.093990 0.000000
0.707679 0.093957 0.000000
0.740046 0.093923 0.000000
0.772413 0.093890 0.000000
0.804781 0.093857 0.000000
0.837148 0.093823 0.000000
0.869515 0.093790 0.000000
0.901882 0.093757 0.000000
0.934249 0.093723 0.000000
0.966617 0.093690 0.000000
0.998984 0.093657 0.000000
1.000000 0.093623 0.000000
1.000000 0.093590 0.000000
0.031726 0.125795 0.000000
0.064094 0.125761 0.000000
0.096461 0.125728 0.000000
0.128828 0.125695 0.000000
0.161195 0.125661 0.000000
0.193562 0.125628 0.000000
0.225930 0.125595 0.000000
0.258297 0.125561 0.000000
0.290664 0.125528 0.000000
0.323031 0.125495 0.000000
0.355398 0.125461 0.000000
0.387765 0.125428 0.000000
0.420133 0.125395 0.000000
0.452500 0.125361 0.000000
0.484867 0.125328 0.000000
0.517234 0.125295 0.000000
0.549601 0.125261 0.000000
0.581969 0.125228 0.000000
0.614336 0.125195 0.000000
0.646703 0.125161 0.000000
0.679070 0.125128 0.000000
0.711437 0.125094 0.000000
0.743805 0.125061 0.000000
0.776172 0.125028 0.000000
0.808539 0.124994 0.000000
0.840906 0.124961 0.000000
0.873273 0.124928 0.000000
0.905641 0.124894 0.000000
0.938008 0.124861 0.000000
0.970375 0.124828 0.000000
1.000000 0.124794 0.000000
1.000000 0.124761 0.000000
1.000000 0.124728 0.000000
0.035485 0.156933 0.000000
0.067852 0.156899 0.000000
0.100219 0.156866 0.000000
0.132586 0.156833 0.000000
0.164953 0.156799 0.000000
0.197321 0.156766 0.000000
0.229688 0.156733 0.000000
0.262055 0.156699 0.000000
0.294422 0.156666 0.000000
0.326789 0.156632 0.000000
0.359157 0.156599 0.000000
0.391524 0.156566 0.000000
0.423891 0.156532 0.000000
0.456258 0.156499 0.000000
0.488625 0.156466 0.000000
0.520993 0.156432 0.000000
0.553360 0.156399 0.000000
0.585727 0.156366 0.000000
0.618094 0.156332 0.000000
0.650461 0.156299 0.000000
0.682829 0.156266 0.000000
0.715196 0.156232 0.000000
0.747563 0.156199 0.000000
0.779930 0.156166 0.000000
0.812297 0.156132 0.000000
0.844664 0.156099 0.000000
0.877032 0.156066 0.000000
0.909399 0.156032 0.000000
0.941766 0.155999 0.000000
0.974133 0.155966 0.000000
1.000000 0.155932 0.000000
1.000000 0.155899 0.000000
1.000000 0.155865 0.000000
0.039243 0.188070 0.000000
0.071610 0.188037 0.000000
0.103977 0.188004 0.000000
0.136345 0.187970 0.000000
0.168712 0.187937 0.000000
0.201079 0.187904 0.000000
0.233446 0.187870 0.000000
0.265813 0.187837 0.000000
0.298181 0.187804 0.000000
0.330548 0.187770 0.000000
0.362915 0.187737 0.000000
0.395282 0.187704 0.000000
0.427649 0.187670 0.000000
0.460016 0.187637 0.000000
0.492384 0.187604 0.000000
0.524751 0.187570 0.000000
0.557118 0.187537 0.000000
0.589485 0.187504 0.000000
0.621852 0.187470 0.000000
0.654220 0.187437 0.000000
0.686587 0.187403 0.000000
0.718954 0.187370 0.000000
0.751321 0.187337 0.000000
0.783688 0.187303 0.000000
0.816056 0.187270 0.000000
0.848423 0.187237 0.000000
0.880790 0.187203 0.000000
0.913157 0.187170 0.000000
0.945524 0.187137 0.000000
0.977892 0.187103 0.000000
1.000000 0.187070 0.000000
1.000000 0.187037 0.000000
1.000000 0.187003 0.000000
0.043001 0.219208 0.000000
0.075368 0.219175 0.000000
0.107736 0.219142 0.000000
0.140103 0.219108 0.000000
0.172470 0.219075 0.000000
0.204837 0.219042 0.000000
0.237204 0.219008 0.000000
0.269572 0.218975 0.000000
0.301939 0.218941 0.000000
0.334306 0.218908 0.000000
0.366673 0.218875 0.000000
0.399040 0.218841 0.000000
0.431408 0.218808 0.000000
0.463775 0.218775 0.000000
0.496142 0.218741 0.000000
0.528509 0.218708 0.000000
0.560876 0.218675 0.000000
0.593244 0.218641 0.000000
0.625611 0.218608 0.000000
0.657978 0.218575 0.000000
0.690345 0.218541 0.000000
0.722712 0.218508 0.000000
0.755079 0.218475 0.000000
0.787447 0.218441 0.000000
0.819814 0.218408 0.000000
0.852181 0.218375 0.000000
0.884548 0.218341 0.000000
0.916915 0.218308 0.000000
0.949283 0.218274 0.000000
0.981650 0.218241 0.000000
1.000000 0.218208 0.000000
1.000000 0.218174 0.000000
1.000000 0.218141 0.000000
0.046760 0.250346 0.000000
0.079127 0.250313 0.000000
0.111494 0.250279 0.000000
0.143861 0.250246 0.000000
0.176228 0.250213 0.000000
0.208596 0.250179 0.000000
0.240963 0.250146 0.000000
0.273330 0.250113 0.000000
0.305697 0.250079 0.000000
0.338064 0.250046 0.000000
0.370431 0.250013 0.000000
0.402799 0.249979 0.000000
0.435166 0.249946 0.000000
0.467533 0.249913 0.000000
0.499900 0.249879 0.000000
0.532267 0.249846 0.000000
0.564635 0.249812 0.000000
0.597002 0.249779 0.000000
0.629369 0.249746 0.000000
0.661736 0.249712 0.000000
0.694103 0.249679 0.000000
0.726471 0.249646 0.000000
0.758838 0.249612 0.000000
0.791205 0.249579 0.000000
0.823572 0.249546 0.000000
0.855939 0.249512 0.000000
0.888307 0.249479 0.000000
0.920674 0.249446 0.000000
0.953041 0.249412 0.000000
0.985408 0.249379 0.000000
1.000000 0.249346 0.000000
1.000000 0.249312 0.000000
1.000000 0.249279 0.000000
0.050518 0.281484 0.000000
0.082885 0.281451 0.000000
0.115252 0.281417 0.000000
0.147619 0.281384 0.000000
0.179987 0.281350 0.000000
0.212354 0.281317 0.000000
0.244721 0.281284 0.000000
0.277088 0.281250 0.000000
0.309455 0.281217 0.000000
0.341823 0.281184 0.000000
0.374190 0.281150 0.000000
0.406557 0.281117 0.000000
0.438924 0.281084 0.000000
0.471291 0.281050 0.000000
0.503659 0.281017 0.000000
0.536026 0.280984 0.000000
0.568393 0.280950 0.000000
0.600760 0.280917 0.000000
0.633127 0.280884 0.000000
0.665495 0.280850 0.000000
0.697862 0.280817 0.000000
0.730229 0.280784 0.000000
0.762596 0.280750 0.000000
0.794963 0.280717 0.000000
0.827330 0.280684 0.000000
0.859698 0.280650 0.000000
0.892065 0.280617 0.000000
0.924432 0.280583 0.000000
0.956799 0.280550 0.000000
0.989166 0.280517 0.000000
1.000000 0.280483 0.000000
1.000000 0.280450 0.000000
1.000000 0.280417 0.000000
0.054276 0.312622 0.000000
0.086643 0.312588 0.000000
0.119011 0.312555 0.000000
0.151378 0.312522 0.000000
0.183745 0.312488 0.000000
0.216112 0.312455 0.000000
0.248479 0.312422 0.000000
0.280847 0.312388 0.000000
0.313214 0.312355 0.000000
0.345581 0.312322 0.000000
0.377948 0.312288 0.000000
0.410315 0.312255 0.000000
0.442682 0.312222 0.000000
0.475050 0.312188 0.000000
0.507417 0.312155 0.000000
0.539784 0.312121 0.000000
0.572151 0.312088 0.000000
0.604518 0.312055 0.000000
0.636886 0.312021 0.000000
0.669253 0.311988 0.000000
0.701620 0.311955 0.000000
0.733987 0.311921 0.000000
0.766354 0.311888 0.000000
0.798722 0.311855 0.000000
0.831089 0.311821 0.000000
0.863456 0.311788 0.000000
0.895823 0.311755 0.000000
0.928190 0.311721 0.000000
0.960558 0.311688 0.000000
0.992925 0.311655 0.000000
1.000000 0.311621 0.000000
1.000000 0.311588 0.000000
1.000000 0.311555 0.000000
0.058034 0.343760 0.000000
0.090402 0.343726 0.000000
0.122769 0.343693 0.000000
0.155136 0.343659 0.000000
0.187503 0.343626 0.000000
0.219870 0.343593 0.000000
0.252238 0.343559 0.000000
0.284605 0.343526 0.000000
0.316972 0.343493 0.000000
0.349339 0.343459 0.000000
0.381706 0.343426 0.000000
0.414074 0.343393 0.000000
0.446441 0.343359 0.000000
0.478808 0.343326 0.000000
0.511175 0.343293 0.000000
0.543542 0.343259 0.000000
0.575910 0.343226 0.000000
0.608277 0.343193 0.000000
0.640644 0.343159 0.000000
0.673011 0.343126 0.000000
0.705378 0.343093 0.000000
0.737746 0.343059 0.000000
0.770113 0.343026 0.000000
0.802480 0.342992 0.000000
0.834847 0.342959 0.000000
0.867214 0.342926 0.000000
0.899581 0.342892 0.000000
0.931949 0.342859 0.000000
0.964316 0.342826 0.000000
0.996683 0.342792 0.000000
1.000000 0.342759 0.000000
1.000000 0.342726 0.000000
1.000000 0.342692 0.000000
0.061793 0.374897 0.000000
0.094160 0.374864 0.000000
0.126527 0.374831 0.000000
0.158894 0.374797 0.000000
0.191262 0.374764 0.000000
0.223629 0.374731 0.000000
0.255996 0.374697 0.000000
0.288363 0.374664 0.000000
0.320730 0.374631 0.000000
0.353098 0.374597 0.000000
0.385465 0.374564 0.000000
0.417832 0.374530 0.000000
0.450199 0.374497 0.000000
0.482566 0.374464 0.000000
0.514933 0.374430 0.000000
0.547301 0.374397 0.000000
0.579668 0.374364 0.000000
0.612035 0.374330 0.000000
0.644402 0.374297 0.000000
0.676769 0.374264 0.000000
0.709137 0.374230 0.000000
0.741504 0.374197 0.000000
0.773871 0.374164 0.000000
0.806238 0.374130 0.000000
0.838605 0.374097 0.000000
0.870973 0.374064 0.000000
0.903340 0.374030 0.000000
0.935707 0.373997 0.000000
0.968074 0.373964 0.000000
1.000000 0.373930 0.000000
1.000000 0.373897 0.000000
1.000000 0.373863 0.000000
1.000000 0.373830 0.000000
0.065551 0.406035 0.000000
0.097918 0.406002 0.000000
0.130285 0.405968 0.000000
0.162653 0.405935 0.000000
0.195020 0.405902 0.000000
0.227387 0.405868 0.000000
0.259754 0.405835 0.000000
0.292121 0.405802 0.000000
0.324489 0.405768 0.000000
0.356856 0.405735 0.000000
0.389223 0.405702 0.000000
0.421590 0.405668 0.000000
0.453957 0.405635 0.000000
0.486325 0.405602 0.000000
0.518692 0.405568 0.000000
0.551059 0.405535 0.000000
0.583426 0.405502 0.000000
0.615793 0.405468 0.000000
0.648161 0.405435 0.000000
0.680528 0.405401 0.000000
0.712895 0.405368 0.000000
0.745262 0.405335 0.000000
0.777629 0.405301 0.000000
0.809997 0.405268 0.000000
0.842364 0.405235 0.000000
0.874731 0.405201 0.000000
0.907098 0.405168 0.000000
0.939465 0.405135 0.000000
0.971832 0.405101 0.000000
1.000000 0.405068 0.000000
1.000000 0.405035 0.000000
1.000000 0.405001 0.000000
1.000000 0.404737 0.000000
0.069309 0.437173 0.000000
0.101677 0.437140 0.000000
0.134044 0.437106 0.000000
0.166411 0.437073 0.000000
0.198778 0.437040 0.000000
0.231145 0.437006 0.000000
0.263513 0.436973 0.000000
0.295880 0.436939 0.000000
0.328247 0.436906 0.000000
0.360614 0.436873 0.000000
0.392981 0.436839 0.000000
0.425349 0.436806 0.000000
0.457716 0.436773 0.000000
0.490083 0.436739 0.000000
0.522450 0.436706 0.000000
0.554817 0.436673 0.000000
0.587184 0.436639 0.000000
0.619552 0.436606 0.000000
0.651919 0.436573 0.000000
0.684286 0.436539 0.000000
0.716653 0.436506 0.000000
0.749020 0.436473 0.000000
0.781388 0.436439 0.000000
0.813755 0.436406 0.000000
0.846122 0.436373 0.000000
0.878489 0.436339 0.000000
0.910856 0.436306 0.000000
0.943224 0.436273 0.000000
0.975131 0.436189 0.000000
1.000000 0.435872 0.000000
1.000000 0.435555 0.000000
1.000000 0.435238 0.000000
1.000000 0.434922 0.000000
0.073068 0.468311 0.000000
0.105435 0.468277 0.000000
0.137802 0.468244 0.000000
0.170169 0.468211 0.000000
0.202536 0.468177 0.000000
0.234904 0.468144 0.000000
0.267271 0.468111 0.000000
0.299638 0.468077 0.000000
0.332005 0.468044 0.000000
0.364372 0.468011 0.000000
0.396740 0.467977 0.000000
0.429107 0.467944 0.000000
0.461474 0.467911 0.000000
0.493841 0.467877 0.000000
0.526208 0.467844 0.000000
0.558576 0.467811 0.000000
0.590943 0.467777 0.000000
0.623310 0.467744 0.000000
0.655677 0.467710 0.000000
0.688044 0.467677 0.000000
0.720412 0.467644 0.000000
0.752779 0.467610 0.000000
0.785146 0.467577 0.000000
0.817513 0.467544 0.000000
0.849880 0.467510 0.000000
0.880847 0.467323 0.000000
0.910630 0.467007 0.000000
0.940412 0.466690 0.000000
0.970195 0.466373 0.000000
0.999978 0.466056 0.000000
1.000000 0.465739 0.000000
1.000000 0.465423 0.000000
1.000000 0.465106 0.000000
0.076826 0.499449 0.000000
0.109193 0.499415 0.000000
0.141560 0.499382 0.000000
0.173928 0.499349 0.000000
0.206295 0.499315 0.000000
0.238662 0.499282 0.000000
0.271029 0.499248 0.000000
0.303396 0.499215 0.000000
0.335764 0.499182 0.000000
0.368131 0.499148 0.000000
0.400498 0.499115 0.000000
0.432865 0.499082 0.000000
0.465232 0.499048 0.000000
0.497600 0.499015 0.000000
0.529967 0.498982 0.000000
0.562334 0.498948 0.000000
0.594701 0.498915 0.000000
0.627068 0.498882 0.000000
0.659435 0.498848 0.000000
0.691803 0.498815 0.000000
0.724170 0.498782 0.000000
0.756537 0.498748 0.000000
0.786563 0.498458 0.000000
0.816345 0.498141 0.000000
0.846128 0.497824 0.000000
0.875911 0.497508 0.000000
0.905693 0.497191 0.000000
0.935476 0.496874 0.000000
0.965259 0.496557 0.000000
0.995041 0.496240 0.000000
1.000000 0.495924 0.000000
1.000000 0.495607 0.000000
1.000000 0.495290 0.000000
0.080584 0.530586 0.000000
0.112952 0.530553 0.000000
0.145319 0.530520 0.000000
0.177686 0.530486 0.000000
0.210053 0.530453 0.000000
0.242420 0.530420 0.000000
0.274787 0.530386 0.000000
0.307155 0.530353 0.000000
0.339522 0.530320 0.000000
0.371889 0.530286 0.000000
0.404256 0.530253 0.000000
0.436623 0.530220 0.000000
0.468991 0.530186 0.000000
0.501358 0.530153 0.000000
0.533725 0.530119 0.000000
0.566092 0.530086 0.000000
0.598459 0.530053 0.000000
0.630827 0.530019 0.000000
0.662496 0.529910 0.000000
0.692279 0.529593 0.000000
0.722061 0.529276 0.000000
0.751844 0.528959 0.000000
0.781627 0.528642 0.000000
0.811409 0.528325 0.000000
0.841192 0.528009 0.000000
0.870974 0.527692 0.000000
0.900757 0.527375 0.000000
0.930540 0.527058 0.000000
0.960322 0.526741 0.000000
0.990105 0.526425 0.000000
1.000000 0.526108 0.000000
1.000000 0.525791 0.000000
1.000000 0.525474 0.000000
0.084343 0.561724 0.000000
0.116710 0.561691 0.000000
0.149077 0.561657 0.000000
0.181444 0.561624 0.000000
0.213811 0.561591 0.000000
0.246179 0.561557 0.000000
0.278546 0.561524 0.000000
0.310913 0.561491 0.000000
0.343280 0.561457 0.000000
0.375647 0.561424 0.000000
0.408015 0.561391 0.000000
0.440382 0.561357 0.000000
0.472749 0.561324 0.000000
0.505116 0.561291 0.000000
0.537483 0.561257 0.000000
0.568212 0.561044 0.000000
0.597994 0.560727 0.000000
0.627777 0.560411 0.000000
0.657560 0.560094 0.000000
0.687342 0.559777 0.000000
0.717125 0.559460 0.000000
0.746908 0.559143 0.000000
0.776690 0.558827 0.000000
0.806473 0.558510 0.000000
0.836256 0.558193 0.000000
0.866038 0.557876 0.000000
0.895821 0.557559 0.000000
0.925603 0.557242 0.000000
0.955386 0.556926 0.000000
0.985169 0.556609 0.000000
1.000000 0.556292 0.000000
1.000000 0.555975 0.000000
1.000000 0.555658 0.000000
0.088101 0.592862 0.000000
0.120468 0.592829 0.000000
0.152835 0.592795 0.000000
0.185203 0.592762 0.000000
0.217570 0.592729 0.000000
0.249937 0.592695 0.000000
0.282304 0.592662 0.000000
0.314671 0.592629 0.000000
0.347038 0.592595 0.000000
0.379406 0.592562 0.000000
0.411773 0.592529 0.000000
0.444140 0.592495 0.000000
0.473928 0.592179 0.000000
0.503710 0.591862 0.000000
0.533493 0.591545 0.000000
0.563275 0.591228 0.000000
0.593058 0.590912 0.000000
0.622841 0.590595 0.000000
0.652623 0.590278 0.000000
0.682406 0.589961 0.000000
0.712189 0.589644 0.000000
0.741971 0.589328 0.000000
0.771754 0.589011 0.000000
0.801537 0.588694 0.000000
0.831319 0.588377 0.000000
0.861102 0.588060 0.000000
0.890885 0.587743 0.000000
0.920667 0.587427 0.000000
0.950450 0.587110 0.000000
0.980232 0.586793 0.000000
1.000000 0.586476 0.000000
1.000000 0.586159 0.000000
1.000000 0.585843 0.000000
0.091859 0.624000 0.000000
0.124226 0.623966 0.000000
0.156594 0.623933 0.000000
0.188961 0.623900 0.000000
0.221328 0.623866 0.000000
0.253695 0.623833 0.000000
0.286062 0.623800 0.000000
0.318430 0.623766 0.000000
0.349861 0.623630 0.000000
0.379643 0.623314 0.000000
0.409426 0.622997 0.000000
0.439209 0.622680 0.000000
0.468991 0.622363 0.000000
0.498774 0.622046 0.000000
0.528557 0.621729 0.000000
0.558339 0.621413 0.000000
0.588122 0.621096 0.000000
0.617904 0.620779 0.000000
0.647687 0.620462 0.000000
0.677470 0.620145 0.000000
0.707252 0.619829 0.000000
0.737035 0.619512 0.000000
0.766818 0.619195 0.000000
0.796600 0.618878 0.000000
0.826383 0.618561 0.000000
0.856166 0.618244 0.000000
0.885948 0.617928 0.000000
0.915731 0.617611 0.000000
0.945514 0.617294 0.000000
0.975296 0.616977 0.000000
1.000000 0.616660 0.000000
1.000000 0.616344 0.000000
1.000000 0.616027 0.000000
0.095618 0.655138 0.000000
0.127985 0.655104 0.000000
0.160352 0.655071 0.000000
0.192719 0.655038 0.000000
0.225086 0.655004 0.000000
0.255576 0.654765 0.000000
0.285359 0.654448 0.000000
0.315142 0.654131 0.000000
0.344924 0.653815 0.000000
0.374707 0.653498 0.000000
0.404490 0.653181 0.000000
0.434272 0.652864 0.000000
0.464055 0.652547 0.000000
0.493838 0.652230 0.000000
0.523620 0.651914 0.000000
0.553403 0.651597 0.000000
0.583186 0.651280 0.000000
0.612968 0.650963 0.000000
0.642751 0.650646 0.000000
0.672533 0.650330 0.000000
0.702316 0.650013 0.000000
0.732099 0.649696 0.000000
0.761881 0.649379 0.000000
0.791664 0.649062 0.000000
0.821447 0.648746 0.000000
0.851229 0.648429 0.000000
0.881012 0.648112 0.000000
0.910795 0.647795 0.000000
0.940577 0.647478 0.000000
0.970360 0.647161 0.000000
1.000000 0.646845 0.000000
1.000000 0.646528 0.000000
1.000000 0.646211 0.000000
0.099376 0.686275 0.000000
0.131510 0.686216 0.000000
0.161292 0.685900 0.000000
0.191075 0.685583 0.000000
0.220858 0.685266 0.000000
0.250640 0.684949 0.000000
0.280423 0.684632 0.000000
0.310205 0.684316 0.000000
0.339988 0.683999 0.000000
0.369771 0.683682 0.000000
0.399553 0.683365 0.000000
0.429336 0.683048 0.000000
0.459119 0.682732 0.000000
0.488901 0.682415 0.000000
0.518684 0.682098 0.000000
0.548467 0.681781 0.000000
0.578249 0.681464 0.000000
0.608032 0.681147 0.000000
0.637815 0.680831 0.000000
0.667597 0.680514 0.000000
0.697380 0.680197 0.000000
0.727163 0.679880 0.000000
0.756945 0.679563 0.000000
0.786728 0.679247 0.000000
0.816510 0.678930 0.000000
0.846293 0.678613 0.000000
0.876076 0.678296 0.000000
0.905858 0.677979 0.000000
0.935641 0.677662 0.000000
0.965424 0.677346 0.000000
0.995206 0.677029 0.000000
1.000000 0.676712 0.000000
1.000000 0.676395 0.000000
0.096791 0.716718 0.000000
0.126573 0.716401 0.000000
0.156356 0.716084 0.000000
0.186139 0.715767 0.000000
0.215921 0.715450 0.000000
0.245704 0.715133 0.000000
0.275487 0.714817 0.000000
0.305269 0.714500 0.000000
0.335052 0.714183 0.000000
0.364835 0.713866 0.000000
0.394617 0.713549 0.000000
0.424400 0.713233 0.000000
0.454182 0.712916 0.000000
0.483965 0.712599 0.000000
0.513748 0.712282 0.000000
0.543530 0.711965 0.000000
0.573313 0.711648 0.000000
0.603096 0.711332 0.000000
0.632878 0.711015 0.000000
0.662661 0.710698 0.000000
0.692444 0.710381 0.000000
0.722226 0.710064 0.000000
0.752009 0.709748 0.000000
0.781792 0.709431 0.000000
0.811574 0.709114 0.000000
0.841357 0.708797 0.000000
0.871139 0.708480 0.000000
0.900922 0.708163 0.000000
0.930705 0.707847 0.000000
0.960487 0.707530 0.000000
0.990270 0.707213 0.000000
1.000000 0.706896 0.000000
1.000000 0.706579 0.000000
0.091854 0.746902 0.000000
0.121637 0.746585 0.000000
0.151420 0.746268 0.000000
0.181202 0.745951 0.000000
0.210985 0.745634 0.000000
0.240768 0.745318 0.000000
0.270550 0.745001 0.000000
0.300333 0.744684 0.000000
0.330116 0.744367 0.000000
0.359898 0.744050 0.000000
0.389681 0.743734 0.000000
0.419464 0.743417 0.000000
0.449246 0.743100 0.000000
0.479029 0.742783 0.000000
0.508811 0.742466 0.000000
0.538594 0.742149 0.000000
0.568377 0.741833 0.000000
0.598159 0.741516 0.000000
0.627942 0.741199 0.000000
0.657725 0.740882 0.000000
0.687507 0.740565 0.000000
0.717290 0.740249 0.000000
0.747073 0.739932 0.000000
0.776855 0.739615 0.000000
0.806638 0.739298 0.000000
0.836421 0.738981 0.000000
0.866203 0.738665 0.000000
0.895986 0.738348 0.000000
0.925768 0.738031 0.000000
0.955551 0.737714 0.000000
0.985334 0.737397 0.000000
1.000000 0.737080 0.000000
1.000000 0.736764 0.000000
0.086918 0.777086 0.000000
0.116701 0.776769 0.000000
0.146483 0.776452 0.000000
0.176266 0.776135 0.000000
0.206049 0.775819 0.000000
0.235831 0.775502 0.000000
0.265614 0.775185 0.000000
0.295397 0.774868 0.000000
0.325179 0.774551 0.000000
0.354962 0.774235 0.000000
0.384745 0.773918 0.000000
0.414527 0.773601 0.000000
0.444310 0.773284 0.000000
0.474093 0.772967 0.000000
0.503875 0.772651 0.000000
0.533658 0.772334 0.000000
0.563440 0.772017 0.000000
0.593223 0.771700 0.000000
0.623006 0.771383 0.000000
0.652788 0.771066 0.000000
0.682571 0.770750 0.000000
0.712354 0.770433 0.000000
0.742136 0.770116 0.000000
0.771919 0.769799 0.000000
0.801702 0.769482 0.000000
0.831484 0.769166 0.000000
0.861267 0.768849 0.000000
0.891050 0.768532 0.000000
0.920832 0.768215 0.000000
0.950615 0.767898 0.000237
0.980397 0.767581 0.002021
1.000000 0.767265 0.003805
1.000000 0.766948 0.005589
0.081982 0.807270 0.000000
0.111765 0.806953 0.000000
0.141547 0.806637 0.000000
0.171330 0.806320 0.000000
0.201112 0.806003 0.000000
0.230895 0.805686 0.000000
0.260678 0.805369 0.000000
0.290460 0.805052 0.000000
0.320243 0.804736 0.000000
0.350026 0.804419 0.000000
0.379808 0.804102 0.000000
0.409591 0.803785 0.000000
0.439374 0.803468 0.000000
0.469156 0.803152 0.000000
0.498939 0.802835 0.000000
0.528722 0.802518 0.000000
0.558504 0.802201 0.000000
0.588287 0.801884 0.000000
0.618069 0.801567 0.000000
0.647852 0.801251 0.000000
0.677635 0.800934 0.000000
0.707417 0.800617 0.000000
0.737200 0.800300 0.000000
0.766983 0.799983 0.000000
0.796765 0.799667 0.000000
0.826548 0.799350 0.000000
0.856331 0.799033 0.000886
0.886113 0.798716 0.002671
0.915896 0.798399 0.004455
0.945679 0.798082 0.006239
0.975461 0.797766 0.008023
1.000000 0.797449 0.009807
1.000000 0.797132 0.011592
0.077046 0.837454 0.000000
0.106828 0.837138 0.000000
0.136611 0.836821 0.000000
0.166394 0.836504 0.000000
0.196176 0.836187 0.000000
0.225959 0.835870 0.000000
0.255741 0.835553 0.000000
0.285524 0.835237 0.000000
0.315307 0.834920 0.000000
0.345089 0.834603 0.000000
0.374872 0.834286 0.000000
0.404655 0.833969 0.000000
0.434437 0.833653 0.000000
0.464220 0.833336 0.000000
0.494003 0.833019 0.000000
0.523785 0.832702 0.000000
0.553568 0.832385 0.000000
0.583351 0.832068 0.000000
0.613133 0.831752 0.000000
0.642916 0.831435 0.000000
0.672698 0.831118 0.000000
0.702481 0.830801 0.000000
0.732264 0.830484 0.000000
0.762046 0.830168 0.001536
0.791829 0.829851 0.003320
0.821612 0.829534 0.005104
0.851394 0.829217 0.006889
0.881177 0.828900 0.008673
0.910960 0.828584 0.010457
0.940742 0.828267 0.012241
0.970525 0.827950 0.014025
1.000000 0.827633 0.015809
1.000000 0.827316 0.017594
0.072109 0.867639 0.000000
0.101892 0.867322 0.000000
0.131675 0.867005 0.000000
0.161457 0.866688 0.000000
0.191240 0.866371 0.000000
0.221023 0.866054 0.000000
0.250805 0.865738 0.000000
0.280588 0.865421 0.000000
0.310370 0.865104 0.000000
0.340153 0.864787 0.000000
0.369936 0.864470 0.000000
0.399718 0.864154 0.000000
0.429501 0.863837 0.000000
0.459284 0.863520 0.000000
0.489066 0.863203 0.000000
0.518849 0.862886 0.000000
0.548632 0.862570 0.000000
0.578414 0.862253 0.000000
0.608197 0.861936 0.000000
0.637980 0.861619 0.000401
0.667762 0.861302 0.002186
0.697545 0.860985 0.003970
0.727327 0.860669 0.005754
0.757110 0.860352 0.007538
0.786893 0.860035 0.009322
0.816675 0.859718 0.011106
0.846458 0.859401 0.012891
0.876241 0.859085 0.014675
0.906023 0.858768 0.016459
0.935806 0.858451 0.018243
0.965589 0.858134 0.020027
0.995371 0.857817 0.021811
1.000000 0.857500 0.023596
0.067173 0.897823 0.000000
0.096956 0.897506 0.000000
0.126738 0.897189 0.000000
0.156521 0.896872 0.000000
0.186304 0.896556 0.000000
0.216086 0.896239 0.000000
0.245869 0.895922 0.000000
0.275652 0.895605 0.000000
0.305434 0.895288 0.000000
0.335217 0.894971 0.000000
0.364999 0.894655 0.000000
0.394782 0.894338 0.000000
0.424565 0.894021 0.000000
0.454347 0.893704 0.000000
0.484130 0.893387 0.000000
0.513913 0.893071 0.000000
0.543695 0.892754 0.001051
0.573478 0.892437 0.002835
0.603261 0.892120 0.004619
0.633043 0.891803 0.006403
0.662826 0.891486 0.008188
0.692609 0.891170 0.009972
0.722391 0.890853 0.011756
0.752174 0.890536 0.013540
0.781956 0.890219 0.015324
0.811739 0.889902 0.017109
0.841522 0.889586 0.018893
0.871304 0.889269 0.020677
0.901087 0.888952 0.022461
0.930870 0.888635 0.024245
0.960652 0.888318 0.026029
0.990435 0.888001 0.027814
1.000000 0.887685 0.029598
0.062237 0.928007 0.000000
0.092019 0.927690 0.000000
0.121802 0.927373 0.000000
0.151585 0.927057 0.000000
0.181367 0.926740 0.000000
0.211150 0.926423 0.000000
0.240933 0.926106 0.000000
0.270715 0.925789 0.000000
0.300498 0.925472 0.000000
0.330281 0.925156 0.000000
0.360063 0.924839 0.000000
0.389846 0.924522 0.000000
0.419628 0.924205 0.000000
0.449411 0.923888 0.001701
0.479194 0.923572 0.003485
0.508976 0.923255 0.005269
0.538759 0.922938 0.007053
0.568542 0.922621 0.008837
0.598324 0.922304 0.010621
0.628107 0.921987 0.012406
0.657890 0.921671 0.014190
0.687672 0.921354 0.015974
0.717455 0.921037 0.017758
0.747238 0.920720 0.019542
0.777020 0.920403 0.021326
0.806803 0.920087 0.023111
0.836585 0.919770 0.024895
0.866368 0.919453 0.026679
0.896151 0.919136 0.028463
0.925933 0.918819 0.030247
0.955716 0.918503 0.032031
0.985499 0.918186 0.033816
1.000000 0.917869 0.035600
0.057300 0.958191 0.000000
0.087083 0.957874 0.000000
0.116866 0.957558 0.000000
0.146648 0.957241 0.000000
0.176431 0.956924 0.000000
0.206214 0.956607 0.000000
0.235996 0.956290 0.000000
0.265779 0.955973 0.000000
0.295562 0.955657 0.000000
0.325344 0.955340 0.000566
0.355127 0.955023 0.002350
0.384910 0.954706 0.004134
0.414692 0.954389 0.005918
0.444475 0.954073 0.007703
0.474257 0.953756 0.009487
0.504040 0.953439 0.011271
0.533823 0.953122 0.013055
0.563605 0.952805 0.014839
0.593388 0.952489 0.016623
0.623171 0.952172 0.018408
0.652953 0.951855 0.020192
0.682736 0.951538 0.021976
0.712519 0.951221 0.023760
0.742301 0.950904 0.025544
0.772084 0.950588 0.027328
0.801867 0.950271 0.029113
0.831649 0.949954 0.030897
0.861432 0.949637 0.032681
0.891214 0.949320 0.034465
0.920997 0.949004 0.036249
0.950780 0.948687 0.038034
0.980562 0.948370 0.039818
1.000000 0.948053 0.041602
0.052364 0.988375 0.000000
0.082147 0.988059 0.000000
0.111929 0.987742 0.000000
0.141712 0.987425 0.000000
0.171495 0.987108 0.000000
0.201277 0.986791 0.000000
0.231060 0.986475 0.001215
0.260843 0.986158 0.003000
0.290625 0.985841 0.004784
0.320408 0.985524 0.006568
0.350191 0.985207 0.008352
0.379973 0.984890 0.010136
0.409756 0.984574 0.011920
0.439539 0.984257 0.013705
0.469321 0.983940 0.015489
0.499104 0.983623 0.017273
0.528886 0.983306 0.019057
0.558669 0.982990 0.020841
0.588452 0.982673 0.022626
0.618234 0.982356 0.024410
0.648017 0.982039 0.026194
0.677800 0.981722 0.027978
0.707582 0.981405 0.029762
0.737365 0.981089 0.031546
0.767148 0.980772 0.033331
0.796930 0.980455 0.035115
0.826713 0.980138 0.036899
0.856496 0.979821 0.038683
0.886278 0.979505 0.040467
0.916061 0.979188 0.042251
0.945843 0.978871 0.044036
0.975626 0.978554 0.045820
1.000000 0.978237 0.047604
0.017073 0.001232 0.044195
0.049440 0.001199 0.043111
0.081807 0.001166 0.042028
0.114174 0.001132 0.040944
0.146541 0.001099 0.039860
0.178908 0.001066 0.038776
0.211276 0.001032 0.037692
0.243643 0.000999 0.036608
0.276010 0.000965 0.035524
0.308377 0.000932 0.034441
0.340744 0.000899 0.033357
0.373112 0.000865 0.032273
0.405479 0.000832 0.031189
0.437846 0.000799 0.030105
0.470213 0.000765 0.029021
0.502580 0.000732 0.027938
0.534948 0.000699 0.026854
0.567315 0.000665 0.025770
0.599682 0.000632 0.024686
0.632049 0.000599 0.023602
0.664416 0.000565 0.022518
0.696784 0.000532 0.021435
0.729151 0.000499 0.020351
0.761518 0.000465 0.019267
0.793885 0.000432 0.018183
0.826252 0.000399 0.017099
0.858620 0.000365 0.016015
0.890987 0.000332 0.014931
0.923354 0.000298 0.013848
0.955721 0.000265 0.012764
0.988088 0.000232 0.011680
1.000000 0.000198 0.010596
1.000000 0.000165 0.009512
0.020831 0.032370 0.040549
0.053198 0.032337 0.039465
0.085565 0.032303 0.038381
0.117932 0.032270 0.037298
0.150300 0.032237 0.036214
0.182667 0.032203 0.035130
0.215034 0.032170 0.034046
0.247401 0.032137 0.032962
0.279768 0.032103 0.031878
0.312136 0.032070 0.030795
0.344503 0.032037 0.029711
0.376870 0.032003 0.028627
0.409237 0.031970 0.027543
0.441604 0.031937 0.026459
0.473972 0.031903 0.025375
0.506339 0.031870 0.024291
0.538706 0.031836 0.023208
0.571073 0.031803 0.022124
0.603440 0.031770 0.021040
0.635807 0.031736 0.019956
0.668175 0.031703 0.018872
0.700542 0.031670 0.017788
0.732909 0.031636 0.016705
0.765276 0.031603 0.015621
0.797643 0.031570 0.014537
0.830011 0.031536 0.013453
0.862378 0.031503 0.012369
0.894745 0.031470 0.011285
0.927112 0.031436 0.010201
0.959479 0.031403 0.009118
0.991847 0.031370 0.008034
1.000000 0.031336 0.006950
1.000000 0.031303 0.005866
0.024589 0.063508 0.036903
0.056956 0.063475 0.035819
0.089324 0.063441 0.034735
0.121691 0.063408 0.033651
0.154058 0.063374 0.032568
0.186425 0.063341 0.031484
0.218792 0.063308 0.030400
0.251159 0.063274 0.029316
0.283527 0.063241 0.028232
0.315894 0.063208 0.027148
0.348261 0.063174 0.026065
0.380628 0.063141 0.024981
0.412995 0.063108 0.023897
0.445363 0.063074 0.022813
0.477730 0.063041 0.021729
0.510097 0.063008 0.020645
0.542464 0.062974 0.019561
0.574831 0.062941 0.018478
0.607199 0.062908 0.017394
0.639566 0.062874 0.016310
0.671933 0.062841 0.015226
0.704300 0.062808 0.014142
0.736667 0.062774 0.013058
0.769035 0.062741 0.011975
0.801402 0.062707 0.010891
0.833769 0.062674 0.009807
0.866136 0.062641 0.008723
0.898503 0.062607 0.007639
0.930871 0.062574 0.006555
0.963238 0.062541 0.005472
0.995605 0.062507 0.004388
1.000000 0.062474 0.003304
1.000000 0.062441 0.002220
0.028347 0.094646 0.033257
0.060715 0.094612 0.032173
0.093082 0.094579 0.031089
0.125449 0.094546 0.030005
0.157816 0.094512 0.028921
0.190183 0.094479 0.027838
0.222551 0.094446 0.026754
0.254918 0.094412 0.025670
0.287285 0.094379 0.024586
0.319652 0.094346 0.023502
0.352019 0.094312 0.022418
0.384387 0.094279 0.021335
0.416754 0.094245 0.020251
0.449121 0.094212 0.019167
0.481488 0.094179 0.018083
0.513855 0.094145 0.016999
0.546223 0.094112 0.015915
0.578590 0.094079 0.014832
0.610957 0.094045 0.013748
0.643324 0.094012 0.012664
0.675691 0.093979 0.011580
0.708058 0.093945 0.010496
0.740426 0.093912 0.009412
0.772793 0.093879 0.008328
0.805160 0.093845 0.007245
0.837527 0.093812 0.006161
0.869894 0.093779 0.005077
0.902262 0.093745 0.003993
0.934629 0.093712 0.002909
0.966996 0.093679 0.001825
0.999363 0.093645 0.000742
1.000000 0.093612 0.000000
1.000000 0.093579 0.000000
0.032106 0.125783 0.029611
0.064473 0.125750 0.028527
0.096840 0.125717 0.027443
0.129207 0.125683 0.026359
0.161575 0.125650 0.025275
0.193942 0.125617 0.024192
0.226309 0.125583 0.023108
0.258676 0.125550 0.022024
0.291043 0.125517 0.020940
0.323410 0.125483 0.019856
0.355778 0.125450 0.018772
0.388145 0.125417 0.017688
0.420512 0.125383 0.016605
0.452879 0.125350 0.015521
0.485246 0.125317 0.014437
0.517614 0.125283 0.013353
0.549981 0.125250 0.012269
0.582348 0.125217 0.011185
0.614715 0.125183 0.010102
0.647082 0.125150 0.009018
0.679450 0.125117 0.007934
0.711817 0.125083 0.006850
0.744184 0.125050 0.005766
0.776551 0.125016 0.004682
0.808918 0.124983 0.003599
0.841286 0.124950 0.002515
0.873653 0.124916 0.001431
0.906020 0.124883 0.000347
0.938387 0.124850 0.000000
0.970754 0.124816 0.000000
1.000000 0.124783 0.000000
1.000000 0.124750 0.000000
1.000000 0.124716 0.000000
0.035864 0.156921 0.025965
0.068231 0.156888 0.024881
0.100598 0.156855 0.023797
0.132966 0.156821 0.022713
0.165333 0.156788 0.021629
0.197700 0.156755 0.020545
0.230067 0.156721 0.019462
0.262434 0.156688 0.018378
0.294802 0.156655 0.017294
0.327169 0.156621 0.016210
0.359536 0.156588 0.015126
0.391903 0.156554 0.014042
0.424270 0.156521 0.012959
0.456638 0.156488 0.011875
0.489005 0.156454 0.010791
0.521372 0.156421 0.009707
0.553739 0.156388 0.008623
0.586106 0.156354 0.007539
0.618474 0.156321 0.006455
0.650841 0.156288 0.005372
0.683208 0.156254 0.004288
0.715575 0.156221 0.003204
0.747942 0.156188 0.002120
0.780309 0.156154 0.001036
0.812677 0.156121 0.000000
0.845044 0.156088 0.000000
0.877411 0.156054 0.000000
0.909778 0.156021 0.000000
0.942145 0.155988 0.000000
0.974513 0.155954 0.000000
1.000000 0.155921 0.000000
1.000000 0.155887 0.000000
1.000000 0.155854 0.000000
0.039622 0.188059 0.022319
0.071990 0.188026 0.021235
0.104357 0.187992 0.020151
0.136724 0.187959 0.019067
0.169091 0.187926 0.017983
0.201458 0.187892 0.016899
0.233826 0.187859 0.015815
0.266193 0.187826 0.014732
0.298560 0.187792 0.013648
0.330927 0.187759 0.012564
0.363294 0.187726 0.011480
0.395661 0.187692 0.010396
0.428029 0.187659 0.009312
0.460396 0.187626 0.008229
0.492763 0.187592 0.007145
0.525130 0.187559 0.006061
0.557497 0.187526 0.004977
0.589865 0.187492 0.003893
0.622232 0.187459 0.002809
0.654599 0.187425 0.001725
0.686966 0.187392 0.000642
0.719333 0.187359 0.000000
0.751701 0.187325 0.000000
0.784068 0.187292 0.000000
0.816435 0.187259 0.000000
0.848802 0.187225 0.000000
0.881169 0.187192 0.000000
0.913537 0.187159 0.000000
0.945904 0.187125 0.000000
0.978271 0.187092 0.000000
1.000000 0.187059 0.000000
1.000000 0.187025 0.000000
1.000000 0.186992 0.000000
0.043381 0.219197 0.018672
0.075748 0.219164 0.017589
0.108115 0.219130 0.016505
0.140482 0.219097 0.015421
0.172849 0.219064 0.014337
0.205217 0.219030 0.013253
0.237584 0.218997 0.012169
0.269951 0.218963 0.011085
0.302318 0.218930 0.010002
0.334685 0.218897 0.008918
0.367053 0.218863 0.007834
0.399420 0.218830 0.006750
0.431787 0.218797 0.005666
0.464154 0.218763 0.004582
0.496521 0.218730 0.003499
0.528889 0.218697 0.002415
0.561256 0.218663 0.001331
0.593623 0.218630 0.000247
0.625990 0.218597 0.000000
0.658357 0.218563 0.000000
0.690725 0.218530 0.000000
0.723092 0.218497 0.000000
0.755459 0.218463 0.000000
0.787826 0.218430 0.000000
0.820193 0.218397 0.000000
0.852560 0.218363 0.000000
0.884928 0.218330 0.000000
0.917295 0.218297 0.000000
0.949662 0.218263 0.000000
0.982029 0.218230 0.000000
1.000000 0.218196 0.000000
1.000000 0.218163 0.000000
1.000000 0.218130 0.000000
0.047139 0.250335 0.015026
0.079506 0.250301 0.013942
0.111873 0.250268 0.012859
0.144241 0.250235 0.011775
0.176608 0.250201 0.010691
0.208975 0.250168 0.009607
0.241342 0.250135 0.008523
0.273709 0.250101 0.007439
0.306077 0.250068 0.006356
0.338444 0.250035 0.005272
0.370811 0.250001 0.004188
0.403178 0.249968 0.003104
0.435545 0.249935 0.002020
0.467912 0.249901 0.000936
0.500280 0.249868 0.000000
0.532647 0.249835 0.000000
0.565014 0.249801 0.000000
0.597381 0.249768 0.000000
0.629748 0.249734 0.000000
0.662116 0.249701 0.000000
0.694483 0.249668 0.000000
0.726850 0.249634 0.000000
0.759217 0.249601 0.000000
0.791584 0.249568 0.000000
0.823952 0.249534 0.000000
0.856319 0.249501 0.000000
0.888686 0.249468 0.000000
0.921053 0.249434 0.000000
0.953420 0.249401 0.000000
0.985788 0.249368 0.000000
1.000000 0.249334 0.000000
1.000000 0.249301 0.000000
1.000000 0.249268 0.000000
0.050897 0.281473 0.011380
0.083264 0.281439 0.010296
0.115632 0.281406 0.009212
0.147999 0.281373 0.008129
0.180366 0.281339 0.007045
0.212733 0.281306 0.005961
0.245100 0.281272 0.004877
0.277468 0.281239 0.003793
0.309835 0.281206 0.002709
0.342202 0.281172 0.001626
0.374569 0.281139 0.000542
0.406936 0.281106 0.000000
0.439304 0.281072 0.000000
0.471671 0.281039 0.000000
0.504038 0.281006 0.000000
0.536405 0.280972 0.000000
0.568772 0.280939 0.000000
0.601140 0.280906 0.000000
0.633507 0.280872 0.000000
0.665874 0.280839 0.000000
0.698241 0.280806 0.000000
0.730608 0.280772 0.000000
0.762976 0.280739 0.000000
0.795343 0.280706 0.000000
0.827710 0.280672 0.000000
0.860077 0.280639 0.000000
0.892444 0.280605 0.000000
0.924811 0.280572 0.000000
0.957179 0.280539 0.000000
0.989546 0.280505 0.000000
1.000000 0.280472 0.000000
1.000000 0.280439 0.000000
1.000000 0.280405 0.000000
0.054656 0.312610 0.007734
0.087023 0.312577 0.006650
0.119390 0.312544 0.005566
0.151757 0.312510 0.004483
0.184124 0.312477 0.003399
0.216492 0.312444 0.002315
0.248859 0.312410 0.001231
0.281226 0.312377 0.000147
0.313593 0.312344 0.000000
0.345960 0.312310 0.000000
0.378328 0.312277 0.000000
0.410695 0.312244 0.000000
0.443062 0.312210 0.000000
0.475429 0.312177 0.000000
0.507796 0.312143 0.000000
0.540163 0.312110 0.000000
0.572531 0.312077 0.000000
0.604898 0.312043 0.000000
0.637265 0.312010 0.000000
0.669632 0.311977 0.000000
0.701999 0.311943 0.000000
0.734367 0.311910 0.000000
0.766734 0.311877 0.000000
0.799101 0.311843 0.000000
0.831468 0.311810 0.000000
0.863835 0.311777 0.000000
0.896203 0.311743 0.000000
0.928570 0.311710 0.000000
0.960937 0.311677 0.000000
0.993304 0.311643 0.000000
1.000000 0.311610 0.000000
1.000000 0.311577 0.000000
1.000000 0.311543 0.000000
0.058414 0.343748 0.004088
0.090781 0.343715 0.003004
0.123148 0.343681 0.001920
0.155515 0.343648 0.000836
0.187883 0.343615 0.000000
0.220250 0.343581 0.000000
0.252617 0.343548 0.000000
0.284984 0.343515 0.000000
0.317351 0.343481 0.000000
0.349719 0.343448 0.000000
0.382086 0.343415 0.000000
0.414453 0.343381 0.000000
0.446820 0.343348 0.000000
0.479187 0.343315 0.000000
0.511555 0.343281 0.000000
0.543922 0.343248 0.000000
0.576289 0.343215 0.000000
0.608656 0.343181 0.000000
0.641023 0.343148 0.000000
0.673391 0.343115 0.000000
0.705758 0.343081 0.000000
0.738125 0.343048 0.000000
0.770492 0.343015 0.000000
0.802859 0.342981 0.000000
0.835227 0.342948 0.000000
0.867594 0.342914 0.000000
0.899961 0.342881 0.000000
0.932328 0.342848 0.000000
0.964695 0.342814 0.000000
0.997062 0.342781 0.000000
1.000000 0.342748 0.000000
1.000000 0.342714 0.000000
1.000000 0.342681 0.000000
0.062172 0.374886 0.000442
0.094539 0.374853 0.000000
0.126907 0.374819 0.000000
0.159274 0.374786 0.000000
0.191641 0.374753 0.000000
0.224008 0.374719 0.000000
0.256375 0.374686 0.000000
0.288743 0.374653 0.000000
0.321110 0.374619 0.000000
0.353477 0.374586 0.000000
0.385844 0.374553 0.000000
0.418211 0.374519 0.000000
0.450579 0.374486 0.000000
0.482946 0.374452 0.000000
0.515313 0.374419 0.000000
0.547680 0.374386 0.000000
0.580047 0.374352 0.000000
0.612414 0.374319 0.000000
0.644782 0.374286 0.000000
0.677149 0.374252 0.000000
0.709516 0.374219 0.000000
0.741883 0.374186 0.000000
0.774250 0.374152 0.000000
0.806618 0.374119 0.000000
0.838985 0.374086 0.000000
0.871352 0.374052 0.000000
0.903719 0.374019 0.000000
0.936086 0.373986 0.000000
0.968454 0.373952 0.000000
1.000000 0.373919 0.000000
1.000000 0.373886 0.000000
1.000000 0.373852 0.000000
1.000000 0.373819 0.000000
0.065931 0.406024 0.000000
0.098298 0.405990 0.000000
0.130665 0.405957 0.000000
0.163032 0.405924 0.000000
0.195399 0.405890 0.000000
0.227766 0.405857 0.000000
0.260134 0.405824 0.000000
0.292501 0.405790 0.000000
0.324868 0.405757 0.000000
0.357235 0.405724 0.000000
0.389602 0.405690 0.000000
0.421970 0.405657 0.000000
0.454337 0.405624 0.000000
0.486704 0.405590 0.000000
0.519071 0.405557 0.000000
0.551438 0.405524 0.000000
0.583806 0.405490 0.000000
0.616173 0.405457 0.000000
0.648540 0.405424 0.000000
0.680907 0.405390 0.000000
0.713274 0.405357 0.000000
0.745642 0.405323 0.000000
0.778009 0.405290 0.000000
0.810376 0.405257 0.000000
0.842743 0.405223 0.000000
0.875110 0.405190 0.000000
0.907478 0.405157 0.000000
0.939845 0.405123 0.000000
0.972212 0.405090 0.000000
1.000000 0.405057 0.000000
1.000000 0.405023 0.000000
1.000000 0.404947 0.000000
1.000000 0.404630 0.000000
0.069689 0.437162 0.000000
0.102056 0.437128 0.000000
0.134423 0.437095 0.000000
0.166790 0.437062 0.000000
0.199158 0.437028 0.000000
0.231525 0.436995 0.000000
0.263892 0.436962 0.000000
0.296259 0.436928 0.000000
0.328626 0.436895 0.000000
0.360994 0.436861 0.000000
0.393361 0.436828 0.000000
0.425728 0.436795 0.000000
0.458095 0.436761 0.000000
0.490462 0.436728 0.000000
0.522830 0.436695 0.000000
0.555197 0.436661 0.000000
0.587564 0.436628 0.000000
0.619931 0.436595 0.000000
0.652298 0.436561 0.000000
0.684665 0.436528 0.000000
0.717033 0.436495 0.000000
0.749400 0.436461 0.000000
0.781767 0.436428 0.000000
0.814134 0.436395 0.000000
0.846501 0.436361 0.000000
0.878869 0.436328 0.000000
0.911236 0.436295 0.000000
0.943603 0.436261 0.000000
0.974633 0.436081 0.000000
1.000000 0.435764 0.000000
1.000000 0.435448 0.000000
1.000000 0.435131 0.000000
1.000000 0.434814 0.000000
0.073447 0.468299 0.000000
0.105814 0.468266 0.000000
0.138182 0.468233 0.000000
0.170549 0.468199 0.000000
0.202916 0.468166 0.000000
0.235283 0.468133 0.000000
0.267650 0.468099 0.000000
0.300017 0.468066 0.000000
0.332385 0.468033 0.000000
0.364752 0.467999 0.000000
0.397119 0.467966 0.000000
0.429486 0.467933 0.000000
0.461853 0.467899 0.000000
0.494221 0.467866 0.000000
0.526588 0.467833 0.000000
0.558955 0.467799 0.000000
0.591322 0.467766 0.000000
0.623689 0.467732 0.000000
0.656057 0.467699 0.000000
0.688424 0.467666 0.000000
0.720791 0.467632 0.000000
0.753158 0.467599 0.000000
0.785525 0.467566 0.000000
0.817893 0.467532 0.000000
0.850260 0.467499 0.000000
0.880349 0.467216 0.000000
0.910131 0.466899 0.000000
0.939914 0.466582 0.000000
0.969697 0.466265 0.000000
0.999479 0.465949 0.000000
1.000000 0.465632 0.000000
1.000000 0.465315 0.000000
1.000000 0.464998 0.000000
0.077205 0.499437 0.000000
0.109573 0.499404 0.000000
0.141940 0.499371 0.000000
0.174307 0.499337 0.000000
0.206674 0.499304 0.000000
0.239041 0.499270 0.000000
0.271409 0.499237 0.000000
0.303776 0.499204 0.000000
0.336143 0.499170 0.000000
0.368510 0.499137 0.000000
0.400877 0.499104 0.000000
0.433245 0.499070 0.000000
0.465612 0.499037 0.000000
0.497979 0.499004 0.000000
0.530346 0.498970 0.000000
0.562713 0.498937 0.000000
0.595081 0.498904 0.000000
0.627448 0.498870 0.000000
0.659815 0.498837 0.000000
0.692182 0.498804 0.000000
0.724549 0.498770 0.000000
0.756282 0.498667 0.000000
0.786065 0.498350 0.000000
0.815847 0.498034 0.000000
0.845630 0.497717 0.000000
0.875412 0.497400 0.000000
0.905195 0.497083 0.000000
0.934978 0.496766 0.000000
0.964760 0.496450 0.000000
0.994543 0.496133 0.000000
1.000000 0.495816 0.000000
1.000000 0.495499 0.000000
1.000000 0.495182 0.000000
0.080964 0.530575 0.000000
0.113331 0.530542 0.000000
0.145698 0.530508 0.000000
0.178065 0.530475 0.000000
0.210433 0.530442 0.000000
0.242800 0.530408 0.000000
0.275167 0.530375 0.000000
0.307534 0.530342 0.000000
0.339901 0.530308 0.000000
0.372268 0.530275 0.000000
0.404636 0.530242 0.000000
0.437003 0.530208 0.000000
0.469370 0.530175 0.000000
0.501737 0.530142 0.000000
0.534104 0.530108 0.000000
0.566472 0.530075 0.000000
0.598839 0.530041 0.000000
0.631206 0.530008 0.000000
0.661998 0.529802 0.000000
0.691780 0.529485 0.000000
0.721563 0.529168 0.000000
0.751346 0.528852 0.000000
0.781128 0.528535 0.000000
0.810911 0.528218 0.000000
0.840694 0.527901 0.000000
0.870476 0.527584 0.000000
0.900259 0.527267 0.000000
0.930041 0.526951 0.000000
0.959824 0.526634 0.000000
0.989607 0.526317 0.000000
1.000000 0.526000 0.000000
1.000000 0.525683 0.000000
1.000000 0.525367 0.000000
0.084722 0.561713 0.000000
0.117089 0.561680 0.000000
0.149456 0.561646 0.000000
0.181824 0.561613 0.000000
0.214191 0.561579 0.000000
0.246558 0.561546 0.000000
0.278925 0.561513 0.000000
0.311292 0.561479 0.000000
0.343660 0.561446 0.000000
0.376027 0.561413 0.000000
0.408394 0.561379 0.000000
0.440761 0.561346 0.000000
0.473128 0.561313 0.000000
0.505496 0.561279 0.000000
0.537863 0.561246 0.000000
0.567713 0.560937 0.000000
0.597496 0.560620 0.000000
0.627279 0.560303 0.000000
0.657061 0.559986 0.000000
0.686844 0.559669 0.000000
0.716627 0.559353 0.000000
0.746409 0.559036 0.000000
0.776192 0.558719 0.000000
0.805975 0.558402 0.000000
0.835757 0.558085 0.000000
0.865540 0.557768 0.000000
0.895323 0.557452 0.000000
0.925105 0.557135 0.000000
0.954888 0.556818 0.000000
0.984670 0.556501 0.000000
1.000000 0.556184 0.000000
1.000000 0.555868 0.000000
1.000000 0.555551 0.000000
0.088480 0.592851 0.000000
0.120848 0.592817 0.000000
0.153215 0.592784 0.000000
0.185582 0.592751 0.000000
0.217949 0.592717 0.000000
0.250316 0.592684 0.000000
0.282683 0.592651 0.000000
0.315051 0.592617 0.000000
0.347418 0.592584 0.000000
0.379785 0.592551 0.000000
0.412152 0.592517 0.000000
0.443647 0.592388 0.000000
0.473429 0.592071 0.000000
0.503212 0.591754 0.000000
0.532995 0.591438 0.000000
0.562777 0.591121 0.000000
0.592560 0.590804 0.000000
0.622342 0.590487 0.000000
0.652125 0.590170 0.000000
0.681908 0.589854 0.000000
0.711690 0.589537 0.000000
0.741473 0.589220 0.000000
0.771256 0.588903 0.000000
0.801038 0.588586 0.000000
0.830821 0.588269 0.000000
0.860604 0.587953 0.000000
0.890386 0.587636 0.000000
0.920169 0.587319 0.000000
0.949952 0.587002 0.000000
0.979734 0.586685 0.000000
1.000000 0.586369 0.000000
1.000000 0.586052 0.000000
1.000000 0.585735 0.001433
0.092239 0.623988 0.000000
0.124606 0.623955 0.000000
0.156973 0.623922 0.000000
0.189340 0.623888 0.000000
0.221707 0.623855 0.000000
0.254075 0.623822 0.000000
0.286442 0.623788 0.000000
0.318809 0.623755 0.000000
0.349362 0.623523 0.000000
0.379145 0.623206 0.000000
0.408928 0.622889 0.000000
0.438710 0.622572 0.000000
0.468493 0.622255 0.000000
0.498276 0.621939 0.000000
0.528058 0.621622 0.000000
0.557841 0.621305 0.000000
0.587624 0.620988 0.000000
0.617406 0.620671 0.000000
0.647189 0.620355 0.000000
0.676971 0.620038 0.000000
0.706754 0.619721 0.000000
0.736537 0.619404 0.000000
0.766319 0.619087 0.000000
0.796102 0.618771 0.000000
0.825885 0.618454 0.000000
0.855667 0.618137 0.000000
0.885450 0.617820 0.000000
0.915233 0.617503 0.000000
0.945015 0.617186 0.000298
0.974798 0.616870 0.002082
1.000000 0.616553 0.003867
1.000000 0.616236 0.005651
1.000000 0.615919 0.007435
0.095997 0.655126 0.000000
0.128364 0.655093 0.000000
0.160731 0.655060 0.000000
0.193099 0.655026 0.000000
0.225296 0.654974 0.000000
0.255078 0.654657 0.000000
0.284861 0.654341 0.000000
0.314643 0.654024 0.000000
0.344426 0.653707 0.000000
0.374209 0.653390 0.000000
0.403991 0.653073 0.000000
0.433774 0.652757 0.000000
0.463557 0.652440 0.000000
0.493339 0.652123 0.000000
0.523122 0.651806 0.000000
0.552905 0.651489 0.000000
0.582687 0.651172 0.000000
0.612470 0.650856 0.000000
0.642253 0.650539 0.000000
0.672035 0.650222 0.000000
0.701818 0.649905 0.000000
0.731600 0.649588 0.000000
0.761383 0.649272 0.000000
0.791166 0.648955 0.000000
0.820948 0.648638 0.000000
0.850731 0.648321 0.000948
0.880514 0.648004 0.002732
0.910296 0.647687 0.004516
0.940079 0.647371 0.006300
0.969862 0.647054 0.008085
0.999644 0.646737 0.009869
1.000000 0.646420 0.011653
1.000000 0.646103 0.013437
0.099755 0.686264 0.000000
0.131011 0.686109 0.000000
0.160794 0.685792 0.000000
0.190577 0.685475 0.000000
0.220359 0.685158 0.000000
0.250142 0.684842 0.000000
0.279925 0.684525 0.000000
0.309707 0.684208 0.000000
0.339490 0.683891 0.000000
0.369272 0.683574 0.000000
0.399055 0.683258 0.000000
0.428838 0.682941 0.000000
0.458620 0.682624 0.000000
0.488403 0.682307 0.000000
0.518186 0.681990 0.000000
0.547968 0.681673 0.000000
0.577751 0.681357 0.000000
0.607534 0.681040 0.000000
0.637316 0.680723 0.000000
0.667099 0.680406 0.000000
0.696882 0.680089 0.000000
0.726664 0.679773 0.000000
0.756447 0.679456 0.001597
0.786229 0.679139 0.003382
0.816012 0.678822 0.005166
0.845795 0.678505 0.006950
0.875577 0.678189 0.008734
0.905360 0.677872 0.010518
0.935143 0.677555 0.012302
0.964925 0.677238 0.014087
0.994708 0.676921 0.015871
1.000000 0.676604 0.017655
1.000000 0.676288 0.019439
0.096292 0.716610 0.000000
0.126075 0.716293 0.000000
0.155858 0.715976 0.000000
0.185640 0.715659 0.000000
0.215423 0.715343 0.000000
0.245206 0.715026 0.000000
0.274988 0.714709 0.000000
0.304771 0.714392 0.000000
0.334554 0.714075 0.000000
0.364336 0.713759 0.000000
0.394119 0.713442 0.000000
0.423901 0.713125 0.000000
0.453684 0.712808 0.000000
0.483467 0.712491 0.000000
0.513249 0.712175 0.000000
0.543032 0.711858 0.000000
0.572815 0.711541 0.000000
0.602597 0.711224 0.000000
0.632380 0.710907 0.000463
0.662163 0.710590 0.002247
0.691945 0.710274 0.004031
0.721728 0.709957 0.005815
0.751511 0.709640 0.007599
0.781293 0.709323 0.009384
0.811076 0.709006 0.011168
0.840858 0.708690 0.012952
0.870641 0.708373 0.014736
0.900424 0.708056 0.016520
0.930206 0.707739 0.018305
0.959989 0.707422 0.020089
0.989772 0.707105 0.021873
1.000000 0.706789 0.023657
1.000000 0.706472 0.025441
0.091356 0.746794 0.000000
0.121139 0.746477 0.000000
0.150921 0.746161 0.000000
0.180704 0.745844 0.000000
0.210487 0.745527 0.000000
0.240269 0.745210 0.000000
0.270052 0.744893 0.000000
0.299835 0.744576 0.000000
0.329617 0.744260 0.000000
0.359400 0.743943 0.000000
0.389183 0.743626 0.000000
0.418965 0.743309 0.000000
0.448748 0.742992 0.000000
0.478530 0.742676 0.000000
0.508313 0.742359 0.000000
0.538096 0.742042 0.001112
0.567878 0.741725 0.002897
0.597661 0.741408 0.004681
0.627444 0.741091 0.006465
0.657226 0.740775 0.008249
0.687009 0.740458 0.010033
0.716792 0.740141 0.011817
0.746574 0.739824 0.013602
0.776357 0.739507 0.015386
0.806140 0.739191 0.017170
0.835922 0.738874 0.018954
0.865705 0.738557 0.020738
0.895487 0.738240 0.022522
0.925270 0.737923 0.024307
0.955053 0.737606 0.026091
0.984835 0.737290 0.027875
1.000000 0.736973 0.029659
1.000000 0.736656 0.031443
0.086420 0.776978 0.000000
0.116202 0.776662 0.000000
0.145985 0.776345 0.000000
0.175768 0.776028 0.000000
0.205550 0.775711 0.000000
0.235333 0.775394 0.000000
0.265116 0.775077 0.000000
0.294898 0.774761 0.000000
0.324681 0.774444 0.000000
0.354464 0.774127 0.000000
0.384246 0.773810 0.000000
0.414029 0.773493 0.000000
0.443812 0.773177 0.001762
0.473594 0.772860 0.003546
0.503377 0.772543 0.005330
0.533159 0.772226 0.007114
0.562942 0.771909 0.008899
0.592725 0.771592 0.010683
0.622507 0.771276 0.012467
0.652290 0.770959 0.014251
0.682073 0.770642 0.016035
0.711855 0.770325 0.017819
0.741638 0.770008 0.019604
0.771421 0.769692 0.021388
0.801203 0.769375 0.023172
0.830986 0.769058 0.024956
0.860769 0.768741 0.026740
0.890551 0.768424 0.028524
0.920334 0.768108 0.030309
0.950116 0.767791 0.032093
0.979899 0.767474 0.033877
1.000000 0.767157 0.035661
1.000000 0.766840 0.037445
0.081484 0.807163 0.000000
0.111266 0.806846 0.000000
0.141049 0.806529 0.000000
0.170831 0.806212 0.000000
0.200614 0.805895 0.000000
0.230397 0.805578 0.000000
0.260179 0.805262 0.000000
0.289962 0.804945 0.000000
0.319745 0.804628 0.000627
0.349527 0.804311 0.002411
0.379310 0.803994 0.004196
0.409093 0.803678 0.005980
0.438875 0.803361 0.007764
0.468658 0.803044 0.009548
0.498441 0.802727 0.011332
0.528223 0.802410 0.013116
0.558006 0.802094 0.014901
0.587788 0.801777 0.016685
0.617571 0.801460 0.018469
0.647354 0.801143 0.020253
0.677136 0.800826 0.022037
0.706919 0.800509 0.023822
0.736702 0.800193 0.025606
0.766484 0.799876 0.027390
0.796267 0.799559 0.029174
0.826050 0.799242 0.030958
0.855832 0.798925 0.032742
0.885615 0.798609 0.034527
0.915398 0.798292 0.036311
0.945180 0.797975 0.038095
0.974963 0.797658 0.039879
1.000000 0.797341 0.041663
1.000000 0.797024 0.043447
0.076547 0.837347 0.000000
0.106330 0.837030 0.000000
0.136113 0.836713 0.000000
0.165895 0.836396 0.000000
0.195678 0.836080 0.000000
0.225460 0.835763 0.001277
0.255243 0.835446 0.003061
0.285026 0.835129 0.004845
0.314808 0.834812 0.006629
0.344591 0.834495 0.008414
0.374374 0.834179 0.010198
0.404156 0.833862 0.011982
0.433939 0.833545 0.013766
0.463722 0.833228 0.015550
0.493504 0.832911 0.017334
0.523287 0.832595 0.019119
0.553070 0.832278 0.020903
0.582852 0.831961 0.022687
0.612635 0.831644 0.024471
0.642417 0.831327 0.026255
0.672200 0.831010 0.028039
0.701983 0.830694 0.029824
0.731765 0.830377 0.031608
0.761548 0.830060 0.033392
0.791331 0.829743 0.035176
0.821113 0.829426 0.036960
0.850896 0.829110 0.038744
0.880679 0.828793 0.040529
0.910461 0.828476 0.042313
0.940244 0.828159 0.044097
0.970027 0.827842 0.045881
0.999809 0.827525 0.047665
1.000000 0.827209 0.049449
0.071611 0.867531 0.000000
0.101394 0.867214 0.000142
0.131176 0.866897 0.001926
0.160959 0.866581 0.003711
0.190742 0.866264 0.005495
0.220524 0.865947 0.007279
0.250307 0.865630 0.009063
0.280089 0.865313 0.010847
0.309872 0.864996 0.012631
0.339655 0.864680 0.014416
0.369437 0.864363 0.016200
0.399220 0.864046 0.017984
0.429003 0.863729 0.019768
0.458785 0.863412 0.021552
0.488568 0.863096 0.023336
0.518351 0.862779 0.025121
0.548133 0.862462 0.026905
0.577916 0.862145 0.028689
0.607699 0.861828 0.030473
0.637481 0.861511 0.032257
0.667264 0.861195 0.034041
0.697046 0.860878 0.035826
0.726829 0.860561 0.037610
0.756612 0.860244 0.039394
0.786394 0.859927 0.041178
0.816177 0.859611 0.042962
0.845960 0.859294 0.044747
0.875742 0.858977 0.046531
0.905525 0.858660 0.048315
0.935308 0.858343 0.050099
0.965090 0.858027 0.051883
0.994873 0.857710 0.053667
1.000000 0.857393 0.055452
0.066675 0.897715 0.004360
0.096457 0.897398 0.006144
0.126240 0.897082 0.007928
0.156023 0.896765 0.009713
0.185805 0.896448 0.011497
0.215588 0.896131 0.013281
0.245371 0.895814 0.015065
0.275153 0.895497 0.016849
0.304936 0.895181 0.018633
0.334718 0.894864 0.020418
0.364501 0.894547 0.022202
0.394284 0.894230 0.023986
0.424066 0.893913 0.025770
0.453849 0.893597 0.027554
0.483632 0.893280 0.029339
0.513414 0.892963 0.031123
0.543197 0.892646 0.032907
0.572980 0.892329 0.034691
0.602762 0.892013 0.036475
0.632545 0.891696 0.038259
0.662328 0.891379 0.040044
0.692110 0.891062 0.041828
0.721893 0.890745 0.043612
0.751675 0.890428 0.045396
0.781458 0.890112 0.047180
0.811241 0.889795 0.048964
0.841023 0.889478 0.050749
0.870806 0.889161 0.052533
0.900589 0.888844 0.054317
0.930371 0.888528 0.056101
0.960154 0.888211 0.057885
0.989937 0.887894 0.059669
1.000000 0.887577 0.061454
0.061738 0.927899 0.010362
0.091521 0.927583 0.012146
0.121304 0.927266 0.013931
0.151086 0.926949 0.015715
0.180869 0.926632 0.017499
0.210652 0.926315 0.019283
0.240434 0.925999 0.021067
0.270217 0.925682 0.022851
0.300000 0.925365 0.024636
0.329782 0.925048 0.026420
0.359565 0.924731 0.028204
0.389347 0.924414 0.029988
0.419130 0.924098 0.031772
0.448913 0.923781 0.033556
0.478695 0.923464 0.035341
0.508478 0.923147 0.037125
0.538261 0.922830 0.038909
0.568043 0.922514 0.040693
0.597826 0.922197 0.042477
0.627609 0.921880 0.044261
0.657391 0.921563 0.046046
0.687174 0.921246 0.047830
0.716957 0.920929 0.049614
0.746739 0.920613 0.051398
0.776522 0.920296 0.053182
0.806304 0.919979 0.054966
0.836087 0.919662 0.056751
0.865870 0.919345 0.058535
0.895652 0.919029 0.060319
0.925435 0.918712 0.062103
0.955218 0.918395 0.063887
0.985000 0.918078 0.065672
1.000000 0.917761 0.067456
0.056802 0.958084 0.016364
0.086585 0.957767 0.018148
0.116367 0.957450 0.019933
0.146150 0.957133 0.021717
0.175933 0.956816 0.023501
0.205715 0.956500 0.025285
0.235498 0.956183 0.027069
0.265281 0.955866 0.028853
0.295063 0.955549 0.030638
0.324846 0.955232 0.032422
0.354629 0.954915 0.034206
0.384411 0.954599 0.035990
0.414194 0.954282 0.037774
0.443976 0.953965 0.039558
0.473759 0.953648 0.041343
0.503542 0.953331 0.043127
0.533324 0.953015 0.044911
0.563107 0.952698 0.046695
0.592890 0.952381 0.048479
0.622672 0.952064 0.050264
0.652455 0.951747 0.052048
0.682238 0.951430 0.053832
0.712020 0.951114 0.055616
0.741803 0.950797 0.057400
0.771586 0.950480 0.059184
0.801368 0.950163 0.060969
0.831151 0.949846 0.062753
0.860933 0.949530 0.064537
0.890716 0.949213 0.066321
0.920499 0.948896 0.068105
0.950281 0.948579 0.069889
0.980064 0.948262 0.071674
1.000000 0.947946 0.073458
0.051866 0.988268 0.022366
0.081648 0.987951 0.024150
0.111431 0.987634 0.025935
0.141214 0.987317 0.027719
0.170996 0.987001 0.029503
0.200779 0.986684 0.031287
0.230562 0.986367 0.033071
0.260344 0.986050 0.034856
0.290127 0.985733 0.036640
0.319910 0.985416 0.038424
0.349692 0.985100 0.040208
0.379475 0.984783 0.041992
0.409258 0.984466 0.043776
0.439040 0.984149 0.045561
0.468823 0.983832 0.047345
0.498605 0.983516 0.049129
0.528388 0.983199 0.050913
0.558171 0.982882 0.052697
0.587953 0.982565 0.054481
0.617736 0.982248 0.056266
0.647519 0.981932 0.058050
0.677301 0.981615 0.059834
0.707084 0.981298 0.061618
0.736867 0.980981 0.063402
0.766649 0.980664 0.065186
0.796432 0.980347 0.066971
0.826215 0.980031 0.068755
0.855997 0.979714 0.070539
0.885780 0.979397 0.072323
0.915563 0.979080 0.074107
0.945345 0.978763 0.075891
0.975128 0.978447 0.077676
1.000000 0.978130 0.079460
0.017452 0.001221 0.075077
0.049819 0.001188 0.073993
0.082186 0.001154 0.072909
0.114554 0.001121 0.071826
0.146921 0.001088 0.070742
0.179288 0.001054 0.069658
0.211655 0.001021 0.068574
0.244022 0.000987 0.067490
0.276389 0.000954 0.066406
0.308757 0.000921 0.065323
0.341124 0.000887 0.064239
0.373491 0.000854 0.063155
0.405858 0.000821 0.062071
0.438225 0.000787 0.060987
0.470593 0.000754 0.059903
0.502960 0.000721 0.058819
0.535327 0.000687 0.057736
0.567694 0.000654 0.056652
0.600061 0.000621 0.055568
0.632429 0.000587 0.054484
0.664796 0.000554 0.053400
0.697163 0.000521 0.052316
0.729530 0.000487 0.051233
0.761897 0.000454 0.050149
0.794265 0.000421 0.049065
0.826632 0.000387 0.047981
0.858999 0.000354 0.046897
0.891366 0.000321 0.045813
0.923733 0.000287 0.044730
0.956101 0.000254 0.043646
0.988468 0.000220 0.042562
1.000000 0.000187 0.041478
1.000000 0.000154 0.040394
0.021210 0.032359 0.071431
0.053577 0.032325 0.070347
0.085945 0.032292 0.069263
0.118312 0.032259 0.068179
0.150679 0.032225 0.067096
0.183046 0.032192 0.066012
0.215413 0.032159 0.064928
0.247781 0.032125 0.063844
0.280148 0.032092 0.062760
0.312515 0.032059 0.061676
0.344882 0.032025 0.060593
0.377249 0.031992 0.059509
0.409617 0.031959 0.058425
0.441984 0.031925 0.057341
0.474351 0.031892 0.056257
0.506718 0.031859 0.055173
0.539085 0.031825 0.054090
0.571453 0.031792 0.053006
0.603820 0.031758 0.051922
0.636187 0.031725 0.050838
0.668554 0.031692 0.049754
0.700921 0.031658 0.048670
0.733288 0.031625 0.047586
0.765656 0.031592 0.046503
0.798023 0.031558 0.045419
0.830390 0.031525 0.044335
0.862757 0.031492 0.043251
0.895124 0.031458 0.042167
0.927492 0.031425 0.041083
0.959859 0.031392 0.040000
0.992226 0.031358 0.038916
1.000000 0.031325 0.037832
1.000000 0.031292 0.036748
0.024969 0.063497 0.067785
0.057336 0.063463 0.066701
0.089703 0.063430 0.065617
0.122070 0.063397 0.064533
0.154437 0.063363 0.063450
0.186805 0.063330 0.062366
0.219172 0.063296 0.061282
0.251539 0.063263 0.060198
0.283906 0.063230 0.059114
0.316273 0.063196 0.058030
0.348640 0.063163 0.056946
0.381008 0.063130 0.055863
0.413375 0.063096 0.054779
0.445742 0.063063 0.053695
0.478109 0.063030 0.052611
0.510476 0.062996 0.051527
0.542844 0.062963 0.050443
0.575211 0.062930 0.049360
0.607578 0.062896 0.048276
0.639945 0.062863 0.047192
0.672312 0.062830 0.046108
0.704680 0.062796 0.045024
0.737047 0.062763 0.043940
0.769414 0.062730 0.042857
0.801781 0.062696 0.041773
0.834148 0.062663 0.040689
0.866516 0.062629 0.039605
0.898883 0.062596 0.038521
0.931250 0.062563 0.037437
0.963617 0.062529 0.036353
0.995984 0.062496 0.035270
1.000000 0.062463 0.034186
1.000000 0.062429 0.033102
0.028727 0.094634 0.064139
0.061094 0.094601 0.063055
0.093461 0.094568 0.061971
0.125828 0.094534 0.060887
0.158196 0.094501 0.059803
0.190563 0.094468 0.058720
0.222930 0.094434 0.057636
0.255297 0.094401 0.056552
0.287664 0.094368 0.055468
0.320032 0.094334 0.054384
0.352399 0.094301 0.053300
0.384766 0.094268 0.052217
0.417133 0.094234 0.051133
0.449500 0.094201 0.050049
0.481868 0.094167 0.048965
0.514235 0.094134 0.047881
0.546602 0.094101 0.046797
0.578969 0.094067 0.045713
0.611336 0.094034 0.044630
0.643704 0.094001 0.043546
0.676071 0.093967 0.042462
0.708438 0.093934 0.041378
0.740805 0.093901 0.040294
0.773172 0.093867 0.039210
0.805539 0.093834 0.038127
0.837907 0.093801 0.037043
0.870274 0.093767 0.035959
0.902641 0.093734 0.034875
0.935008 0.093701 0.033791
0.967375 0.093667 0.032707
0.999743 0.093634 0.031623
1.000000 0.093601 0.030540
1.000000 0.093567 0.029456
0.032485 0.125772 0.060493
0.064852 0.125739 0.059409
0.097220 0.125705 0.058325
0.129587 0.125672 0.057241
0.161954 0.125639 0.056157
0.194321 0.125605 0.055073
0.226688 0.125572 0.053990
0.259056 0.125539 0.052906
0.291423 0.125505 0.051822
0.323790 0.125472 0.050738
0.356157 0.125439 0.049654
0.388524 0.125405 0.048570
0.420891 0.125372 0.047487
0.453259 0.125339 0.046403
0.485626 0.125305 0.045319
0.517993 0.125272 0.044235
0.550360 0.125239 0.043151
0.582727 0.125205 0.042067
0.615095 0.125172 0.040983
0.647462 0.125139 0.039900
0.679829 0.125105 0.038816
0.712196 0.125072 0.037732
0.744563 0.125038 0.036648
0.776931 0.125005 0.035564
0.809298 0.124972 0.034480
0.841665 0.124938 0.033397
0.874032 0.124905 0.032313
0.906399 0.124872 0.031229
0.938767 0.124838 0.030145
0.971134 0.124805 0.029061
1.000000 0.124772 0.027977
1.000000 0.124738 0.026894
1.000000 0.124705 0.025810
0.036243 0.156910 0.056847
0.068611 0.156877 0.055763
0.100978 0.156843 0.054679
0.133345 0.156810 0.053595
0.165712 0.156777 0.052511
0.198079 0.156743 0.051427
0.230447 0.156710 0.050343
0.262814 0.156677 0.049260
0.295181 0.156643 0.048176
0.327548 0.156610 0.047092
0.359915 0.156576 0.046008
0.392283 0.156543 0.044924
0.424650 0.156510 0.043840
0.457017 0.156476 0.042757
0.489384 0.156443 0.041673
0.521751 0.156410 0.040589
0.554119 0.156376 0.039505
0.586486 0.156343 0.038421
0.618853 0.156310 0.037337
0.651220 0.156276 0.036254
0.683587 0.156243 0.035170
0.715955 0.156210 0.034086
0.748322 0.156176 0.033002
0.780689 0.156143 0.031918
0.813056 0.156110 0.030834
0.845423 0.156076 0.029750
0.877790 0.156043 0.028667
0.910158 0.156010 0.027583
0.942525 0.155976 0.026499
0.974892 0.155943 0.025415
1.000000 0.155910 0.024331
1.000000 0.155876 0.023247
1.000000 0.155843 0.022164
0.040002 0.188048 0.053200
0.072369 0.188014 0.052117
0.104736 0.187981 0.051033
0.137103 0.187948 0.049949
0.169471 0.187914 0.048865
0.201838 0.187881 0.047781
0.234205 0.187848 0.046697
0.266572 0.187814 0.045614
0.298939 0.187781 0.044530
0.331307 0.187748 0.043446
0.363674 0.187714 0.042362
0.396041 0.187681 0.041278
0.428408 0.187648 0.040194
0.460775 0.187614 0.039110
0.493142 0.187581 0.038027
0.525510 0.187548 0.036943
0.557877 0.187514 0.035859
0.590244 0.187481 0.034775
0.622611 0.187448 0.033691
0.654978 0.187414 0.032607
0.687346 0.187381 0.031524
0.719713 0.187347 0.030440
0.752080 0.187314 0.029356
0.784447 0.187281 0.028272
0.816814 0.187247 0.027188
0.849182 0.187214 0.026104
0.881549 0.187181 0.025021
0.913916 0.187147 0.023937
0.946283 0.187114 0.022853
0.978650 0.187081 0.021769
1.000000 0.187047 0.020685
1.000000 0.187014 0.019601
1.000000 0.186981 0.018517
0.043760 0.219186 0.049554
0.076127 0.219152 0.048470
0.108494 0.219119 0.047387
0.140862 0.219086 0.046303
0.173229 0.219052 0.045219
0.205596 0.219019 0.044135
0.237963 0.218986 0.043051
0.270330 0.218952 0.041967
0.302698 0.218919 0.040884
0.335065 0.218885 0.039800
0.367432 0.218852 0.038716
0.399799 0.218819 0.037632
0.432166 0.218785 0.036548
0.464534 0.218752 0.035464
0.496901 0.218719 0.034381
0.529268 0.218685 0.033297
0.561635 0.218652 0.032213
0.594002 0.218619 0.031129
0.626370 0.218585 0.030045
0.658737 0.218552 0.028961
0.691104 0.218519 0.027877
0.723471 0.218485 0.026794
0.755838 0.218452 0.025710
0.788205 0.218419 0.024626
0.820573 0.218385 0.023542
0.852940 0.218352 0.022458
0.885307 0.218319 0.021374
0.917674 0.218285 0.020291
0.950041 0.218252 0.019207
0.982409 0.218218 0.018123
1.000000 0.218185 0.017039
1.000000 0.218152 0.015955
1.000000 0.218118 0.014871
0.047518 0.250323 0.045908
0.079886 0.250290 0.044824
0.112253 0.250257 0.043741
0.144620 0.250223 0.042657
0.176987 0.250190 0.041573
0.209354 0.250157 0.040489
0.241722 0.250123 0.039405
0.274089 0.250090 0.038321
0.306456 0.250057 0.037237
0.338823 0.250023 0.036154
0.371190 0.249990 0.035070
0.403557 0.249957 0.033986
0.435925 0.249923 0.032902
0.468292 0.249890 0.031818
0.500659 0.249857 0.030734
0.533026 0.249823 0.029651
0.565393 0.249790 0.028567
0.597761 0.249756 0.027483
0.630128 0.249723 0.026399
0.662495 0.249690 0.025315
0.694862 0.249656 0.024231
0.727229 0.249623 0.023147
0.759597 0.249590 0.022064
0.791964 0.249556 0.020980
0.824331 0.249523 0.019896
0.856698 0.249490 0.018812
0.889065 0.249456 0.017728
0.921433 0.249423 0.016644
0.953800 0.249390 0.015561
0.986167 0.249356 0.014477
1.000000 0.249323 0.013393
1.000000 0.249290 0.012309
1.000000 0.249256 0.011225
0.051277 0.281461 0.042262
0.083644 0.281428 0.041178
0.116011 0.281395 0.040094
0.148378 0.281361 0.039011
0.180745 0.281328 0.037927
0.213113 0.281294 0.036843
0.245480 0.281261 0.035759
0.277847 0.281228 0.034675
0.310214 0.281194 0.033591
0.342581 0.281161 0.032507
0.374949 0.281128 0.031424
0.407316 0.281094 0.030340
0.439683 0.281061 0.029256
0.472050 0.281028 0.028172
0.504417 0.280994 0.027088
0.536785 0.280961 0.026004
0.569152 0.280928 0.024921
0.601519 0.280894 0.023837
0.633886 0.280861 0.022753
0.666253 0.280828 0.021669
0.698621 0.280794 0.020585
0.730988 0.280761 0.019501
0.763355 0.280728 0.018418
0.795722 0.280694 0.017334
0.828089 0.280661 0.016250
0.860456 0.280628 0.015166
0.892824 0.280594 0.014082
0.925191 0.280561 0.012998
0.957558 0.280527 0.011914
0.989925 0.280494 0.010831
1.000000 0.280461 0.009747
1.000000 0.280427 0.008663
1.000000 0.280394 0.007579
0.055035 0.312599 0.038616
0.087402 0.312566 0.037532
0.119769 0.312532 0.036448
0.152137 0.312499 0.035364
0.184504 0.312466 0.034281
0.216871 0.312432 0.033197
0.249238 0.312399 0.032113
0.281605 0.312366 0.031029
0.313973 0.312332 0.029945
0.346340 0.312299 0.028861
0.378707 0.312266 0.027778
0.411074 0.312232 0.026694
0.443441 0.312199 0.025610
0.475808 0.312166 0.024526
0.508176 0.312132 0.023442
0.540543 0.312099 0.022358
0.572910 0.312065 0.021274
0.605277 0.312032 0.020191
0.637644 0.311999 0.019107
0.670012 0.311965 0.018023
0.702379 0.311932 0.016939
0.734746 0.311899 0.015855
0.767113 0.311865 0.014771
0.799480 0.311832 0.013688
0.831848 0.311799 0.012604
0.864215 0.311765 0.011520
0.896582 0.311732 0.010436
0.928949 0.311699 0.009352
0.961316 0.311665 0.008268
0.993684 0.311632 0.007185
1.000000 0.311599 0.006101
1.000000 0.311565 0.005017
1.000000 0.311532 0.003933
0.058793 0.343737 0.034970
0.091160 0.343704 0.033886
0.123528 0.343670 0.032802
0.155895 0.343637 0.031718
0.188262 0.343603 0.030634
0.220629 0.343570 0.029551
0.252996 0.343537 0.028467
0.285364 0.343503 0.027383
0.317731 0.343470 0.026299
0.350098 0.343437 0.025215
0.382465 0.343403 0.024131
0.414832 0.343370 0.023048
0.447200 0.343337 0.021964
0.479567 0.343303 0.020880
0.511934 0.343270 0.019796
0.544301 0.343237 0.018712
0.576668 0.343203 0.017628
0.609036 0.343170 0.016545
0.641403 0.343137 0.015461
0.673770 0.343103 0.014377
0.706137 0.343070 0.013293
0.738504 0.343037 0.012209
0.770872 0.343003 0.011125
0.803239 0.342970 0.010041
0.835606 0.342936 0.008958
0.867973 0.342903 0.007874
0.900340 0.342870 0.006790
0.932707 0.342836 0.005706
0.965075 0.342803 0.004622
0.997442 0.342770 0.003538
1.000000 0.342736 0.002455
1.000000 0.342703 0.001371
1.000000 0.342670 0.000287
0.062552 0.374875 0.031324
0.094919 0.374841 0.030240
0.127286 0.374808 0.029156
0.159653 0.374775 0.028072
0.192020 0.374741 0.026988
0.224388 0.374708 0.025905
0.256755 0.374675 0.024821
0.289122 0.374641 0.023737
0.321489 0.374608 0.022653
0.353856 0.374575 0.021569
0.386224 0.374541 0.020485
0.418591 0.374508 0.019401
0.450958 0.374474 0.018318
0.483325 0.374441 0.017234
0.515692 0.374408 0.016150
0.548059 0.374374 0.015066
0.580427 0.374341 0.013982
0.612794 0.374308 0.012898
0.645161 0.374274 0.011815
0.677528 0.374241 0.010731
0.709895 0.374208 0.009647
0.742263 0.374174 0.008563
0.774630 0.374141 0.007479
0.806997 0.374108 0.006395
0.839364 0.374074 0.005311
0.871731 0.374041 0.004228
0.904099 0.374008 0.003144
0.936466 0.373974 0.002060
0.968833 0.373941 0.000976
1.000000 0.373908 0.000000
1.000000 0.373874 0.000000
1.000000 0.373841 0.000000
1.000000 0.373807 0.000000
0.066310 0.406012 0.027678
0.098677 0.405979 0.026594
0.131044 0.405946 0.025510
0.163411 0.405912 0.024426
0.195779 0.405879 0.023342
0.228146 0.405846 0.022258
0.260513 0.405812 0.021175
0.292880 0.405779 0.020091
0.325247 0.405746 0.019007
0.357615 0.405712 0.017923
0.389982 0.405679 0.016839
0.422349 0.405646 0.015755
0.454716 0.405612 0.014671
0.487083 0.405579 0.013588
0.519451 0.405546 0.012504
0.551818 0.405512 0.011420
0.584185 0.405479 0.010336
0.616552 0.405446 0.009252
0.648919 0.405412 0.008168
0.681287 0.405379 0.007085
0.713654 0.405345 0.006001
0.746021 0.405312 0.004917
0.778388 0.405279 0.003833
0.810755 0.405245 0.002749
0.843123 0.405212 0.001665
0.875490 0.405179 0.000582
0.907857 0.405145 0.000000
0.940224 0.405112 0.000000
0.972591 0.405079 0.000000
1.000000 0.405045 0.000000
1.000000 0.405012 0.000000
1.000000 0.404839 0.000000
1.000000 0.404522 0.000000
0.070068 0.437150 0.024031
0.102435 0.437117 0.022948
0.134803 0.437084 0.021864
0.167170 0.437050 0.020780
0.199537 0.437017 0.019696
0.231904 0.436984 0.018612
0.264271 0.436950 0.017528
0.296639 0.436917 0.016445
0.329006 0.436883 0.015361
0.361373 0.436850 0.014277
0.393740 0.436817 0.013193
0.426107 0.436783 0.012109
0.458475 0.436750 0.011025
0.490842 0.436717 0.009942
0.523209 0.436683 0.008858
0.555576 0.436650 0.007774
0.587943 0.436617 0.006690
0.620310 0.436583 0.005606
0.652678 0.436550 0.004522
0.685045 0.436517 0.003438
0.717412 0.436483 0.002355
0.749779 0.436450 0.001271
0.782146 0.436417 0.000187
0.814514 0.436383 0.000000
0.846881 0.436350 0.000000
0.879248 0.436317 0.000000
0.911615 0.436283 0.000000
0.943982 0.436250 0.000000
0.974135 0.435974 0.000000
1.000000 0.435657 0.000000
1.000000 0.435340 0.000000
1.000000 0.435023 0.001494
1.000000 0.434706 0.003278
0.073827 0.468288 0.020385
0.106194 0.468255 0.019302
0.138561 0.468221 0.018218
0.170928 0.468188 0.017134
0.203295 0.468155 0.016050
0.235662 0.468121 0.014966
0.268030 0.468088 0.013882
0.300397 0.468055 0.012798
0.332764 0.468021 0.011715
0.365131 0.467988 0.010631
0.397498 0.467955 0.009547
0.429866 0.467921 0.008463
0.462233 0.467888 0.007379
0.494600 0.467855 0.006295
0.526967 0.467821 0.005212
0.559334 0.467788 0.004128
0.591702 0.467755 0.003044
0.624069 0.467721 0.001960
0.656436 0.467688 0.000876
0.688803 0.467654 0.000000
0.721170 0.467621 0.000000
0.753538 0.467588 0.000000
0.785905 0.467554 0.000000
0.818272 0.467521 0.000000
0.850068 0.467425 0.000000
0.879850 0.467108 0.000000
0.909633 0.466791 0.000000
0.939416 0.466475 0.000360
0.969198 0.466158 0.002144
0.998981 0.465841 0.003928
1.000000 0.465524 0.005712
1.000000 0.465207 0.007496
1.000000 0.464891 0.009281
0.077585 0.499426 0.016739
0.109952 0.499393 0.015655
0.142319 0.499359 0.014572
0.174686 0.499326 0.013488
0.207054 0.499293 0.012404
0.239421 0.499259 0.011320
0.271788 0.499226 0.010236
0.304155 0.499192 0.009152
0.336522 0.499159 0.008069
0.368890 0.499126 0.006985
0.401257 0.499092 0.005901
0.433624 0.499059 0.004817
0.465991 0.499026 0.003733
0.498358 0.498992 0.002649
0.530726 0.498959 0.001565
0.563093 0.498926 0.000482
0.595460 0.498892 0.000000
0.627827 0.498859 0.000000
0.660194 0.498826 0.000000
0.692561 0.498792 0.000000
0.724929 0.498759 0.000000
0.755784 0.498560 0.000000
0.785566 0.498243 0.000000
0.815349 0.497926 0.000000
0.845131 0.497609 0.001009
0.874914 0.497292 0.002793
0.904697 0.496976 0.004578
0.934479 0.496659 0.006362
0.964262 0.496342 0.008146
0.994045 0.496025 0.009930
1.000000 0.495708 0.011714
1.000000 0.495392 0.013498
1.000000 0.495075 0.015283
0.081343 0.530564 0.013093
0.113710 0.530530 0.012009
0.146078 0.530497 0.010925
0.178445 0.530464 0.009842
0.210812 0.530430 0.008758
0.243179 0.530397 0.007674
0.275546 0.530364 0.006590
0.307913 0.530330 0.005506
0.340281 0.530297 0.004422
0.372648 0.530264 0.003339
0.405015 0.530230 0.002255
0.437382 0.530197 0.001171
0.469749 0.530164 0.000087
0.502117 0.530130 0.000000
0.534484 0.530097 0.000000
0.566851 0.530063 0.000000
0.599218 0.530030 0.000000
0.631585 0.529997 0.000000
0.661499 0.529694 0.000000
0.691282 0.529378 0.000000
0.721065 0.529061 0.000000
0.750847 0.528744 0.001659
0.780630 0.528427 0.003443
0.810413 0.528110 0.005227
0.840195 0.527793 0.007011
0.869978 0.527477 0.008795
0.899760 0.527160 0.010580
0.929543 0.526843 0.012364
0.959326 0.526526 0.014148
0.989108 0.526209 0.015932
1.000000 0.525893 0.017716
1.000000 0.525576 0.019501
1.000000 0.525259 0.021285
0.085101 0.561702 0.009447
0.117469 0.561668 0.008363
0.149836 0.561635 0.007279
0.182203 0.561601 0.006195
0.214570 0.561568 0.005112
0.246937 0.561535 0.004028
0.279305 0.561501 0.002944
0.311672 0.561468 0.001860
0.344039 0.561435 0.000776
0.376406 0.561401 0.000000
0.408773 0.561368 0.000000
0.441141 0.561335 0.000000
0.473508 0.561301 0.000000
0.505875 0.561268 0.000000
0.537432 0.561146 0.000000
0.567215 0.560829 0.000000
0.596998 0.560512 0.000000
0.626780 0.560195 0.000524
0.656563 0.559879 0.002308
0.686346 0.559562 0.004093
0.716128 0.559245 0.005877
0.745911 0.558928 0.007661
0.775694 0.558611 0.009445
0.805476 0.558295 0.011229
0.835259 0.557978 0.013013
0.865042 0.557661 0.014798
0.894824 0.557344 0.016582
0.924607 0.557027 0.018366
0.954389 0.556710 0.020150
0.984172 0.556394 0.021934
1.000000 0.556077 0.023718
1.000000 0.555760 0.025503
1.000000 0.555443 0.027287
0.088860 0.592839 0.005801
0.121227 0.592806 0.004717
0.153594 0.592773 0.003633
0.185961 0.592739 0.002549
0.218329 0.592706 0.001466
0.250696 0.592673 0.000382
0.283063 0.592639 0.000000
0.315430 0.592606 0.000000
0.347797 0.592573 0.000000
0.380164 0.592539 0.000000
0.412532 0.592506 0.000000
0.443148 0.592281 0.000000
0.472931 0.591964 0.000000
0.502714 0.591647 0.000000
0.532496 0.591330 0.001174
0.562279 0.591013 0.002958
0.592061 0.590696 0.004742
0.621844 0.590380 0.006526
0.651627 0.590063 0.008310
0.681409 0.589746 0.010095
0.711192 0.589429 0.011879
0.740975 0.589112 0.013663
0.770757 0.588796 0.015447
0.800540 0.588479 0.017231
0.830323 0.588162 0.019015
0.860105 0.587845 0.020800
0.889888 0.587528 0.022584
0.919671 0.587211 0.024368
0.949453 0.586895 0.026152
0.979236 0.586578 0.027936
1.000000 0.586261 0.029720
1.000000 0.585944 0.031505
1.000000 0.585627 0.033289
0.092618 0.623977 0.002155
0.124985 0.623944 0.001071
0.157352 0.623910 0.000000
0.189720 0.623877 0.000000
0.222087 0.623844 0.000000
0.254454 0.623810 0.000000
0.286821 0.623777 0.000000
0.319081 0.623732 0.000000
0.348864 0.623415 0.000000
0.378647 0.623098 0.000000
0.408429 0.622782 0.000039
0.438212 0.622465 0.001823
0.467995 0.622148 0.003607
0.497777 0.621831 0.005392
0.527560 0.621514 0.007176
0.557343 0.621197 0.008960
0.587125 0.620881 0.010744
0.616908 0.620564 0.012528
0.646690 0.620247 0.014312
0.676473 0.619930 0.016097
0.706256 0.619613 0.017881
0.736038 0.619297 0.019665
0.765821 0.618980 0.021449
0.795604 0.618663 0.023233
0.825386 0.618346 0.025018
0.855169 0.618029 0.026802
0.884952 0.617712 0.028586
0.914734 0.617396 0.030370
0.944517 0.617079 0.032154
0.974300 0.616762 0.033938
1.000000 0.616445 0.035723
1.000000 0.616128 0.037507
1.000000 0.615812 0.039291
0.096376 0.655115 0.000000
0.128744 0.655082 0.000000
0.161111 0.655048 0.000000
0.193478 0.655015 0.000000
0.224797 0.654867 0.000000
0.254580 0.654550 0.000000
0.284362 0.654233 0.000000
0.314145 0.653916 0.000689
0.343928 0.653599 0.002473
0.373710 0.653283 0.004257
0.403493 0.652966 0.006041
0.433276 0.652649 0.007825
0.463058 0.652332 0.009610
0.492841 0.652015 0.011394
0.522624 0.651698 0.013178
0.552406 0.651382 0.014962
0.582189 0.651065 0.016746
0.611972 0.650748 0.018530
0.641754 0.650431 0.020315
0.671537 0.650114 0.022099
0.701319 0.649798 0.023883
0.731102 0.649481 0.025667
0.760885 0.649164 0.027451
0.790667 0.648847 0.029235
0.820450 0.648530 0.031020
0.850233 0.648214 0.032804
0.880015 0.647897 0.034588
0.909798 0.647580 0.036372
0.939581 0.647263 0.038156
0.969363 0.646946 0.039940
0.999146 0.646629 0.041725
1.000000 0.646313 0.043509
1.000000 0.645996 0.045293
0.100135 0.686253 0.000000
0.130513 0.686001 0.000000
0.160296 0.685684 0.000000
0.190078 0.685368 0.000000
0.219861 0.685051 0.001338
0.249644 0.684734 0.003122
0.279426 0.684417 0.004907
0.309209 0.684100 0.006691
0.338991 0.683784 0.008475
0.368774 0.683467 0.010259
0.398557 0.683150 0.012043
0.428339 0.682833 0.013827
0.458122 0.682516 0.015612
0.487905 0.682200 0.017396
0.517687 0.681883 0.019180
0.547470 0.681566 0.020964
0.577253 0.681249 0.022748
0.607035 0.680932 0.024532
0.636818 0.680615 0.026317
0.666601 0.680299 0.028101
0.696383 0.679982 0.029885
0.726166 0.679665 0.031669
0.755949 0.679348 0.033453
0.785731 0.679031 0.035237
0.815514 0.678715 0.037022
0.845296 0.678398 0.038806
0.875079 0.678081 0.040590
0.904862 0.677764 0.042374
0.934644 0.677447 0.044158
0.964427 0.677130 0.045943
0.994210 0.676814 0.047727
1.000000 0.676497 0.049511
1.000000 0.676180 0.051295
0.095794 0.716502 0.000204
0.125577 0.716186 0.001988
0.155359 0.715869 0.003772
0.185142 0.715552 0.005556
0.214925 0.715235 0.007340
0.244707 0.714918 0.009124
0.274490 0.714601 0.010909
0.304273 0.714285 0.012693
0.334055 0.713968 0.014477
0.363838 0.713651 0.016261
0.393621 0.713334 0.018045
0.423403 0.713017 0.019829
0.453186 0.712701 0.021614
0.482968 0.712384 0.023398
0.512751 0.712067 0.025182
0.542534 0.711750 0.026966
0.572316 0.711433 0.028750
0.602099 0.711116 0.030535
0.631882 0.710800 0.032319
0.661664 0.710483 0.034103
0.691447 0.710166 0.035887
0.721230 0.709849 0.037671
0.751012 0.709532 0.039455
0.780795 0.709216 0.041240
0.810578 0.708899 0.043024
0.840360 0.708582 0.044808
0.870143 0.708265 0.046592
0.899925 0.707948 0.048376
0.929708 0.707631 0.050160
0.959491 0.707315 0.051945
0.989273 0.706998 0.053729
1.000000 0.706681 0.055513
1.000000 0.706364 0.057297
0.090858 0.746687 0.006206
0.120640 0.746370 0.007990
0.150423 0.746053 0.009774
0.180206 0.745736 0.011558
0.209988 0.745419 0.013342
0.239771 0.745102 0.015127
0.269554 0.744786 0.016911
0.299336 0.744469 0.018695
0.329119 0.744152 0.020479
0.358902 0.743835 0.022263
0.388684 0.743518 0.024047
0.418467 0.743202 0.025832
0.448250 0.742885 0.027616
0.478032 0.742568 0.029400
0.507815 0.742251 0.031184
0.537597 0.741934 0.032968
0.567380 0.741617 0.034752
0.597163 0.741301 0.036537
0.626945 0.740984 0.038321
0.656728 0.740667 0.040105
0.686511 0.740350 0.041889
0.716293 0.740033 0.043673
0.746076 0.739717 0.045457
0.775859 0.739400 0.047242
0.805641 0.739083 0.049026
0.835424 0.738766 0.050810
0.865207 0.738449 0.052594
0.894989 0.738133 0.054378
0.924772 0.737816 0.056163
0.954554 0.737499 0.057947
0.984337 0.737182 0.059731
1.000000 0.736865 0.061515
1.000000 0.736548 0.063299
0.085922 0.776871 0.012208
0.115704 0.776554 0.013992
0.145487 0.776237 0.015776
0.175269 0.775920 0.017560
0.205052 0.775603 0.019344
0.234835 0.775287 0.021129
0.264617 0.774970 0.022913
0.294400 0.774653 0.024697
0.324183 0.774336 0.026481
0.353965 0.774019 0.028265
0.383748 0.773703 0.030049
0.413531 0.773386 0.031834
0.443313 0.773069 0.033618
0.473096 0.772752 0.035402
0.502879 0.772435 0.037186
0.532661 0.772119 0.038970
0.562444 0.771802 0.040755
0.592226 0.771485 0.042539
0.622009 0.771168 0.044323
0.651792 0.770851 0.046107
0.681574 0.770534 0.047891
0.711357 0.770218 0.049675
0.741140 0.769901 0.051460
0.770922 0.769584 0.053244
0.800705 0.769267 0.055028
0.830488 0.768950 0.056812
0.860270 0.768634 0.058596
0.890053 0.768317 0.060380
0.919836 0.768000 0.062165
0.949618 0.767683 0.063949
0.979401 0.767366 0.065733
1.000000 0.767049 0.067517
1.000000 0.766733 0.069301
0.080985 0.807055 0.018210
0.110768 0.806738 0.019994
0.140551 0.806421 0.021778
0.170333 0.806105 0.023562
0.200116 0.805788 0.025347
0.229898 0.805471 0.027131
0.259681 0.805154 0.028915
0.289464 0.804837 0.030699
0.319246 0.804520 0.032483
0.349029 0.804204 0.034267
0.378812 0.803887 0.036052
0.408594 0.803570 0.037836
0.438377 0.803253 0.039620
0.468160 0.802936 0.041404
0.497942 0.802620 0.043188
0.527725 0.802303 0.044972
0.557508 0.801986 0.046757
0.587290 0.801669 0.048541
0.617073 0.801352 0.050325
0.646855 0.801035 0.052109
0.676638 0.800719 0.053893
0.706421 0.800402 0.055677
0.736203 0.800085 0.057462
0.765986 0.799768 0.059246
0.795769 0.799451 0.061030
0.825551 0.799135 0.062814
0.855334 0.798818 0.064598
0.885117 0.798501 0.066382
0.914899 0.798184 0.068167
0.944682 0.797867 0.069951
0.974465 0.797550 0.071735
1.000000 0.797234 0.073519
1.000000 0.796917 0.075303
0.076049 0.837239 0.024212
0.105832 0.836922 0.025996
0.135614 0.836606 0.027780
0.165397 0.836289 0.029564
0.195180 0.835972 0.031349
0.224962 0.835655 0.033133
0.254745 0.835338 0.034917
0.284527 0.835021 0.036701
0.314310 0.834705 0.038485
0.344093 0.834388 0.040269
0.373875 0.834071 0.042054
0.403658 0.833754 0.043838
0.433441 0.833437 0.045622
0.463223 0.833121 0.047406
0.493006 0.832804 0.049190
0.522789 0.832487 0.050974
0.552571 0.832170 0.052759
0.582354 0.831853 0.054543
0.612137 0.831536 0.056327
0.641919 0.831220 0.058111
0.671702 0.830903 0.059895
0.701484 0.830586 0.061680
0.731267 0.830269 0.063464
0.761050 0.829952 0.065248
0.790832 0.829636 0.067032
0.820615 0.829319 0.068816
0.850398 0.829002 0.070600
0.880180 0.828685 0.072385
0.909963 0.828368 0.074169
0.939746 0.828052 0.075953
0.969528 0.827735 0.077737
0.999311 0.827418 0.079521
1.000000 0.827101 0.081305
0.071113 0.867423 0.030214
0.100895 0.867107 0.031998
0.130678 0.866790 0.033782
0.160461 0.866473 0.035566
0.190243 0.866156 0.037351
0.220026 0.865839 0.039135
0.249809 0.865522 0.040919
0.279591 0.865206 0.042703
0.309374 0.864889 0.044487
0.339156 0.864572 0.046272
0.368939 0.864255 0.048056
0.398722 0.863938 0.049840
0.428504 0.863622 0.051624
0.458287 0.863305 0.053408
0.488070 0.862988 0.055192
0.517852 0.862671 0.056977
0.547635 0.862354 0.058761
0.577418 0.862038 0.060545
0.607200 0.861721 0.062329
0.636983 0.861404 0.064113
0.666766 0.861087 0.065897
0.696548 0.860770 0.067682
0.726331 0.860453 0.069466
0.756113 0.860137 0.071250
0.785896 0.859820 0.073034
0.815679 0.859503 0.074818
0.845461 0.859186 0.076602
0.875244 0.858869 0.078387
0.905027 0.858553 0.080171
0.934809 0.858236 0.081955
0.964592 0.857919 0.083739
0.994375 0.857602 0.085523
1.000000 0.857285 0.087307
0.066176 0.897608 0.036216
0.095959 0.897291 0.038000
0.125742 0.896974 0.039784
0.155524 0.896657 0.041569
0.185307 0.896340 0.043353
0.215090 0.896024 0.045137
0.244872 0.895707 0.046921
0.274655 0.895390 0.048705
0.304438 0.895073 0.050489
0.334220 0.894756 0.052274
0.364003 0.894439 0.054058
0.393785 0.894123 0.055842
0.423568 0.893806 0.057626
0.453351 0.893489 0.059410
0.483133 0.893172 0.061194
0.512916 0.892855 0.062979
0.542699 0.892539 0.064763
0.572481 0.892222 0.066547
0.602264 0.891905 0.068331
0.632047 0.891588 0.070115
0.661829 0.891271 0.071899
0.691612 0.890954 0.073684
0.721395 0.890638 0.075468
0.751177 0.890321 0.077252
0.780960 0.890004 0.079036
0.810742 0.889687 0.080820
0.840525 0.889370 0.082605
0.870308 0.889054 0.084389
0.900090 0.888737 0.086173
0.929873 0.888420 0.087957
0.959656 0.888103 0.089741
0.989438 0.887786 0.091525
1.000000 0.887469 0.093310
0.061240 0.927792 0.042218
0.091023 0.927475 0.044002
0.120805 0.927158 0.045786
0.150588 0.926841 0.047571
0.180371 0.926525 0.049355
0.210153 0.926208 0.051139
0.239936 0.925891 0.052923
0.269719 0.925574 0.054707
0.299501 0.925257 0.056491
0.329284 0.924940 0.058276
0.359067 0.924624 0.060060
0.388849 0.924307 0.061844
0.418632 0.923990 0.063628
0.448414 0.923673 0.065412
0.478197 0.923356 0.067197
0.507980 0.923040 0.068981
0.537762 0.922723 0.070765
0.567545 0.922406 0.072549
0.597328 0.922089 0.074333
0.627110 0.921772 0.076117
0.656893 0.921455 0.077902
0.686676 0.921139 0.079686
0.716458 0.920822 0.081470
0.746241 0.920505 0.083254
0.776024 0.920188 0.085038
0.805806 0.919871 0.086822
0.835589 0.919555 0.088607
0.865371 0.919238 0.090391
0.895154 0.918921 0.092175
0.924937 0.918604 0.093959
0.954719 0.918287 0.095743
0.984502 0.917971 0.097527
1.000000 0.917654 0.099312
0.056304 0.957976 0.048220
0.086086 0.957659 0.050004
0.115869 0.957342 0.051789
0.145652 0.957026 0.053573
0.175434 0.956709 0.055357
0.205217 0.956392 0.057141
0.235000 0.956075 0.058925
0.264782 0.955758 0.060709
0.294565 0.955441 0.062494
0.324348 0.955125 0.064278
0.354130 0.954808 0.066062
0.383913 0.954491 0.067846
0.413696 0.954174 0.069630
0.443478 0.953857 0.071414
0.473261 0.953541 0.073199
0.503043 0.953224 0.074983
0.532826 0.952907 0.076767
0.562609 0.952590 0.078551
0.592391 0.952273 0.080335
0.622174 0.951957 0.082119
0.651957 0.951640 0.083904
0.681739 0.951323 0.085688
0.711522 0.951006 0.087472
0.741305 0.950689 0.089256
0.771087 0.950372 0.091040
0.800870 0.950056 0.092824
0.830653 0.949739 0.094609
0.860435 0.949422 0.096393
0.890218 0.949105 0.098177
0.920000 0.948788 0.099961
0.949783 0.948472 0.101745
0.979566 0.948155 0.103530
1.000000 0.947838 0.105314
0.051368 0.988160 0.054222
0.081150 0.987843 0.056006
0.110933 0.987527 0.057791
0.140715 0.987210 0.059575
0.170498 0.986893 0.061359
0.200281 0.986576 0.063143
0.230063 0.986259 0.064927
0.259846 0.985943 0.066711
0.289629 0.985626 0.068496
0.319411 0.985309 0.070280
0.349194 0.984992 0.072064
0.378977 0.984675 0.073848
0.408759 0.984358 0.075632
0.438542 0.984042 0.077416
0.468325 0.983725 0.079201
0.498107 0.983408 0.080985
0.527890 0.983091 0.082769
0.557672 0.982774 0.084553
0.587455 0.982458 0.086337
0.617238 0.982141 0.088122
0.647020 0.981824 0.089906
0.676803 0.981507 0.091690
0.706586 0.981190 0.093474
0.736368 0.980873 0.095258
0.766151 0.980557 0.097042
0.795934 0.980240 0.098827
0.825716 0.979923 0.100611
0.855499 0.979606 0.102395
0.885282 0.979289 0.104179
0.915064 0.978973 0.105963
0.944847 0.978656 0.107747
0.974629 0.978339 0.109532
1.000000 0.978022 0.111316
0.017831 0.001210 0.105959
0.050199 0.001176 0.104875
0.082566 0.001143 0.103791
0.114933 0.001110 0.102708
0.147300 0.001076 0.101624
0.179667 0.001043 0.100540
0.212034 0.001010 0.099456
0.244402 0.000976 0.098372
0.276769 0.000943 0.097288
0.309136 0.000909 0.096204
0.341503 0.000876 0.095121
0.373870 0.000843 0.094037
0.406238 0.000809 0.092953
0.438605 0.000776 0.091869
0.470972 0.000743 0.090785
0.503339 0.000709 0.089701
0.535706 0.000676 0.088618
0.568074 0.000643 0.087534
0.600441 0.000609 0.086450
0.632808 0.000576 0.085366
0.665175 0.000543 0.084282
0.697542 0.000509 0.083198
0.729910 0.000476 0.082115
0.762277 0.000443 0.081031
0.794644 0.000409 0.079947
0.827011 0.000376 0.078863
0.859378 0.000343 0.077779
0.891746 0.000309 0.076695
0.924113 0.000276 0.075611
0.956480 0.000242 0.074528
0.988847 0.000209 0.073444
1.000000 0.000176 0.072360
1.000000 0.000142 0.071276
0.021590 0.032347 0.102313
0.053957 0.032314 0.101229
0.086324 0.032281 0.100145
0.118691 0.032247 0.099061
0.151058 0.032214 0.097978
0.183426 0.032181 0.096894
0.215793 0.032147 0.095810
0.248160 0.032114 0.094726
0.280527 0.032081 0.093642
0.312894 0.032047 0.092558
0.345262 0.032014 0.091475
0.377629 0.031981 0.090391
0.409996 0.031947 0.089307
0.442363 0.031914 0.088223
0.474730 0.031881 0.087139
0.507098 0.031847 0.086055
0.539465 0.031814 0.084971
0.571832 0.031780 0.083888
0.604199 0.031747 0.082804
0.636566 0.031714 0.081720
0.668933 0.031680 0.080636
0.701301 0.031647 0.079552
0.733668 0.031614 0.078468
0.766035 0.031580 0.077385
0.798402 0.031547 0.076301
0.830769 0.031514 0.075217
0.863137 0.031480 0.074133
0.895504 0.031447 0.073049
0.927871 0.031414 0.071965
0.960238 0.031380 0.070881
0.992605 0.031347 0.069798
1.000000 0.031314 0.068714
1.000000 0.031280 0.067630
0.025348 0.063485 0.098667
0.057715 0.063452 0.097583
0.090082 0.063419 0.096499
0.122450 0.063385 0.095415
0.154817 0.063352 0.094331
0.187184 0.063318 0.093248
0.219551 0.063285 0.092164
0.251918 0.063252 0.091080
0.284285 0.063218 0.089996
0.316653 0.063185 0.088912
0.349020 0.063152 0.087828
0.381387 0.063118 0.086745
0.413754 0.063085 0.085661
0.446121 0.063052 0.084577
0.478489 0.063018 0.083493
0.510856 0.062985 0.082409
0.543223 0.062952 0.081325
0.575590 0.062918 0.080241
0.607957 0.062885 0.079158
0.640325 0.062852 0.078074
0.672692 0.062818 0.076990
0.705059 0.062785 0.075906
0.737426 0.062752 0.074822
0.769793 0.062718 0.073738
0.802161 0.062685 0.072655
0.834528 0.062651 0.071571
0.866895 0.062618 0.070487
0.899262 0.062585 0.069403
0.931629 0.062551 0.068319
0.963997 0.062518 0.067235
0.996364 0.062485 0.066152
1.000000 0.062451 0.065068
1.000000 0.062418 0.063984
0.029106 0.094623 0.095021
0.061473 0.094590 0.093937
0.093841 0.094556 0.092853
0.126208 0.094523 0.091769
0.158575 0.094490 0.090685
0.190942 0.094456 0.089601
0.223309 0.094423 0.088518
0.255677 0.094390 0.087434
0.288044 0.094356 0.086350
0.320411 0.094323 0.085266
0.352778 0.094290 0.084182
0.385145 0.094256 0.083098
0.417513 0.094223 0.082015
0.449880 0.094189 0.080931
0.482247 0.094156 0.079847
0.514614 0.094123 0.078763
0.546981 0.094089 0.077679
0.579349 0.094056 0.076595
0.611716 0.094023 0.075512
0.644083 0.093989 0.074428
0.676450 0.093956 0.073344
0.708817 0.093923 0.072260
0.741184 0.093889 0.071176
0.773552 0.093856 0.070092
0.805919 0.093823 0.069008
0.838286 0.093789 0.067925
0.870653 0.093756 0.066841
0.903020 0.093723 0.065757
0.935388 0.093689 0.064673
0.967755 0.093656 0.063589
1.000000 0.093623 0.062505
1.000000 0.093589 0.061422
1.000000 0.093556 0.060338
0.032865 0.125761 0.091375
0.065232 0.125727 0.090291
0.097599 0.125694 0.089207
0.129966 0.125661 0.088123
0.162333 0.125627 0.087039
0.194701 0.125594 0.085955
0.227068 0.125561 0.084872
0.259435 0.125527 0.083788
0.291802 0.125494 0.082704
0.324169 0.125461 0.081620
0.356536 0.125427 0.080536
0.388904 0.125394 0.079452
0.421271 0.125361 0.078368
0.453638 0.125327 0.077285
0.486005 0.125294 0.076201
0.518372 0.125261 0.075117
0.550740 0.125227 0.074033
0.583107 0.125194 0.072949
0.615474 0.125161 0.071865
0.647841 0.125127 0.070782
0.680208 0.125094 0.069698
0.712576 0.125061 0.068614
0.744943 0.125027 0.067530
0.777310 0.124994 0.066446
0.809677 0.124960 0.065362
0.842044 0.124927 0.064279
0.874412 0.124894 0.063195
0.906779 0.124860 0.062111
0.939146 0.124827 0.061027
0.971513 0.124794 0.059943
1.000000 0.124760 0.058859
1.000000 0.124727 0.057775
1.000000 0.124694 0.056692
0.036623 0.156899 0.087728
0.068990 0.156865 0.086645
0.101357 0.156832 0.085561
0.133724 0.156799 0.084477
0.166092 0.156765 0.083393
0.198459 0.156732 0.082309
0.230826 0.156699 0.081225
0.263193 0.156665 0.080142
0.295560 0.156632 0.079058
0.327928 0.156599 0.077974
0.360295 0.156565 0.076890
0.392662 0.156532 0.075806
0.425029 0.156498 0.074722
0.457396 0.156465 0.073639
0.489764 0.156432 0.072555
0.522131 0.156398 0.071471
0.554498 0.156365 0.070387
0.586865 0.156332 0.069303
0.619232 0.156298 0.068219
0.651600 0.156265 0.067135
0.683967 0.156232 0.066052
0.716334 0.156198 0.064968
0.748701 0.156165 0.063884
0.781068 0.156132 0.062800
0.813435 0.156098 0.061716
0.845803 0.156065 0.060632
0.878170 0.156032 0.059549
0.910537 0.155998 0.058465
0.942904 0.155965 0.057381
0.975271 0.155932 0.056297
1.000000 0.155898 0.055213
1.000000 0.155865 0.054129
1.000000 0.155831 0.053045
0.040381 0.188036 0.084082
0.072748 0.188003 0.082999
0.105116 0.187970 0.081915
0.137483 0.187936 0.080831
0.169850 0.187903 0.079747
0.202217 0.187870 0.078663
0.234584 0.187836 0.077579
0.266952 0.187803 0.076495
0.299319 0.187770 0.075412
0.331686 0.187736 0.074328
0.364053 0.187703 0.073244
0.396420 0.187670 0.072160
0.428787 0.187636 0.071076
0.461155 0.187603 0.069992
0.493522 0.187570 0.068909
0.525889 0.187536 0.067825
0.558256 0.187503 0.066741
0.590623 0.187470 0.065657
0.622991 0.187436 0.064573
0.655358 0.187403 0.063489
0.687725 0.187369 0.062405
0.720092 0.187336 0.061322
0.752459 0.187303 0.060238
0.784827 0.187269 0.059154
0.817194 0.187236 0.058070
0.849561 0.187203 0.056986
0.881928 0.187169 0.055902
0.914295 0.187136 0.054819
0.946663 0.187103 0.053735
0.979030 0.187069 0.052651
1.000000 0.187036 0.051567
1.000000 0.187003 0.050483
1.000000 0.186969 0.049399
0.044139 0.219174 0.080436
0.076507 0.219141 0.079352
0.108874 0.219108 0.078269
0.141241 0.219074 0.077185
0.173608 0.219041 0.076101
0.205975 0.219008 0.075017
0.238343 0.218974 0.073933
0.270710 0.218941 0.072849
0.303077 0.218907 0.071765
0.335444 0.218874 0.070682
0.367811 0.218841 0.069598
0.400179 0.218807 0.068514
0.432546 0.218774 0.067430
0.464913 0.218741 0.066346
0.497280 0.218707 0.065262
0.529647 0.218674 0.064179
0.562015 0.218641 0.063095
0.594382 0.218607 0.062011
0.626749 0.218574 0.060927
0.659116 0.218541 0.059843
0.691483 0.218507 0.058759
0.723851 0.218474 0.057676
0.756218 0.218441 0.056592
0.788585 0.218407 0.055508
0.820952 0.218374 0.054424
0.853319 0.218341 0.053340
0.885686 0.218307 0.052256
0.918054 0.218274 0.051172
0.950421 0.218241 0.050089
0.982788 0.218207 0.049005
1.000000 0.218174 0.047921
1.000000 0.218140 0.046837
1.000000 0.218107 0.045753
0.047898 0.250312 0.076790
0.080265 0.250279 0.075706
0.112632 0.250245 0.074622
0.144999 0.250212 0.073539
0.177367 0.250179 0.072455
0.209734 0.250145 0.071371
0.242101 0.250112 0.070287
0.274468 0.250079 0.069203
0.306835 0.250045 0.068119
0.339203 0.250012 0.067036
0.371570 0.249979 0.065952
0.403937 0.249945 0.064868
0.436304 0.249912 0.063784
0.468671 0.249879 0.062700
0.501038 0.249845 0.061616
0.533406 0.249812 0.060532
0.565773 0.249779 0.059449
0.598140 0.249745 0.058365
0.630507 0.249712 0.057281
0.662874 0.249678 0.056197
0.695242 0.249645 0.055113
0.727609 0.249612 0.054029
0.759976 0.249578 0.052946
0.792343 0.249545 0.051862
0.824710 0.249512 0.050778
0.857078 0.249478 0.049694
0.889445 0.249445 0.048610
0.921812 0.249412 0.047526
0.954179 0.249378 0.046443
0.986546 0.249345 0.045359
1.000000 0.249312 0.044275
1.000000 0.249278 0.043191
1.000000 0.249245 0.042107
0.051656 0.281450 0.073144
0.084023 0.281417 0.072060
0.116390 0.281383 0.070976
0.148758 0.281350 0.069892
0.181125 0.281317 0.068809
0.213492 0.281283 0.067725
0.245859 0.281250 0.066641
0.278226 0.281216 0.065557
0.310594 0.281183 0.064473
0.342961 0.281150 0.063389
0.375328 0.281116 0.062306
0.407695 0.281083 0.061222
0.440062 0.281050 0.060138
0.472430 0.281016 0.059054
0.504797 0.280983 0.057970
0.537164 0.280950 0.056886
0.569531 0.280916 0.055803
0.601898 0.280883 0.054719
0.634266 0.280850 0.053635
0.666633 0.280816 0.052551
0.699000 0.280783 0.051467
0.731367 0.280750 0.050383
0.763734 0.280716 0.049299
0.796102 0.280683 0.048216
0.828469 0.280650 0.047132
0.860836 0.280616 0.046048
0.893203 0.280583 0.044964
0.925570 0.280549 0.043880
0.957937 0.280516 0.042796
0.990305 0.280483 0.041713
1.000000 0.280449 0.040629
1.000000 0.280416 0.039545
1.000000 0.280383 0.038461
0.055414 0.312588 0.069498
0.087782 0.312554 0.068414
0.120149 0.312521 0.067330
0.152516 0.312488 0.066246
0.184883 0.312454 0.065163
0.217250 0.312421 0.064079
0.249618 0.312388 0.062995
0.281985 0.312354 0.061911
0.314352 0.312321 0.060827
0.346719 0.312288 0.059743
0.379086 0.312254 0.058659
0.411454 0.312221 0.057576
0.443821 0.312188 0.056492
0.476188 0.312154 0.055408
0.508555 0.312121 0.054324
0.540922 0.312087 0.053240
0.573289 0.312054 0.052156
0.605657 0.312021 0.051073
0.638024 0.311987 0.049989
0.670391 0.311954 0.048905
0.702758 0.311921 0.047821
0.735125 0.311887 0.046737
0.767493 0.311854 0.045653
0.799860 0.311821 0.044569
0.832227 0.311787 0.043486
0.864594 0.311754 0.042402
0.896961 0.311721 0.041318
0.929329 0.311687 0.040234
0.961696 0.311654 0.039150
0.994063 0.311621 0.038066
1.000000 0.311587 0.036983
1.000000 0.311554 0.035899
1.000000 0.311521 0.034815
0.059173 0.343726 0.065852
0.091540 0.343692 0.064768
0.123907 0.343659 0.063684
0.156274 0.343625 0.062600
0.188641 0.343592 0.061516
0.221009 0.343559 0.060433
0.253376 0.343525 0.059349
0.285743 0.343492 0.058265
0.318110 0.343459 0.057181
0.350477 0.343425 0.056097
0.382845 0.343392 0.055013
0.415212 0.343359 0.053929
0.447579 0.343325 0.052846
0.479946 0.343292 0.051762
0.512313 0.343259 0.050678
0.544681 0.343225 0.049594
0.577048 0.343192 0.048510
0.609415 0.343159 0.047426
0.641782 0.343125 0.046343
0.674149 0.343092 0.045259
0.706517 0.343059 0.044175
0.738884 0.343025 0.043091
0.771251 0.342992 0.042007
0.803618 0.342959 0.040923
0.835985 0.342925 0.039840
0.868353 0.342892 0.038756
0.900720 0.342858 0.037672
0.933087 0.342825 0.036588
0.965454 0.342792 0.035504
0.997821 0.342758 0.034420
1.000000 0.342725 0.033336
1.000000 0.342692 0.032253
1.000000 0.342658 0.031169
0.062931 0.374863 0.062206
0.095298 0.374830 0.061122
0.127665 0.374797 0.060038
0.160033 0.374763 0.058954
0.192400 0.374730 0.057870
0.224767 0.374697 0.056786
0.257134 0.374663 0.055703
0.289501 0.374630 0.054619
0.321869 0.374597 0.053535
0.354236 0.374563 0.052451
0.386603 0.374530 0.051367
0.418970 0.374497 0.050283
0.451337 0.374463 0.049200
0.483705 0.374430 0.048116
0.516072 0.374396 0.047032
0.548439 0.374363 0.045948
0.580806 0.374330 0.044864
0.613173 0.374296 0.043780
0.645540 0.374263 0.042696
0.677908 0.374230 0.041613
0.710275 0.374196 0.040529
0.742642 0.374163 0.039445
0.775009 0.374130 0.038361
0.807376 0.374096 0.037277
0.839744 0.374063 0.036193
0.872111 0.374030 0.035110
0.904478 0.373996 0.034026
0.936845 0.373963 0.032942
0.969212 0.373930 0.031858
1.000000 0.373896 0.030774
1.000000 0.373863 0.029690
1.000000 0.373830 0.028607
1.000000 0.373796 0.027523
0.066689 0.406001 0.058560
0.099057 0.405968 0.057476
0.131424 0.405934 0.056392
0.163791 0.405901 0.055308
0.196158 0.405868 0.054224
0.228525 0.405834 0.053140
0.260892 0.405801 0.052056
0.293260 0.405768 0.050973
0.325627 0.405734 0.049889
0.357994 0.405701 0.048805
0.390361 0.405668 0.047721
0.422728 0.405634 0.046637
0.455096 0.405601 0.045553
0.487463 0.405568 0.044470
0.519830 0.405534 0.043386
0.552197 0.405501 0.042302
0.584564 0.405468 0.041218
0.616932 0.405434 0.040134
0.649299 0.405401 0.039050
0.681666 0.405368 0.037967
0.714033 0.405334 0.036883
0.746400 0.405301 0.035799
0.778768 0.405267 0.034715
0.811135 0.405234 0.033631
0.843502 0.405201 0.032547
0.875869 0.405167 0.031463
0.908236 0.405134 0.030380
0.940604 0.405101 0.029296
0.972971 0.405067 0.028212
1.000000 0.405034 0.027128
1.000000 0.405001 0.026044
1.000000 0.404731 0.027348
1.000000 0.404415 0.029132
0.070448 0.437139 0.054913
0.102815 0.437106 0.053830
0.135182 0.437072 0.052746
0.167549 0.437039 0.051662
0.199916 0.437006 0.050578
0.232284 0.436972 0.049494
0.264651 0.436939 0.048410
0.297018 0.436906 0.047327
0.329385 0.436872 0.046243
0.361752 0.436839 0.045159
0.394120 0.436805 0.044075
0.426487 0.436772 0.042991
0.458854 0.436739 0.041907
0.491221 0.436705 0.040823
0.523588 0.436672 0.039740
0.555956 0.436639 0.038656
0.588323 0.436605 0.037572
0.620690 0.436572 0.036488
0.653057 0.436539 0.035404
0.685424 0.436505 0.034320
0.717791 0.436472 0.033237
0.750159 0.436439 0.032153
0.782526 0.436405 0.031069
0.814893 0.436372 0.029985
0.847260 0.436339 0.028901
0.879627 0.436305 0.027817
0.911995 0.436272 0.026733
0.943854 0.436183 0.026214
0.973636 0.435866 0.027998
1.000000 0.435549 0.029782
1.000000 0.435232 0.031566
1.000000 0.434916 0.033350
1.000000 0.434599 0.035134
0.074206 0.468277 0.051267
0.106573 0.468243 0.050183
0.138940 0.468210 0.049100
0.171308 0.468177 0.048016
0.203675 0.468143 0.046932
0.236042 0.468110 0.045848
0.268409 0.468077 0.044764
0.300776 0.468043 0.043680
0.333143 0.468010 0.042597
0.365511 0.467977 0.041513
0.397878 0.467943 0.040429
0.430245 0.467910 0.039345
0.462612 0.467877 0.038261
0.494979 0.467843 0.037177
0.527347 0.467810 0.036093
0.559714 0.467777 0.035010
0.592081 0.467743 0.033926
0.624448 0.467710 0.032842
0.656815 0.467676 0.031758
0.689183 0.467643 0.030674
0.721550 0.467610 0.029590
0.753917 0.467576 0.028507
0.786284 0.467543 0.027423
0.818651 0.467510 0.026339
0.849569 0.467317 0.026863
0.879352 0.467001 0.028647
0.909135 0.466684 0.030431
0.938917 0.466367 0.032216
0.968700 0.466050 0.034000
0.998483 0.465733 0.035784
1.000000 0.465417 0.037568
1.000000 0.465100 0.039352
1.000000 0.464783 0.041136
0.077964 0.499415 0.047621
0.110331 0.499381 0.046537
0.142699 0.499348 0.045453
0.175066 0.499315 0.044370
0.207433 0.499281 0.043286
0.239800 0.499248 0.042202
0.272167 0.499214 0.041118
0.304535 0.499181 0.040034
0.336902 0.499148 0.038950
0.369269 0.499114 0.037867
0.401636 0.499081 0.036783
0.434003 0.499048 0.035699
0.466371 0.499014 0.034615
0.498738 0.498981 0.033531
0.531105 0.498948 0.032447
0.563472 0.498914 0.031364
0.595839 0.498881 0.030280
0.628207 0.498848 0.029196
0.660574 0.498814 0.028112
0.692941 0.498781 0.027028
0.725308 0.498748 0.025944
0.755285 0.498452 0.027513
0.785068 0.498135 0.029297
0.814851 0.497818 0.031081
0.844633 0.497502 0.032865
0.874416 0.497185 0.034649
0.904198 0.496868 0.036434
0.933981 0.496551 0.038218
0.963764 0.496234 0.040002
0.993546 0.495918 0.041786
1.000000 0.495601 0.043570
1.000000 0.495284 0.045354
1.000000 0.494967 0.047139
0.081723 0.530552 0.043975
0.114090 0.530519 0.042891
0.146457 0.530486 0.041807
0.178824 0.530452 0.040724
0.211191 0.530419 0.039640
0.243559 0.530386 0.038556
0.275926 0.530352 0.037472
0.308293 0.530319 0.036388
0.340660 0.530286 0.035304
0.373027 0.530252 0.034220
0.405394 0.530219 0.033137
0.437762 0.530186 0.032053
0.470129 0.530152 0.030969
0.502496 0.530119 0.029885
0.534863 0.530086 0.028801
0.567230 0.530052 0.027717
0.599598 0.530019 0.026634
0.631218 0.529904 0.026378
0.661001 0.529587 0.028162
0.690784 0.529270 0.029946
0.720566 0.528953 0.031731
0.750349 0.528636 0.033515
0.780132 0.528320 0.035299
0.809914 0.528003 0.037083
0.839697 0.527686 0.038867
0.869480 0.527369 0.040651
0.899262 0.527052 0.042436
0.929045 0.526735 0.044220
0.958827 0.526419 0.046004
0.988610 0.526102 0.047788
1.000000 0.525785 0.049572
1.000000 0.525468 0.051356
1.000000 0.525151 0.053141
0.085481 0.561690 0.040329
0.117848 0.561657 0.039245
0.150215 0.561624 0.038161
0.182582 0.561590 0.037077
0.214950 0.561557 0.035994
0.247317 0.561523 0.034910
0.279684 0.561490 0.033826
0.312051 0.561457 0.032742
0.344418 0.561423 0.031658
0.376786 0.561390 0.030574
0.409153 0.561357 0.029491
0.441520 0.561323 0.028407
0.473887 0.561290 0.027323
0.506254 0.561257 0.026239
0.536934 0.561038 0.027028
0.566717 0.560721 0.028812
0.596499 0.560405 0.030596
0.626282 0.560088 0.032380
0.656065 0.559771 0.034164
0.685847 0.559454 0.035948
0.715630 0.559137 0.037733
0.745413 0.558821 0.039517
0.775195 0.558504 0.041301
0.804978 0.558187 0.043085
0.834761 0.557870 0.044869
0.864543 0.557553 0.046653
0.894326 0.557236 0.048438
0.924109 0.556920 0.050222
0.953891 0.556603 0.052006
0.983674 0.556286 0.053790
1.000000 0.555969 0.055574
1.000000 0.555652 0.057359
1.000000 0.555336 0.059143
0.089239 0.592828 0.036683
0.121606 0.592795 0.035599
0.153974 0.592761 0.034515
0.186341 0.592728 0.033431
0.218708 0.592695 0.032347
0.251075 0.592661 0.031264
0.283442 0.592628 0.030180
0.315809 0.592595 0.029096
0.348177 0.592561 0.028012
0.380544 0.592528 0.026928
0.412867 0.592490 0.025893
0.442650 0.592173 0.027677
0.472433 0.591856 0.029461
0.502215 0.591539 0.031245
0.531998 0.591222 0.033030
0.561781 0.590906 0.034814
0.591563 0.590589 0.036598
0.621346 0.590272 0.038382
0.651128 0.589955 0.040166
0.680911 0.589638 0.041951
0.710694 0.589322 0.043735
0.740476 0.589005 0.045519
0.770259 0.588688 0.047303
0.800042 0.588371 0.049087
0.829824 0.588054 0.050871
0.859607 0.587737 0.052656
0.889390 0.587421 0.054440
0.919172 0.587104 0.056224
0.948955 0.586787 0.058008
0.978738 0.586470 0.059792
1.000000 0.586153 0.061576
1.000000 0.585837 0.063361
1.000000 0.585520 0.065145
0.092997 0.623966 0.033037
0.125365 0.623932 0.031953
0.157732 0.623899 0.030869
0.190099 0.623866 0.029785
0.222466 0.623832 0.028701
0.254833 0.623799 0.027617
0.287201 0.623766 0.026534
0.318583 0.623624 0.026543
0.348366 0.623308 0.028327
0.378148 0.622991 0.030111
0.407931 0.622674 0.031895
0.437714 0.622357 0.033679
0.467496 0.622040 0.035463
0.497279 0.621723 0.037248
0.527062 0.621407 0.039032
0.556844 0.621090 0.040816
0.586627 0.620773 0.042600
0.616410 0.620456 0.044384
0.646192 0.620139 0.046168
0.675975 0.619823 0.047953
0.705757 0.619506 0.049737
0.735540 0.619189 0.051521
0.765323 0.618872 0.053305
0.795105 0.618555 0.055089
0.824888 0.618239 0.056873
0.854671 0.617922 0.058658
0.884453 0.617605 0.060442
0.914236 0.617288 0.062226
0.944019 0.616971 0.064010
0.973801 0.616654 0.065794
1.000000 0.616338 0.067578
1.000000 0.616021 0.069363
1.000000 0.615704 0.071147
0.096756 0.655104 0.029391
0.129123 0.655070 0.028307
0.161490 0.655037 0.027223
0.193857 0.655004 0.026139
0.224299 0.654759 0.027192
0.254082 0.654442 0.028976
0.283864 0.654125 0.030760
0.313647 0.653809 0.032545
0.343429 0.653492 0.034329
0.373212 0.653175 0.036113
0.402995 0.652858 0.037897
0.432777 0.652541 0.039681
0.462560 0.652225 0.041465
0.492343 0.651908 0.043250
0.522125 0.651591 0.045034
0.551908 0.651274 0.046818
0.581691 0.650957 0.048602
0.611473 0.650640 0.050386
0.641256 0.650324 0.052170
0.671039 0.650007 0.053955
0.700821 0.649690 0.055739
0.730604 0.649373 0.057523
0.760386 0.649056 0.059307
0.790169 0.648740 0.061091
0.819952 0.648423 0.062876
0.849734 0.648106 0.064660
0.879517 0.647789 0.066444
0.909300 0.647472 0.068228
0.939082 0.647155 0.070012
0.968865 0.646839 0.071796
0.998648 0.646522 0.073581
1.000000 0.646205 0.075365
1.000000 0.645888 0.077149
0.100232 0.686211 0.026057
0.130015 0.685894 0.027842
0.159797 0.685577 0.029626
0.189580 0.685260 0.031410
0.219363 0.684943 0.033194
0.249145 0.684626 0.034978
0.278928 0.684310 0.036762
0.308711 0.683993 0.038547
0.338493 0.683676 0.040331
0.368276 0.683359 0.042115
0.398058 0.683042 0.043899
0.427841 0.682726 0.045683
0.457624 0.682409 0.047468
0.487406 0.682092 0.049252
0.517189 0.681775 0.051036
0.546972 0.681458 0.052820
0.576754 0.681141 0.054604
0.606537 0.680825 0.056388
0.636320 0.680508 0.058173
0.666102 0.680191 0.059957
0.695885 0.679874 0.061741
0.725668 0.679557 0.063525
0.755450 0.679241 0.065309
0.785233 0.678924 0.067093
0.815015 0.678607 0.068878
0.844798 0.678290 0.070662
0.874581 0.677973 0.072446
0.904363 0.677657 0.074230
0.934146 0.677340 0.076014
0.963929 0.677023 0.077798
0.993711 0.676706 0.079583
1.000000 0.676389 0.081367
1.000000 0.676072 0.083151
0.095296 0.716395 0.032060
0.125078 0.716078 0.033844
0.154861 0.715761 0.035628
0.184644 0.715444 0.037412
0.214426 0.715127 0.039196
0.244209 0.714811 0.040980
0.273992 0.714494 0.042765
0.303774 0.714177 0.044549
0.333557 0.713860 0.046333
0.363340 0.713543 0.048117
0.393122 0.713227 0.049901
0.422905 0.712910 0.051685
0.452687 0.712593 0.053470
0.482470 0.712276 0.055254
0.512253 0.711959 0.057038
0.542035 0.711643 0.058822
0.571818 0.711326 0.060606
0.601601 0.711009 0.062390
0.631383 0.710692 0.064175
0.661166 0.710375 0.065959
0.690949 0.710058 0.067743
0.720731 0.709742 0.069527
0.750514 0.709425 0.071311
0.780297 0.709108 0.073095
0.810079 0.708791 0.074880
0.839862 0.708474 0.076664
0.869644 0.708158 0.078448
0.899427 0.707841 0.080232
0.929210 0.707524 0.082016
0.958992 0.707207 0.083801
0.988775 0.706890 0.085585
1.000000 0.706573 0.087369
1.000000 0.706257 0.089153
0.090359 0.746579 0.038062
0.120142 0.746262 0.039846
0.149925 0.745945 0.041630
0.179707 0.745629 0.043414
0.209490 0.745312 0.045198
0.239273 0.744995 0.046982
0.269055 0.744678 0.048767
0.298838 0.744361 0.050551
0.328621 0.744044 0.052335
0.358403 0.743728 0.054119
0.388186 0.743411 0.055903
0.417969 0.743094 0.057687
0.447751 0.742777 0.059472
0.477534 0.742460 0.061256
0.507316 0.742144 0.063040
0.537099 0.741827 0.064824
0.566882 0.741510 0.066608
0.596664 0.741193 0.068393
0.626447 0.740876 0.070177
0.656230 0.740559 0.071961
0.686012 0.740243 0.073745
0.715795 0.739926 0.075529
0.745578 0.739609 0.077313
0.775360 0.739292 0.079098
0.805143 0.738975 0.080882
0.834926 0.738659 0.082666
0.864708 0.738342 0.084450
0.894491 0.738025 0.086234
0.924273 0.737708 0.088018
0.954056 0.737391 0.089803
0.983839 0.737074 0.091587
1.000000 0.736758 0.093371
1.000000 0.736441 0.095155
0.085423 0.776763 0.044064
0.115206 0.776446 0.045848
0.144988 0.776130 0.047632
0.174771 0.775813 0.049416
0.204554 0.775496 0.051200
0.234336 0.775179 0.052985
0.264119 0.774862 0.054769
0.293902 0.774545 0.056553
0.323684 0.774229 0.058337
0.353467 0.773912 0.060121
0.383250 0.773595 0.061905
0.413032 0.773278 0.063690
0.442815 0.772961 0.065474
0.472598 0.772645 0.067258
0.502380 0.772328 0.069042
0.532163 0.772011 0.070826
0.561945 0.771694 0.072610
0.591728 0.771377 0.074395
0.621511 0.771060 0.076179
0.651293 0.770744 0.077963
0.681076 0.770427 0.079747
0.710859 0.770110 0.081531
0.740641 0.769793 0.083315
0.770424 0.769476 0.085100
0.800207 0.769160 0.086884
0.829989 0.768843 0.088668
0.859772 0.768526 0.090452
0.889555 0.768209 0.092236
0.919337 0.767892 0.094020
0.949120 0.767576 0.095805
0.978902 0.767259 0.097589
1.000000 0.766942 0.099373
1.000000 0.766625 0.101157
0.080487 0.806947 0.050066
0.110270 0.806631 0.051850
0.140052 0.806314 0.053634
0.169835 0.805997 0.055418
0.199617 0.805680 0.057202
0.229400 0.805363 0.058987
0.259183 0.805046 0.060771
0.288965 0.804730 0.062555
0.318748 0.804413 0.064339
0.348531 0.804096 0.066123
0.378313 0.803779 0.067907
0.408096 0.803462 0.069692
0.437879 0.803146 0.071476
0.467661 0.802829 0.073260
0.497444 0.802512 0.075044
0.527227 0.802195 0.076828
0.557009 0.801878 0.078612
0.586792 0.801562 0.080397
0.616574 0.801245 0.082181
0.646357 0.800928 0.083965
0.676140 0.800611 0.085749
0.705922 0.800294 0.087533
0.735705 0.799977 0.089318
0.765488 0.799661 0.091102
0.795270 0.799344 0.092886
0.825053 0.799027 0.094670
0.854836 0.798710 0.096454
0.884618 0.798393 0.098238
0.914401 0.798077 0.100023
0.944184 0.797760 0.101807
0.973966 0.797443 0.103591
1.000000 0.797126 0.105375
1.000000 0.796809 0.107159
0.075551 0.837132 0.056068
0.105333 0.836815 0.057852
0.135116 0.836498 0.059636
0.164899 0.836181 0.061420
0.194681 0.835864 0.063204
0.224464 0.835548 0.064989
0.254246 0.835231 0.066773
0.284029 0.834914 0.068557
0.313812 0.834597 0.070341
0.343594 0.834280 0.072125
0.373377 0.833963 0.073910
0.403160 0.833647 0.075694
0.432942 0.833330 0.077478
0.462725 0.833013 0.079262
0.492508 0.832696 0.081046
0.522290 0.832379 0.082830
0.552073 0.832063 0.084615
0.581856 0.831746 0.086399
0.611638 0.831429 0.088183
0.641421 0.831112 0.089967
0.671203 0.830795 0.091751
0.700986 0.830478 0.093535
0.730769 0.830162 0.095320
0.760551 0.829845 0.097104
0.790334 0.829528 0.098888
0.820117 0.829211 0.100672
0.849899 0.828894 0.102456
0.879682 0.828578 0.104240
0.909465 0.828261 0.106025
0.939247 0.827944 0.107809
0.969030 0.827627 0.109593
0.998813 0.827310 0.111377
1.000000 0.826993 0.113161
0.070614 0.867316 0.062070
0.100397 0.866999 0.063854
0.130180 0.866682 0.065638
0.159962 0.866365 0.067422
0.189745 0.866049 0.069207
0.219528 0.865732 0.070991
0.249310 0.865415 0.072775
0.279093 0.865098 0.074559
0.308875 0.864781 0.076343
0.338658 0.864464 0.078127
0.368441 0.864148 0.079912
0.398223 0.863831 0.081696
0.428006 0.863514 0.083480
0.457789 0.863197 0.085264
0.487571 0.862880 0.087048
0.517354 0.862564 0.088832
0.547137 0.862247 0.090617
0.576919 0.861930 0.092401
0.606702 0.861613 0.094185
0.636485 0.861296 0.095969
0.666267 0.860979 0.097753
0.696050 0.860663 0.099537
0.725832 0.860346 0.101322
0.755615 0.860029 0.103106
0.785398 0.859712 0.104890
0.815180 0.859395 0.106674
0.844963 0.859079 0.108458
0.874746 0.858762 0.110243
0.904528 0.858445 0.112027
0.934311 0.858128 0.113811
0.964094 0.857811 0.115595
0.993876 0.857495 0.117379
1.000000 0.857178 0.119163
0.065678 0.897500 0.068072
0.095461 0.897183 0.069856
0.125243 0.896866 0.071640
0.155026 0.896550 0.073424
0.184809 0.896233 0.075209
0.214591 0.895916 0.076993
0.244374 0.895599 0.078777
0.274157 0.895282 0.080561
0.303939 0.894965 0.082345
0.333722 0.894649 0.084129
0.363504 0.894332 0.085914
0.393287 0.894015 0.087698
0.423070 0.893698 0.089482
0.452852 0.893381 0.091266
0.482635 0.893065 0.093050
0.512418 0.892748 0.094835
0.542200 0.892431 0.096619
0.571983 0.892114 0.098403
0.601766 0.891797 0.100187
0.631548 0.891481 0.101971
0.661331 0.891164 0.103755
0.691114 0.890847 0.105540
0.720896 0.890530 0.107324
0.750679 0.890213 0.109108
0.780461 0.889896 0.110892
0.810244 0.889580 0.112676
0.840027 0.889263 0.114460
0.869809 0.888946 0.116245
0.899592 0.888629 0.118029
0.929375 0.888312 0.119813
0.959157 0.887996 0.121597
0.988940 0.887679 0.123381
1.000000 0.887362 0.125165
0.060742 0.927684 0.074074
0.090524 0.927367 0.075858
0.120307 0.927051 0.077642
0.150090 0.926734 0.079427
0.179872 0.926417 0.081211
0.209655 0.926100 0.082995
0.239438 0.925783 0.084779
0.269220 0.925467 0.086563
0.299003 0.925150 0.088347
0.328786 0.924833 0.090132
0.358568 0.924516 0.091916
0.388351 0.924199 0.093700
0.418133 0.923882 0.095484
0.447916 0.923566 0.097268
0.477699 0.923249 0.099052
0.507481 0.922932 0.100837
0.537264 0.922615 0.102621
0.567047 0.922298 0.104405
0.596829 0.921982 0.106189
0.626612 0.921665 0.107973
0.656395 0.921348 0.109757
0.686177 0.921031 0.111542
0.715960 0.920714 0.113326
0.745743 0.920397 0.115110
0.775525 0.920081 0.116894
0.805308 0.919764 0.118678
0.835090 0.919447 0.120462
0.864873 0.919130 0.122247
0.894656 0.918813 0.124031
0.924438 0.918497 0.125815
0.954221 0.918180 0.127599
0.984004 0.917863 0.129383
1.000000 0.917546 0.131168
0.055805 0.957868 0.080076
0.085588 0.957552 0.081860
0.115371 0.957235 0.083644
0.145153 0.956918 0.085429
0.174936 0.956601 0.087213
0.204719 0.956284 0.088997
0.234501 0.955968 0.090781
0.264284 0.955651 0.092565
0.294067 0.955334 0.094349
0.323849 0.955017 0.096134
0.353632 0.954700 0.097918
0.383415 0.954383 0.099702
0.413197 0.954067 0.101486
0.442980 0.953750 0.103270
0.472762 0.953433 0.105054
0.502545 0.953116 0.106839
0.532328 0.952799 0.108623
0.562110 0.952483 0.110407
0.591893 0.952166 0.112191
0.621676 0.951849 0.113975
0.651458 0.951532 0.115760
0.681241 0.951215 0.117544
0.711024 0.950898 0.119328
0.740806 0.950582 0.121112
0.770589 0.950265 0.122896
0.800372 0.949948 0.124680
0.830154 0.949631 0.126465
0.859937 0.949314 0.128249
0.889719 0.948998 0.130033
0.919502 0.948681 0.131817
0.949285 0.948364 0.133601
0.979067 0.948047 0.135385
1.000000 0.947730 0.137170
0.050869 0.988053 0.086078
0.080652 0.987736 0.087862
0.110434 0.987419 0.089646
0.140217 0.987102 0.091431
0.170000 0.986785 0.093215
0.199782 0.986469 0.094999
0.229565 0.986152 0.096783
0.259348 0.985835 0.098567
0.289130 0.985518 0.100352
0.318913 0.985201 0.102136
0.348696 0.984884 0.103920
0.378478 0.984568 0.105704
0.408261 0.984251 0.107488
0.438044 0.983934 0.109272
0.467826 0.983617 0.111057
0.497609 0.983300 0.112841
0.527391 0.982984 0.114625
0.557174 0.982667 0.116409
0.586957 0.982350 0.118193
0.616739 0.982033 0.119977
0.646522 0.981716 0.121762
0.676305 0.981400 0.123546
0.706087 0.981083 0.125330
0.735870 0.980766 0.127114
0.765653 0.980449 0.128898
0.795435 0.980132 0.130682
0.825218 0.979815 0.132467
0.855001 0.979499 0.134251
0.884783 0.979182 0.136035
0.914566 0.978865 0.137819
0.944349 0.978548 0.139603
0.974131 0.978231 0.141387
1.000000 0.977915 0.143172
0.018211 0.001198 0.136841
0.050578 0.001165 0.135757
0.082945 0.001132 0.134673
0.115312 0.001098 0.133589
0.147680 0.001065 0.132506
0.180047 0.001032 0.131422
0.212414 0.000998 0.130338
0.244781 0.000965 0.129254
0.277148 0.000931 0.128170
0.309515 0.000898 0.127086
0.341883 0.000865 0.126003
0.374250 0.000831 0.124919
0.406617 0.000798 0.123835
0.438984 0.000765 0.122751
0.471351 0.000731 0.121667
0.503719 0.000698 0.120583
0.536086 0.000665 0.119499
0.568453 0.000631 0.118416
0.600820 0.000598 0.117332
0.633187 0.000565 0.116248
0.665555 0.000531 0.115164
0.697922 0.000498 0.114080
0.730289 0.000465 0.112996
0.762656 0.000431 0.111913
0.795023 0.000398 0.110829
0.827391 0.000365 0.109745
0.859758 0.000331 0.108661
0.892125 0.000298 0.107577
0.924492 0.000265 0.106493
0.956859 0.000231 0.105410
0.989227 0.000198 0.104326
1.000000 0.000164 0.103242
1.000000 0.000131 0.102158
0.021969 0.032336 0.133195
0.054336 0.032303 0.132111
0.086703 0.032269 0.131027
0.119071 0.032236 0.129943
0.151438 0.032203 0.128859
0.183805 0.032169 0.127776
0.216172 0.032136 0.126692
0.248539 0.032103 0.125608
0.280907 0.032069 0.124524
0.313274 0.032036 0.123440
0.345641 0.032003 0.122356
0.378008 0.031969 0.121273
0.410375 0.031936 0.120189
0.442743 0.031903 0.119105
0.475110 0.031869 0.118021
0.507477 0.031836 0.116937
0.539844 0.031803 0.115853
0.572211 0.031769 0.114770
0.604579 0.031736 0.113686
0.636946 0.031702 0.112602
0.669313 0.031669 0.111518
0.701680 0.031636 0.110434
0.734047 0.031602 0.109350
0.766414 0.031569 0.108266
0.798782 0.031536 0.107183
0.831149 0.031502 0.106099
0.863516 0.031469 0.105015
0.895883 0.031436 0.103931
0.928250 0.031402 0.102847
0.960618 0.031369 0.101763
0.992985 0.031336 0.100680
1.000000 0.031302 0.099596
1.000000 0.031269 0.098512
0.025727 0.063474 0.129549
0.058095 0.063441 0.128465
0.090462 0.063407 0.127381
0.122829 0.063374 0.126297
0.155196 0.063341 0.125213
0.187563 0.063307 0.124130
0.219931 0.063274 0.123046
0.252298 0.063240 0.121962
0.284665 0.063207 0.120878
0.317032 0.063174 0.119794
0.349399 0.063140 0.118710
0.381766 0.063107 0.117626
0.414134 0.063074 0.116543
0.446501 0.063040 0.115459
0.478868 0.063007 0.114375
0.511235 0.062974 0.113291
0.543602 0.062940 0.112207
0.575970 0.062907 0.111123
0.608337 0.062874 0.110040
0.640704 0.062840 0.108956
0.673071 0.062807 0.107872
0.705438 0.062774 0.106788
0.737806 0.062740 0.105704
0.770173 0.062707 0.104620
0.802540 0.062674 0.103537
0.834907 0.062640 0.102453
0.867274 0.062607 0.101369
0.899642 0.062573 0.100285
0.932009 0.062540 0.099201
0.964376 0.062507 0.098117
0.996743 0.062473 0.097033
1.000000 0.062440 0.095950
1.000000 0.062407 0.094866
0.029486 0.094612 0.125903
0.061853 0.094578 0.124819
0.094220 0.094545 0.123735
0.126587 0.094512 0.122651
0.158954 0.094478 0.121567
0.191322 0.094445 0.120483
0.223689 0.094412 0.119400
0.256056 0.094378 0.118316
0.288423 0.094345 0.117232
0.320790 0.094312 0.116148
0.353158 0.094278 0.115064
0.385525 0.094245 0.113980
0.417892 0.094212 0.112897
0.450259 0.094178 0.111813
0.482626 0.094145 0.110729
0.514994 0.094111 0.109645
0.547361 0.094078 0.108561
0.579728 0.094045 0.107477
0.612095 0.094011 0.106393
0.644462 0.093978 0.105310
0.676830 0.093945 0.104226
0.709197 0.093911 0.103142
0.741564 0.093878 0.102058
0.773931 0.093845 0.100974
0.806298 0.093811 0.099890
0.838665 0.093778 0.098807
0.871033 0.093745 0.097723
0.903400 0.093711 0.096639
0.935767 0.093678 0.095555
0.968134 0.093645 0.094471
1.000000 0.093611 0.093387
1.000000 0.093578 0.092303
1.000000 0.093545 0.091220
0.033244 0.125750 0.122257
0.065611 0.125716 0.121173
0.097978 0.125683 0.120089
0.130346 0.125649 0.119005
0.162713 0.125616 0.117921
0.195080 0.125583 0.116837
0.227447 0.125549 0.115753
0.259814 0.125516 0.114670
0.292182 0.125483 0.113586
0.324549 0.125449 0.112502
0.356916 0.125416 0.111418
0.389283 0.125383 0.110334
0.421650 0.125349 0.109250
0.454017 0.125316 0.108167
0.486385 0.125283 0.107083
0.518752 0.125249 0.105999
0.551119 0.125216 0.104915
0.583486 0.125183 0.103831
0.615853 0.125149 0.102747
0.648221 0.125116 0.101663
0.680588 0.125083 0.100580
0.712955 0.125049 0.099496
0.745322 0.125016 0.098412
0.777689 0.124982 0.097328
0.810057 0.124949 0.096244
0.842424 0.124916 0.095160
0.874791 0.124882 0.094077
0.907158 0.124849 0.092993
0.939525 0.124816 0.091909
0.971893 0.124782 0.090825
1.000000 0.124749 0.089741
1.000000 0.124716 0.088657
1.000000 0.124682 0.087574
0.037002 0.156887 0.118610
0.069369 0.156854 0.117527
0.101737 0.156821 0.116443
0.134104 0.156787 0.115359
0.166471 0.156754 0.114275
0.198838 0.156721 0.113191
0.231205 0.156687 0.112107
0.263573 0.156654 0.111023
0.295940 0.156621 0.109940
0.328307 0.156587 0.108856
0.360674 0.156554 0.107772
0.393041 0.156520 0.106688
0.425409 0.156487 0.105604
0.457776 0.156454 0.104520
0.490143 0.156420 0.103437
0.522510 0.156387 0.102353
0.554877 0.156354 0.101269
0.587245 0.156320 0.100185
0.619612 0.156287 0.099101
0.651979 0.156254 0.098017
0.684346 0.156220 0.096934
0.716713 0.156187 0.095850
0.749081 0.156154 0.094766
0.781448 0.156120 0.093682
0.813815 0.156087 0.092598
0.846182 0.156054 0.091514
0.878549 0.156020 0.090430
0.910916 0.155987 0.089347
0.943284 0.155954 0.088263
0.975651 0.155920 0.087179
1.000000 0.155887 0.086095
1.000000 0.155854 0.085011
1.000000 0.155820 0.083927
0.040761 0.188025 0.114964
0.073128 0.187992 0.113880
0.105495 0.187958 0.112797
0.137862 0.187925 0.111713
0.170229 0.187892 0.110629
0.202597 0.187858 0.109545
0.234964 0.187825 0.108461
0.267331 0.187792 0.107377
0.299698 0.187758 0.106294
0.332065 0.187725 0.105210
0.364433 0.187692 0.104126
0.396800 0.187658 0.103042
0.429167 0.187625 0.101958
0.461534 0.187592 0.100874
0.493901 0.187558 0.099790
0.526268 0.187525 0.098707
0.558636 0.187492 0.097623
0.591003 0.187458 0.096539
0.623370 0.187425 0.095455
0.655737 0.187392 0.094371
0.688104 0.187358 0.093287
0.720472 0.187325 0.092204
0.752839 0.187291 0.091120
0.785206 0.187258 0.090036
0.817573 0.187225 0.088952
0.849940 0.187191 0.087868
0.882308 0.187158 0.086784
0.914675 0.187125 0.085701
0.947042 0.187091 0.084617
0.979409 0.187058 0.083533
1.000000 0.187025 0.082449
1.000000 0.186991 0.081365
1.000000 0.186958 0.080281
0.044519 0.219163 0.111318
0.076886 0.219130 0.110234
0.109253 0.219096 0.109150
0.141620 0.219063 0.108067
0.173988 0.219030 0.106983
0.206355 0.218996 0.105899
0.238722 0.218963 0.104815
0.271089 0.218930 0.103731
0.303456 0.218896 0.102647
0.335824 0.218863 0.101564
0.368191 0.218829 0.100480
0.400558 0.218796 0.099396
0.432925 0.218763 0.098312
0.465292 0.218729 0.097228
0.497660 0.218696 0.096144
0.530027 0.218663 0.095061
0.562394 0.218629 0.093977
0.594761 0.218596 0.092893
0.627128 0.218563 0.091809
0.659496 0.218529 0.090725
0.691863 0.218496 0.089641
0.724230 0.218463 0.088557
0.756597 0.218429 0.087474
0.788964 0.218396 0.086390
0.821331 0.218363 0.085306
0.853699 0.218329 0.084222
0.886066 0.218296 0.083138
0.918433 0.218263 0.082054
0.950800 0.218229 0.080971
0.983167 0.218196 0.079887
1.000000 0.218162 0.078803
1.000000 0.218129 0.077719
1.000000 0.218096 0.076635
0.048277 0.250301 0.107672
0.080644 0.250267 0.106588
0.113012 0.250234 0.105504
0.145379 0.250201 0.104421
0.177746 0.250167 0.103337
0.210113 0.250134 0.102253
0.242480 0.250101 0.101169
0.274848 0.250067 0.100085
0.307215 0.250034 0.099001
0.339582 0.250001 0.097917
0.371949 0.249967 0.096834
0.404316 0.249934 0.095750
0.436683 0.249901 0.094666
0.469051 0.249867 0.093582
0.501418 0.249834 0.092498
0.533785 0.249801 0.091414
0.566152 0.249767 0.090331
0.598519 0.249734 0.089247
0.630887 0.249700 0.088163
0.663254 0.249667 0.087079
0.695621 0.249634 0.085995
0.727988 0.249600 0.084911
0.760355 0.249567 0.083827
0.792723 0.249534 0.082744
0.825090 0.249500 0.081660
0.857457 0.249467 0.080576
0.889824 0.249434 0.079492
0.922191 0.249400 0.078408
0.954559 0.249367 0.077324
0.986926 0.249334 0.076241
1.000000 0.249300 0.075157
1.000000 0.249267 0.074073
1.000000 0.249234 0.072989
0.052035 0.281439 0.104026
0.084403 0.281405 0.102942
0.116770 0.281372 0.101858
0.149137 0.281339 0.100774
0.181504 0.281305 0.099691
0.213871 0.281272 0.098607
0.246239 0.281238 0.097523
0.278606 0.281205 0.096439
0.310973 0.281172 0.095355
0.343340 0.281138 0.094271
0.375707 0.281105 0.093187
0.408075 0.281072 0.092104
0.440442 0.281038 0.091020
0.472809 0.281005 0.089936
0.505176 0.280972 0.088852
0.537543 0.280938 0.087768
0.569911 0.280905 0.086684
0.602278 0.280872 0.085601
0.634645 0.280838 0.084517
0.667012 0.280805 0.083433
0.699379 0.280772 0.082349
0.731747 0.280738 0.081265
0.764114 0.280705 0.080181
0.796481 0.280672 0.079098
0.828848 0.280638 0.078014
0.861215 0.280605 0.076930
0.893582 0.280572 0.075846
0.925950 0.280538 0.074762
0.958317 0.280505 0.073678
0.990684 0.280471 0.072594
1.000000 0.280438 0.071511
1.000000 0.280405 0.070427
1.000000 0.280371 0.069343
0.055794 0.312576 0.100380
0.088161 0.312543 0.099296
0.120528 0.312510 0.098212
0.152895 0.312476 0.097128
0.185263 0.312443 0.096044
0.217630 0.312410 0.094961
0.249997 0.312376 0.093877
0.282364 0.312343 0.092793
0.314731 0.312310 0.091709
0.347099 0.312276 0.090625
0.379466 0.312243 0.089541
0.411833 0.312210 0.088458
0.444200 0.312176 0.087374
0.476567 0.312143 0.086290
0.508934 0.312110 0.085206
0.541302 0.312076 0.084122
0.573669 0.312043 0.083038
0.606036 0.312009 0.081954
0.638403 0.311976 0.080871
0.670770 0.311943 0.079787
0.703138 0.311909 0.078703
0.735505 0.311876 0.077619
0.767872 0.311843 0.076535
0.800239 0.311809 0.075451
0.832606 0.311776 0.074368
0.864974 0.311743 0.073284
0.897341 0.311709 0.072200
0.929708 0.311676 0.071116
0.962075 0.311643 0.070032
0.994442 0.311609 0.068948
1.000000 0.311576 0.067865
1.000000 0.311543 0.066781
1.000000 0.311509 0.065697
0.059552 0.343714 0.096734
0.091919 0.343681 0.095650
0.124286 0.343648 0.094566
0.156654 0.343614 0.093482
0.189021 0.343581 0.092398
0.221388 0.343547 0.091314
0.253755 0.343514 0.090231
0.286122 0.343481 0.089147
0.318490 0.343447 0.088063
0.350857 0.343414 0.086979
0.383224 0.343381 0.085895
0.415591 0.343347 0.084811
0.447958 0.343314 0.083728
0.480326 0.343281 0.082644
0.512693 0.343247 0.081560
0.545060 0.343214 0.080476
0.577427 0.343181 0.079392
0.609794 0.343147 0.078308
0.642162 0.343114 0.077225
0.674529 0.343081 0.076141
0.706896 0.343047 0.075057
0.739263 0.343014 0.073973
0.771630 0.342981 0.072889
0.803998 0.342947 0.071805
0.836365 0.342914 0.070721
0.868732 0.342880 0.069638
0.901099 0.342847 0.068554
0.933466 0.342814 0.067470
0.965833 0.342780 0.066386
0.998201 0.342747 0.065302
1.000000 0.342714 0.064218
1.000000 0.342680 0.063135
1.000000 0.342647 0.062051
0.063310 0.374852 0.093088
0.095678 0.374819 0.092004
0.128045 0.374785 0.090920
0.160412 0.374752 0.089836
0.192779 0.374719 0.088752
0.225146 0.374685 0.087668
0.257514 0.374652 0.086585
0.289881 0.374619 0.085501
0.322248 0.374585 0.084417
0.354615 0.374552 0.083333
0.386982 0.374519 0.082249
0.419350 0.374485 0.081165
0.451717 0.374452 0.080081
0.484084 0.374418 0.078998
0.516451 0.374385 0.077914
0.548818 0.374352 0.076830
0.581185 0.374318 0.075746
0.613553 0.374285 0.074662
0.645920 0.374252 0.073578
0.678287 0.374218 0.072495
0.710654 0.374185 0.071411
0.743021 0.374152 0.070327
0.775389 0.374118 0.069243
0.807756 0.374085 0.068159
0.840123 0.374052 0.067075
0.872490 0.374018 0.065991
0.904857 0.373985 0.064908
0.937225 0.373952 0.063824
0.969592 0.373918 0.062740
1.000000 0.373885 0.061656
1.000000 0.373852 0.060572
1.000000 0.373818 0.059488
1.000000 0.373785 0.058405
0.067069 0.405990 0.089441
0.099436 0.405956 0.088358
0.131803 0.405923 0.087274
0.164170 0.405890 0.086190
0.196537 0.405856 0.085106
0.228905 0.405823 0.084022
0.261272 0.405790 0.082938
0.293639 0.405756 0.081855
0.326006 0.405723 0.080771
0.358373 0.405690 0.079687
0.390741 0.405656 0.078603
0.423108 0.405623 0.077519
0.455475 0.405590 0.076435
0.487842 0.405556 0.075351
0.520209 0.405523 0.074268
0.552577 0.405490 0.073184
0.584944 0.405456 0.072100
0.617311 0.405423 0.071016
0.649678 0.405390 0.069932
0.682045 0.405356 0.068848
0.714413 0.405323 0.067765
0.746780 0.405289 0.066681
0.779147 0.405256 0.065597
0.811514 0.405223 0.064513
0.843881 0.405189 0.063429
0.876249 0.405156 0.062345
0.908616 0.405123 0.061262
0.940983 0.405089 0.060178
0.973350 0.405056 0.059094
1.000000 0.405023 0.058010
1.000000 0.404941 0.057420
1.000000 0.404624 0.059204
1.000000 0.404307 0.060988
0.070827 0.437128 0.085795
0.103194 0.437094 0.084711
0.135561 0.437061 0.083628
0.167929 0.437028 0.082544
0.200296 0.436994 0.081460
0.232663 0.436961 0.080376
0.265030 0.436928 0.079292
0.297397 0.436894 0.078208
0.329765 0.436861 0.077125
0.362132 0.436827 0.076041
0.394499 0.436794 0.074957
0.426866 0.436761 0.073873
0.459233 0.436727 0.072789
0.491601 0.436694 0.071705
0.523968 0.436661 0.070622
0.556335 0.436627 0.069538
0.588702 0.436594 0.068454
0.621069 0.436561 0.067370
0.653436 0.436527 0.066286
0.685804 0.436494 0.065202
0.718171 0.436461 0.064118
0.750538 0.436427 0.063035
0.782905 0.436394 0.061951
0.815272 0.436361 0.060867
0.847640 0.436327 0.059783
0.880007 0.436294 0.058699
0.912374 0.436261 0.057615
0.943355 0.436075 0.058069
0.973138 0.435758 0.059854
1.000000 0.435442 0.061638
1.000000 0.435125 0.063422
1.000000 0.434808 0.065206
1.000000 0.434491 0.066990
0.074585 0.468265 0.082149
0.106953 0.468232 0.081065
0.139320 0.468199 0.079982
0.171687 0.468165 0.078898
0.204054 0.468132 0.077814
0.236421 0.468099 0.076730
0.268788 0.468065 0.075646
0.301156 0.468032 0.074562
0.333523 0.467999 0.073478
0.365890 0.467965 0.072395
0.398257 0.467932 0.071311
0.430624 0.467899 0.070227
0.462992 0.467865 0.069143
0.495359 0.467832 0.068059
0.527726 0.467799 0.066975
0.560093 0.467765 0.065892
0.592460 0.467732 0.064808
0.624828 0.467699 0.063724
0.657195 0.467665 0.062640
0.689562 0.467632 0.061556
0.721929 0.467598 0.060472
0.754296 0.467565 0.059389
0.786664 0.467532 0.058305
0.819031 0.467498 0.057221
0.849071 0.467210 0.058719
0.878854 0.466893 0.060503
0.908636 0.466576 0.062287
0.938419 0.466259 0.064072
0.968202 0.465943 0.065856
0.997984 0.465626 0.067640
1.000000 0.465309 0.069424
1.000000 0.464992 0.071208
1.000000 0.464675 0.072992
0.078344 0.499403 0.078503
0.110711 0.499370 0.077419
0.143078 0.499337 0.076335
0.175445 0.499303 0.075252
0.207812 0.499270 0.074168
0.240180 0.499237 0.073084
0.272547 0.499203 0.072000
0.304914 0.499170 0.070916
0.337281 0.499136 0.069832
0.369648 0.499103 0.068749
0.402016 0.499070 0.067665
0.434383 0.499036 0.066581
0.466750 0.499003 0.065497
0.499117 0.498970 0.064413
0.531484 0.498936 0.063329
0.563852 0.498903 0.062245
0.596219 0.498870 0.061162
0.628586 0.498836 0.060078
0.660953 0.498803 0.058994
0.693320 0.498770 0.057910
0.725004 0.498661 0.057584
0.754787 0.498345 0.059369
0.784570 0.498028 0.061153
0.814352 0.497711 0.062937
0.844135 0.497394 0.064721
0.873917 0.497077 0.066505
0.903700 0.496760 0.068289
0.933483 0.496444 0.070074
0.963265 0.496127 0.071858
0.993048 0.495810 0.073642
1.000000 0.495493 0.075426
1.000000 0.495176 0.077210
1.000000 0.494860 0.078994
0.082102 0.530541 0.074857
0.114469 0.530508 0.073773
0.146836 0.530474 0.072689
0.179204 0.530441 0.071605
0.211571 0.530408 0.070522
0.243938 0.530374 0.069438
0.276305 0.530341 0.068354
0.308672 0.530308 0.067270
0.341039 0.530274 0.066186
0.373407 0.530241 0.065102
0.405774 0.530208 0.064019
0.438141 0.530174 0.062935
0.470508 0.530141 0.061851
0.502875 0.530108 0.060767
0.535243 0.530074 0.059683
0.567610 0.530041 0.058599
0.599977 0.530007 0.057515
0.630720 0.529796 0.058234
0.660503 0.529479 0.060018
0.690285 0.529162 0.061802
0.720068 0.528846 0.063586
0.749851 0.528529 0.065371
0.779633 0.528212 0.067155
0.809416 0.527895 0.068939
0.839199 0.527578 0.070723
0.868981 0.527261 0.072507
0.898764 0.526945 0.074291
0.928546 0.526628 0.076076
0.958329 0.526311 0.077860
0.988112 0.525994 0.079644
1.000000 0.525677 0.081428
1.000000 0.525361 0.083212
1.000000 0.525044 0.084997
0.085860 0.561679 0.071211
0.118227 0.561646 0.070127
0.150595 0.561612 0.069043
0.182962 0.561579 0.067959
0.215329 0.561545 0.066875
0.247696 0.561512 0.065792
0.280063 0.561479 0.064708
0.312431 0.561445 0.063624
0.344798 0.561412 0.062540
0.377165 0.561379 0.061456
0.409532 0.561345 0.060372
0.441899 0.561312 0.059289
0.474267 0.561279 0.058205
0.506634 0.561245 0.057121
0.536436 0.560931 0.058883
0.566218 0.560614 0.060668
0.596001 0.560297 0.062452
0.625784 0.559980 0.064236
0.655566 0.559663 0.066020
0.685349 0.559347 0.067804
0.715132 0.559030 0.069589
0.744914 0.558713 0.071373
0.774697 0.558396 0.073157
0.804480 0.558079 0.074941
0.834262 0.557763 0.076725
0.864045 0.557446 0.078509
0.893828 0.557129 0.080294
0.923610 0.556812 0.082078
0.953393 0.556495 0.083862
0.983175 0.556178 0.085646
1.000000 0.555862 0.087430
1.000000 0.555545 0.089214
1.000000 0.555228 0.090999
0.089619 0.592817 0.067565
0.121986 0.592783 0.066481
0.154353 0.592750 0.065397
0.186720 0.592717 0.064313
0.219087 0.592683 0.063229
0.251455 0.592650 0.062146
0.283822 0.592617 0.061062
0.316189 0.592583 0.059978
0.348556 0.592550 0.058894
0.380923 0.592517 0.057810
0.412369 0.592382 0.057749
0.442152 0.592065 0.059533
0.471934 0.591749 0.061317
0.501717 0.591432 0.063101
0.531500 0.591115 0.064886
0.561282 0.590798 0.066670
0.591065 0.590481 0.068454
0.620847 0.590164 0.070238
0.650630 0.589848 0.072022
0.680413 0.589531 0.073806
0.710195 0.589214 0.075591
0.739978 0.588897 0.077375
0.769761 0.588580 0.079159
0.799543 0.588264 0.080943
0.829326 0.587947 0.082727
0.859109 0.587630 0.084511
0.888891 0.587313 0.086296
0.918674 0.586996 0.088080
0.948457 0.586679 0.089864
0.978239 0.586363 0.091648
1.000000 0.586046 0.093432
1.000000 0.585729 0.095216
1.000000 0.585412 0.097001
0.093377 0.623955 0.063919
0.125744 0.623921 0.062835
0.158111 0.623888 0.061751
0.190478 0.623854 0.060667
0.222846 0.623821 0.059583
0.255213 0.623788 0.058499
0.287580 0.623754 0.057416
0.318085 0.623517 0.058398
0.347867 0.623200 0.060183
0.377650 0.622883 0.061967
0.407433 0.622566 0.063751
0.437215 0.622250 0.065535
0.466998 0.621933 0.067319
0.496781 0.621616 0.069103
0.526563 0.621299 0.070888
0.556346 0.620982 0.072672
0.586129 0.620665 0.074456
0.615911 0.620349 0.076240
0.645694 0.620032 0.078024
0.675476 0.619715 0.079808
0.705259 0.619398 0.081593
0.735042 0.619081 0.083377
0.764824 0.618765 0.085161
0.794607 0.618448 0.086945
0.824390 0.618131 0.088729
0.854172 0.617814 0.090514
0.883955 0.617497 0.092298
0.913738 0.617180 0.094082
0.943520 0.616864 0.095866
0.973303 0.616547 0.097650
1.000000 0.616230 0.099434
1.000000 0.615913 0.101219
1.000000 0.615596 0.103003
0.097135 0.655092 0.060273
0.129502 0.655059 0.059189
0.161870 0.655026 0.058105
0.194018 0.654968 0.057264
0.223801 0.654651 0.059048
0.253583 0.654335 0.060832
0.283366 0.654018 0.062616
0.313148 0.653701 0.064400
0.342931 0.653384 0.066185
0.372714 0.653067 0.067969
0.402496 0.652751 0.069753
0.432279 0.652434 0.071537
0.462062 0.652117 0.073321
0.491844 0.651800 0.075106
0.521627 0.651483 0.076890
0.551410 0.651166 0.078674
0.581192 0.650850 0.080458
0.610975 0.650533 0.082242
0.640758 0.650216 0.084026
0.670540 0.649899 0.085811
0.700323 0.649582 0.087595
0.730105 0.649266 0.089379
0.759888 0.648949 0.091163
0.789671 0.648632 0.092947
0.819453 0.648315 0.094731
0.849236 0.647998 0.096516
0.879019 0.647682 0.098300
0.908801 0.647365 0.100084
0.938584 0.647048 0.101868
0.968367 0.646731 0.103652
0.998149 0.646414 0.105436
1.000000 0.646097 0.107221
1.000000 0.645781 0.109005
0.099734 0.686103 0.057913
0.129516 0.685786 0.059698
0.159299 0.685469 0.061482
0.189082 0.685152 0.063266
0.218864 0.684836 0.065050
0.248647 0.684519 0.066834
0.278430 0.684202 0.068618
0.308212 0.683885 0.070403
0.337995 0.683568 0.072187
0.367777 0.683252 0.073971
0.397560 0.682935 0.075755
0.427343 0.682618 0.077539
0.457125 0.682301 0.079323
0.486908 0.681984 0.081108
0.516691 0.681668 0.082892
0.546473 0.681351 0.084676
0.576256 0.681034 0.086460
0.606039 0.680717 0.088244
0.635821 0.680400 0.090028
0.665604 0.680083 0.091813
0.695387 0.679767 0.093597
0.725169 0.679450 0.095381
0.754952 0.679133 0.097165
0.784735 0.678816 0.098949
0.814517 0.678499 0.100733
0.844300 0.678183 0.102518
0.874082 0.677866 0.104302
0.903865 0.677549 0.106086
0.933648 0.677232 0.107870
0.963430 0.676915 0.109654
0.993213 0.676598 0.111439
1.000000 0.676282 0.113223
1.000000 0.675965 0.115007
0.094797 0.716287 0.063915
0.124580 0.715970 0.065700
0.154363 0.715654 0.067484
0.184145 0.715337 0.069268
0.213928 0.715020 0.071052
0.243711 0.714703 0.072836
0.273493 0.714386 0.074620
0.303276 0.714069 0.076405
0.333059 0.713753 0.078189
0.362841 0.713436 0.079973
0.392624 0.713119 0.081757
0.422407 0.712802 0.083541
0.452189 0.712485 0.085325
0.481972 0.712169 0.087110
0.511754 0.711852 0.088894
0.541537 0.711535 0.090678
0.571320 0.711218 0.092462
0.601102 0.710901 0.094246
0.630885 0.710584 0.096031
0.660668 0.710268 0.097815
0.690450 0.709951 0.099599
0.720233 0.709634 0.101383
0.750016 0.709317 0.103167
0.779798 0.709000 0.104951
0.809581 0.708684 0.106736
0.839364 0.708367 0.108520
0.869146 0.708050 0.110304
0.898929 0.707733 0.112088
0.928711 0.707416 0.113872
0.958494 0.707099 0.115656
0.988277 0.706783 0.117441
1.000000 0.706466 0.119225
1.000000 0.706149 0.121009
0.089861 0.746471 0.069917
0.119644 0.746155 0.071702
0.149426 0.745838 0.073486
0.179209 0.745521 0.075270
0.208992 0.745204 0.077054
0.238774 0.744887 0.078838
0.268557 0.744570 0.080623
0.298340 0.744254 0.082407
0.328122 0.743937 0.084191
0.357905 0.743620 0.085975
0.387688 0.743303 0.087759
0.417470 0.742986 0.089543
0.447253 0.742670 0.091328
0.477036 0.742353 0.093112
0.506818 0.742036 0.094896
0.536601 0.741719 0.096680
0.566383 0.741402 0.098464
0.596166 0.741085 0.100248
0.625949 0.740769 0.102033
0.655731 0.740452 0.103817
0.685514 0.740135 0.105601
0.715297 0.739818 0.107385
0.745079 0.739501 0.109169
0.774862 0.739185 0.110953
0.804645 0.738868 0.112738
0.834427 0.738551 0.114522
0.864210 0.738234 0.116306
0.893993 0.737917 0.118090
0.923775 0.737601 0.119874
0.953558 0.737284 0.121659
0.983340 0.736967 0.123443
1.000000 0.736650 0.125227
1.000000 0.736333 0.127011
0.084925 0.776656 0.075920
0.114708 0.776339 0.077704
0.144490 0.776022 0.079488
0.174273 0.775705 0.081272
0.204055 0.775388 0.083056
0.233838 0.775071 0.084840
0.263621 0.774755 0.086625
0.293403 0.774438 0.088409
0.323186 0.774121 0.090193
0.352969 0.773804 0.091977
0.382751 0.773487 0.093761
0.412534 0.773171 0.095545
0.442317 0.772854 0.097330
0.472099 0.772537 0.099114
0.501882 0.772220 0.100898
0.531665 0.771903 0.102682
0.561447 0.771587 0.104466
0.591230 0.771270 0.106251
0.621012 0.770953 0.108035
0.650795 0.770636 0.109819
0.680578 0.770319 0.111603
0.710360 0.770002 0.113387
0.740143 0.769686 0.115171
0.769926 0.769369 0.116956
0.799708 0.769052 0.118740
0.829491 0.768735 0.120524
0.859274 0.768418 0.122308
0.889056 0.768102 0.124092
0.918839 0.767785 0.125876
0.948622 0.767468 0.127661
0.978404 0.767151 0.129445
1.000000 0.766834 0.131229
1.000000 0.766517 0.133013
0.079989 0.806840 0.081922
0.109771 0.806523 0.083706
0.139554 0.806206 0.085490
0.169337 0.805889 0.087274
0.199119 0.805573 0.089058
0.228902 0.805256 0.090843
0.258684 0.804939 0.092627
0.288467 0.804622 0.094411
0.318250 0.804305 0.096195
0.348032 0.803988 0.097979
0.377815 0.803672 0.099763
0.407598 0.803355 0.101548
0.437380 0.803038 0.103332
0.467163 0.802721 0.105116
0.496946 0.802404 0.106900
0.526728 0.802088 0.108684
0.556511 0.801771 0.110468
0.586294 0.801454 0.112253
0.616076 0.801137 0.114037
0.645859 0.800820 0.115821
0.675641 0.800503 0.117605
0.705424 0.800187 0.119389
0.735207 0.799870 0.121173
0.764989 0.799553 0.122958
0.794772 0.799236 0.124742
0.824555 0.798919 0.126526
0.854337 0.798603 0.128310
0.884120 0.798286 0.130094
0.913903 0.797969 0.131878
0.943685 0.797652 0.133663
0.973468 0.797335 0.135447
1.000000 0.797018 0.137231
1.000000 0.796702 0.139015
0.075052 0.837024 0.087924
0.104835 0.836707 0.089708
0.134618 0.836390 0.091492
0.164400 0.836074 0.093276
0.194183 0.835757 0.095060
0.223966 0.835440 0.096845
0.253748 0.835123 0.098629
0.283531 0.834806 0.100413
0.313313 0.834489 0.102197
0.343096 0.834173 0.103981
0.372879 0.833856 0.105765
0.402661 0.833539 0.107550
0.432444 0.833222 0.109334
0.462227 0.832905 0.111118
0.492009 0.832589 0.112902
0.521792 0.832272 0.114686
0.551575 0.831955 0.116470
0.581357 0.831638 0.118255
0.611140 0.831321 0.120039
0.640923 0.831004 0.121823
0.670705 0.830688 0.123607
0.700488 0.830371 0.125391
0.730270 0.830054 0.127176
0.760053 0.829737 0.128960
0.789836 0.829420 0.130744
0.819618 0.829104 0.132528
0.849401 0.828787 0.134312
0.879184 0.828470 0.136096
0.908966 0.828153 0.137881
0.938749 0.827836 0.139665
0.968532 0.827520 0.141449
0.998314 0.827203 0.143233
1.000000 0.826886 0.145017
0.070116 0.867208 0.093926
0.099899 0.866891 0.095710
0.129681 0.866575 0.097494
0.159464 0.866258 0.099278
0.189247 0.865941 0.101062
0.219029 0.865624 0.102847
0.248812 0.865307 0.104631
0.278595 0.864990 0.106415
0.308377 0.864674 0.108199
0.338160 0.864357 0.109983
0.367942 0.864040 0.111768
0.397725 0.863723 0.113552
0.427508 0.863406 0.115336
0.457290 0.863090 0.117120
0.487073 0.862773 0.118904
0.516856 0.862456 0.120688
0.546638 0.862139 0.122473
0.576421 0.861822 0.124257
0.606204 0.861506 0.126041
0.635986 0.861189 0.127825
0.665769 0.860872 0.129609
0.695552 0.860555 0.131393
0.725334 0.860238 0.133178
0.755117 0.859921 0.134962
0.784899 0.859605 0.136746
0.814682 0.859288 0.138530
0.844465 0.858971 0.140314
0.874247 0.858654 0.142098
0.904030 0.858337 0.143883
0.933813 0.858021 0.145667
0.963595 0.857704 0.147451
0.993378 0.857387 0.149235
1.000000 0.857070 0.151019
0.065180 0.897392 0.099928
0.094962 0.897076 0.101712
0.124745 0.896759 0.103496
0.154528 0.896442 0.105280
0.184310 0.896125 0.107065
0.214093 0.895808 0.108849
0.243876 0.895492 0.110633
0.273658 0.895175 0.112417
0.303441 0.894858 0.114201
0.333224 0.894541 0.115985
0.363006 0.894224 0.117770
0.392789 0.893907 0.119554
0.422571 0.893591 0.121338
0.452354 0.893274 0.123122
0.482137 0.892957 0.124906
0.511919 0.892640 0.126690
0.541702 0.892323 0.128475
0.571485 0.892007 0.130259
0.601267 0.891690 0.132043
0.631050 0.891373 0.133827
0.660833 0.891056 0.135611
0.690615 0.890739 0.137395
0.720398 0.890422 0.139180
0.750181 0.890106 0.140964
0.779963 0.889789 0.142748
0.809746 0.889472 0.144532
0.839528 0.889155 0.146316
0.869311 0.888838 0.148101
0.899094 0.888522 0.149885
0.928876 0.888205 0.151669
0.958659 0.887888 0.153453
0.988442 0.887571 0.155237
1.000000 0.887254 0.157021
0.060243 0.927577 0.105930
0.090026 0.927260 0.107714
0.119809 0.926943 0.109498
0.149591 0.926626 0.111282
0.179374 0.926309 0.113067
0.209157 0.925993 0.114851
0.238939 0.925676 0.116635
0.268722 0.925359 0.118419
0.298505 0.925042 0.120203
0.328287 0.924725 0.121987
0.358070 0.924408 0.123772
0.387853 0.924092 0.125556
0.417635 0.923775 0.127340
0.447418 0.923458 0.129124
0.477200 0.923141 0.130908
0.506983 0.922824 0.132693
0.536766 0.922508 0.134477
0.566548 0.922191 0.136261
0.596331 0.921874 0.138045
0.626114 0.921557 0.139829
0.655896 0.921240 0.141613
0.685679 0.920923 0.143398
0.715462 0.920607 0.145182
0.745244 0.920290 0.146966
0.775027 0.919973 0.148750
0.804810 0.919656 0.150534
0.834592 0.919339 0.152318
0.864375 0.919023 0.154103
0.894157 0.918706 0.155887
0.923940 0.918389 0.157671
0.953723 0.918072 0.159455
0.983505 0.917755 0.161239
1.000000 0.917439 0.163023
0.055307 0.957761 0.111932
0.085090 0.957444 0.113716
0.114872 0.957127 0.115500
0.144655 0.956810 0.117285
0.174438 0.956494 0.119069
0.204220 0.956177 0.120853
0.234003 0.955860 0.122637
0.263786 0.955543 0.124421
0.293568 0.955226 0.126205
0.323351 0.954909 0.127990
0.353134 0.954593 0.129774
0.382916 0.954276 0.131558
0.412699 0.953959 0.133342
0.442482 0.953642 0.135126
0.472264 0.953325 0.136910
0.502047 0.953009 0.138695
0.531829 0.952692 0.140479
0.561612 0.952375 0.142263
0.591395 0.952058 0.144047
0.621177 0.951741 0.145831
0.650960 0.951425 0.147615
0.680743 0.951108 0.149400
0.710525 0.950791 0.151184
0.740308 0.950474 0.152968
0.770091 0.950157 0.154752
0.799873 0.949840 0.156536
0.829656 0.949524 0.158320
0.859439 0.949207 0.160105
0.889221 0.948890 0.161889
0.919004 0.948573 0.163673
0.948786 0.948256 0.165457
0.978569 0.947940 0.167241
1.000000 0.947623 0.169026
0.050371 0.987945 0.117934
0.080154 0.987628 0.119718
0.109936 0.987311 0.121502
0.139719 0.986995 0.123287
0.169501 0.986678 0.125071
0.199284 0.986361 0.126855
0.229067 0.986044 0.128639
0.258849 0.985727 0.130423
0.288632 0.985411 0.132207
0.318415 0.985094 0.133992
0.348197 0.984777 0.135776
0.377980 0.984460 0.137560
0.407763 0.984143 0.139344
0.437545 0.983826 0.141128
0.467328 0.983510 0.142912
0.497111 0.983193 0.144697
0.526893 0.982876 0.146481
0.556676 0.982559 0.148265
0.586458 0.982242 0.150049
0.616241 0.981926 0.151833
0.646024 0.981609 0.153618
0.675806 0.981292 0.155402
0.705589 0.980975 0.157186
0.735372 0.980658 0.158970
0.765154 0.980341 0.160754
0.794937 0.980025 0.162538
0.824720 0.979708 0.164323
0.854502 0.979391 0.166107
0.884285 0.979074 0.167891
0.914068 0.978757 0.169675
0.943850 0.978441 0.171459
0.973633 0.978124 0.173243
1.000000 0.977807 0.175028
0.018590 0.001187 0.167723
0.050957 0.001154 0.166639
0.083325 0.001120 0.165555
0.115692 0.001087 0.164471
0.148059 0.001054 0.163388
0.180426 0.001020 0.162304
0.212793 0.000987 0.161220
0.245160 0.000954 0.160136
0.277528 0.000920 0.159052
0.309895 0.000887 0.157968
0.342262 0.000853 0.156884
0.374629 0.000820 0.155801
0.406996 0.000787 0.154717
0.439364 0.000753 0.153633
0.471731 0.000720 0.152549
0.504098 0.000687 0.151465
0.536465 0.000653 0.150381
0.568832 0.000620 0.149298
0.601200 0.000587 0.148214
0.633567 0.000553 0.147130
0.665934 0.000520 0.146046
0.698301 0.000487 0.144962
0.730668 0.000453 0.143878
0.763036 0.000420 0.142795
0.795403 0.000387 0.141711
0.827770 0.000353 0.140627
0.860137 0.000320 0.139543
0.892504 0.000287 0.138459
0.924872 0.000253 0.137375
0.957239 0.000220 0.136291
0.989606 0.000186 0.135208
1.000000 0.000153 0.134124
1.000000 0.000120 0.133040
0.022348 0.032325 0.164077
0.054716 0.032291 0.162993
0.087083 0.032258 0.161909
0.119450 0.032225 0.160825
0.151817 0.032191 0.159741
0.184184 0.032158 0.158658
0.216552 0.032125 0.157574
0.248919 0.032091 0.156490
0.281286 0.032058 0.155406
0.313653 0.032025 0.154322
0.346020 0.031991 0.153238
0.378388 0.031958 0.152155
0.410755 0.031925 0.151071
0.443122 0.031891 0.149987
0.475489 0.031858 0.148903
0.507856 0.031825 0.147819
0.540224 0.031791 0.146735
0.572591 0.031758 0.145651
0.604958 0.031724 0.144568
0.637325 0.031691 0.143484
0.669692 0.031658 0.142400
0.702059 0.031624 0.141316
0.734427 0.031591 0.140232
0.766794 0.031558 0.139148
0.799161 0.031524 0.138065
0.831528 0.031491 0.136981
0.863895 0.031458 0.135897
0.896263 0.031424 0.134813
0.928630 0.031391 0.133729
0.960997 0.031358 0.132645
0.993364 0.031324 0.131561
1.000000 0.031291 0.130478
1.000000 0.031258 0.129394
0.026107 0.063463 0.160431
0.058474 0.063429 0.159347
0.090841 0.063396 0.158263
0.123208 0.063363 0.157179
0.155576 0.063329 0.156095
0.187943 0.063296 0.155011
0.220310 0.063262 0.153928
0.252677 0.063229 0.152844
0.285044 0.063196 0.151760
0.317411 0.063162 0.150676
0.349779 0.063129 0.149592
0.382146 0.063096 0.148508
0.414513 0.063062 0.147425
0.446880 0.063029 0.146341
0.479247 0.062996 0.145257
0.511615 0.062962 0.144173
0.543982 0.062929 0.143089
0.576349 0.062896 0.142005
0.608716 0.062862 0.140921
0.641083 0.062829 0.139838
0.673451 0.062796 0.138754
0.705818 0.062762 0.137670
0.738185 0.062729 0.136586
0.770552 0.062696 0.135502
0.802919 0.062662 0.134418
0.835287 0.062629 0.133335
0.867654 0.062595 0.132251
0.900021 0.062562 0.131167
0.932388 0.062529 0.130083
0.964755 0.062495 0.128999
0.997123 0.062462 0.127915
1.000000 0.062429 0.126832
1.000000 0.062395 0.125748
0.029865 0.094600 0.156785
0.062232 0.094567 0.155701
0.094599 0.094534 0.154617
0.126967 0.094500 0.153533
0.159334 0.094467 0.152449
0.191701 0.094434 0.151365
0.224068 0.094400 0.150281
0.256435 0.094367 0.149198
0.288803 0.094334 0.148114
0.321170 0.094300 0.147030
0.353537 0.094267 0.145946
0.385904 0.094234 0.144862
0.418271 0.094200 0.143778
0.450639 0.094167 0.142695
0.483006 0.094133 0.141611
0.515373 0.094100 0.140527
0.547740 0.094067 0.139443
0.580107 0.094033 0.138359
0.612475 0.094000 0.137275
0.644842 0.093967 0.136192
0.677209 0.093933 0.135108
0.709576 0.093900 0.134024
0.741943 0.093867 0.132940
0.774310 0.093833 0.131856
0.806678 0.093800 0.130772
0.839045 0.093767 0.129688
0.871412 0.093733 0.128605
0.903779 0.093700 0.127521
0.936146 0.093667 0.126437
0.968514 0.093633 0.125353
1.000000 0.093600 0.124269
1.000000 0.093567 0.123185
1.000000 0.093533 0.122102
0.033623 0.125738 0.153138
0.065991 0.125705 0.152055
0.098358 0.125671 0.150971
0.130725 0.125638 0.149887
0.163092 0.125605 0.148803
0.195459 0.125571 0.147719
0.227827 0.125538 0.146635
0.260194 0.125505 0.145552
0.292561 0.125471 0.144468
0.324928 0.125438 0.143384
0.357295 0.125405 0.142300
0.389662 0.125371 0.141216
0.422030 0.125338 0.140132
0.454397 0.125305 0.139048
0.486764 0.125271 0.137965
0.519131 0.125238 0.136881
0.551498 0.125205 0.135797
0.583866 0.125171 0.134713
0.616233 0.125138 0.133629
0.648600 0.125105 0.132545
0.680967 0.125071 0.131462
0.713334 0.125038 0.130378
0.745702 0.125005 0.129294
0.778069 0.124971 0.128210
0.810436 0.124938 0.127126
0.842803 0.124904 0.126042
0.875170 0.124871 0.124959
0.907538 0.124838 0.123875
0.939905 0.124804 0.122791
0.972272 0.124771 0.121707
1.000000 0.124738 0.120623
1.000000 0.124704 0.119539
1.000000 0.124671 0.118455
0.037382 0.156876 0.149492
0.069749 0.156843 0.148408
0.102116 0.156809 0.147325
0.134483 0.156776 0.146241
0.166850 0.156743 0.145157
0.199218 0.156709 0.144073
0.231585 0.156676 0.142989
0.263952 0.156643 0.141905
0.296319 0.156609 0.140822
0.328686 0.156576 0.139738
0.361054 0.156543 0.138654
0.393421 0.156509 0.137570
0.425788 0.156476 0.136486
0.458155 0.156442 0.135402
0.490522 0.156409 0.134319
0.522890 0.156376 0.133235
0.555257 0.156342 0.132151
0.587624 0.156309 0.131067
0.619991 0.156276 0.129983
0.652358 0.156242 0.128899
0.684726 0.156209 0.127815
0.717093 0.156176 0.126732
0.749460 0.156142 0.125648
0.781827 0.156109 0.124564
0.814194 0.156076 0.123480
0.846561 0.156042 0.122396
0.878929 0.156009 0.121312
0.911296 0.155976 0.120229
0.943663 0.155942 0.119145
0.976030 0.155909 0.118061
1.000000 0.155876 0.116977
1.000000 0.155842 0.115893
1.000000 0.155809 0.114809
0.041140 0.188014 0.145846
0.073507 0.187980 0.144762
0.105874 0.187947 0.143679
0.138242 0.187914 0.142595
0.170609 0.187880 0.141511
0.202976 0.187847 0.140427
0.235343 0.187814 0.139343
0.267710 0.187780 0.138259
0.300078 0.187747 0.137175
0.332445 0.187714 0.136092
0.364812 0.187680 0.135008
0.397179 0.187647 0.133924
0.429546 0.187614 0.132840
0.461913 0.187580 0.131756
0.494281 0.187547 0.130672
0.526648 0.187514 0.129589
0.559015 0.187480 0.128505
0.591382 0.187447 0.127421
0.623749 0.187414 0.126337
0.656117 0.187380 0.125253
0.688484 0.187347 0.124169
0.720851 0.187313 0.123085
0.753218 0.187280 0.122002
0.785585 0.187247 0.120918
0.817953 0.187213 0.119834
0.850320 0.187180 0.118750
0.882687 0.187147 0.117666
0.915054 0.187113 0.116582
0.947421 0.187080 0.115499
0.979789 0.187047 0.114415
1.000000 0.187013 0.113331
1.000000 0.186980 0.112247
1.000000 0.186947 0.111163
0.044898 0.219152 0.142200
0.077265 0.219118 0.141116
0.109633 0.219085 0.140032
0.142000 0.219052 0.138949
0.174367 0.219018 0.137865
0.206734 0.218985 0.136781
0.239101 0.218952 0.135697
0.271469 0.218918 0.134613
0.303836 0.218885 0.133529
0.336203 0.218851 0.132445
0.368570 0.218818 0.131362
0.400937 0.218785 0.130278
0.433305 0.218751 0.129194
0.465672 0.218718 0.128110
0.498039 0.218685 0.127026
0.530406 0.218651 0.125942
0.562773 0.218618 0.124859
0.595141 0.218585 0.123775
0.627508 0.218551 0.122691
0.659875 0.218518 0.121607
0.692242 0.218485 0.120523
0.724609 0.218451 0.119439
0.756977 0.218418 0.118356
0.789344 0.218385 0.117272
0.821711 0.218351 0.116188
0.854078 0.218318 0.115104
0.886445 0.218285 0.114020
0.918812 0.218251 0.112936
0.951180 0.218218 0.111852
0.983547 0.218185 0.110769
1.000000 0.218151 0.109685
1.000000 0.218118 0.108601
1.000000 0.218084 0.107517
0.048657 0.250289 0.138554
0.081024 0.250256 0.137470
0.113391 0.250223 0.136386
0.145758 0.250189 0.135302
0.178125 0.250156 0.134219
0.210493 0.250123 0.133135
0.242860 0.250089 0.132051
0.275227 0.250056 0.130967
0.307594 0.250023 0.129883
0.339961 0.249989 0.128799
0.372329 0.249956 0.127716
0.404696 0.249923 0.126632
0.437063 0.249889 0.125548
0.469430 0.249856 0.124464
0.501797 0.249823 0.123380
0.534164 0.249789 0.122296
0.566532 0.249756 0.121212
0.598899 0.249723 0.120129
0.631266 0.249689 0.119045
0.663633 0.249656 0.117961
0.696000 0.249622 0.116877
0.728368 0.249589 0.115793
0.760735 0.249556 0.114709
0.793102 0.249522 0.113626
0.825469 0.249489 0.112542
0.857836 0.249456 0.111458
0.890204 0.249422 0.110374
0.922571 0.249389 0.109290
0.954938 0.249356 0.108206
0.987305 0.249322 0.107123
1.000000 0.249289 0.106039
1.000000 0.249256 0.104955
1.000000 0.249222 0.103871
0.052415 0.281427 0.134908
0.084782 0.281394 0.133824
0.117149 0.281361 0.132740
0.149516 0.281327 0.131656
0.181884 0.281294 0.130572
0.214251 0.281261 0.129489
0.246618 0.281227 0.128405
0.278985 0.281194 0.127321
0.311352 0.281160 0.126237
0.343720 0.281127 0.125153
0.376087 0.281094 0.124069
0.408454 0.281060 0.122986
0.440821 0.281027 0.121902
0.473188 0.280994 0.120818
0.505556 0.280960 0.119734
0.537923 0.280927 0.118650
0.570290 0.280894 0.117566
0.602657 0.280860 0.116483
0.635024 0.280827 0.115399
0.667392 0.280794 0.114315
0.699759 0.280760 0.113231
0.732126 0.280727 0.112147
0.764493 0.280694 0.111063
0.796860 0.280660 0.109979
0.829228 0.280627 0.108896
0.861595 0.280594 0.107812
0.893962 0.280560 0.106728
0.926329 0.280527 0.105644
0.958696 0.280493 0.104560
0.991063 0.280460 0.103476
1.000000 0.280427 0.102393
1.000000 0.280393 0.101309
1.000000 0.280360 0.100225
0.056173 0.312565 0.131262
0.088540 0.312532 0.130178
0.120908 0.312498 0.129094
0.153275 0.312465 0.128010
0.185642 0.312432 0.126926
0.218009 0.312398 0.125843
0.250376 0.312365 0.124759
0.282744 0.312332 0.123675
0.315111 0.312298 0.122591
0.347478 0.312265 0.121507
0.379845 0.312232 0.120423
0.412212 0.312198 0.119339
0.444580 0.312165 0.118256
0.476947 0.312132 0.117172
0.509314 0.312098 0.116088
0.541681 0.312065 0.115004
0.574048 0.312031 0.113920
0.606415 0.311998 0.112836
0.638783 0.311965 0.111753
0.671150 0.311931 0.110669
0.703517 0.311898 0.109585
0.735884 0.311865 0.108501
0.768251 0.311831 0.107417
0.800619 0.311798 0.106333
0.832986 0.311765 0.105249
0.865353 0.311731 0.104166
0.897720 0.311698 0.103082
0.930087 0.311665 0.101998
0.962455 0.311631 0.100914
0.994822 0.311598 0.099830
1.000000 0.311565 0.098746
1.000000 0.311531 0.097663
1.000000 0.311498 0.096579
0.059932 0.343703 0.127616
0.092299 0.343670 0.126532
0.124666 0.343636 0.125448
0.157033 0.343603 0.124364
0.189400 0.343569 0.123280
0.221767 0.343536 0.122196
0.254135 0.343503 0.121113
0.286502 0.343469 0.120029
0.318869 0.343436 0.118945
0.351236 0.343403 0.117861
0.383603 0.343369 0.116777
0.415971 0.343336 0.115693
0.448338 0.343303 0.114609
0.480705 0.343269 0.113526
0.513072 0.343236 0.112442
0.545439 0.343203 0.111358
0.577807 0.343169 0.110274
0.610174 0.343136 0.109190
0.642541 0.343103 0.108106
0.674908 0.343069 0.107023
0.707275 0.343036 0.105939
0.739643 0.343003 0.104855
0.772010 0.342969 0.103771
0.804377 0.342936 0.102687
0.836744 0.342903 0.101603
0.869111 0.342869 0.100520
0.901479 0.342836 0.099436
0.933846 0.342802 0.098352
0.966213 0.342769 0.097268
0.998580 0.342736 0.096184
1.000000 0.342702 0.095100
1.000000 0.342669 0.094016
1.000000 0.342636 0.092933
0.063690 0.374841 0.123969
0.096057 0.374807 0.122886
0.128424 0.374774 0.121802
0.160791 0.374741 0.120718
0.193159 0.374707 0.119634
0.225526 0.374674 0.118550
0.257893 0.374641 0.117466
0.290260 0.374607 0.116383
0.322627 0.374574 0.115299
0.354995 0.374541 0.114215
0.387362 0.374507 0.113131
0.419729 0.374474 0.112047
0.452096 0.374441 0.110963
0.484463 0.374407 0.109880
0.516831 0.374374 0.108796
0.549198 0.374340 0.107712
0.581565 0.374307 0.106628
0.613932 0.374274 0.105544
0.646299 0.374240 0.104460
0.678666 0.374207 0.103376
0.711034 0.374174 0.102293
0.743401 0.374140 0.101209
0.775768 0.374107 0.100125
0.808135 0.374074 0.099041
0.840502 0.374040 0.097957
0.872870 0.374007 0.096873
0.905237 0.373974 0.095790
0.937604 0.373940 0.094706
0.969971 0.373907 0.093622
1.000000 0.373874 0.092538
1.000000 0.373840 0.091454
1.000000 0.373807 0.090370
1.000000 0.373774 0.089287
0.067448 0.405979 0.120323
0.099815 0.405945 0.119240
0.132183 0.405912 0.118156
0.164550 0.405878 0.117072
0.196917 0.405845 0.115988
0.229284 0.405812 0.114904
0.261651 0.405778 0.113820
0.294018 0.405745 0.112736
0.326386 0.405712 0.111653
0.358753 0.405678 0.110569
0.391120 0.405645 0.109485
0.423487 0.405612 0.108401
0.455854 0.405578 0.107317
0.488222 0.405545 0.106233
0.520589 0.405512 0.105150
0.552956 0.405478 0.104066
0.585323 0.405445 0.102982
0.617690 0.405412 0.101898
0.650058 0.405378 0.100814
0.682425 0.405345 0.099730
0.714792 0.405312 0.098647
0.747159 0.405278 0.097563
0.779526 0.405245 0.096479
0.811894 0.405211 0.095395
0.844261 0.405178 0.094311
0.876628 0.405145 0.093227
0.908995 0.405111 0.092143
0.941362 0.405078 0.091060
0.973730 0.405045 0.089976
1.000000 0.405011 0.088892
1.000000 0.404833 0.089276
1.000000 0.404516 0.091060
1.000000 0.404199 0.092844
0.071206 0.437116 0.116677
0.103574 0.437083 0.115593
0.135941 0.437050 0.114510
0.168308 0.437016 0.113426
0.200675 0.436983 0.112342
0.233042 0.436950 0.111258
0.265410 0.436916 0.110174
0.297777 0.436883 0.109090
0.330144 0.436850 0.108007
0.362511 0.436816 0.106923
0.394878 0.436783 0.105839
0.427246 0.436749 0.104755
0.459613 0.436716 0.103671
0.491980 0.436683 0.102587
0.524347 0.436649 0.101503
0.556714 0.436616 0.100420
0.589082 0.436583 0.099336
0.621449 0.436549 0.098252
0.653816 0.436516 0.097168
0.686183 0.436483 0.096084
0.718550 0.436449 0.095000
0.750917 0.436416 0.093917
0.783285 0.436383 0.092833
0.815652 0.436349 0.091749
0.848019 0.436316 0.090665
0.880386 0.436283 0.089581
0.912753 0.436249 0.088497
0.942857 0.435968 0.089925
0.972640 0.435651 0.091710
1.000000 0.435334 0.093494
1.000000 0.435017 0.095278
1.000000 0.434700 0.097062
1.000000 0.434384 0.098846
0.074965 0.468254 0.113031
0.107332 0.468221 0.111947
0.139699 0.468187 0.110863
0.172066 0.468154 0.109780
0.204434 0.468121 0.108696
0.236801 0.468087 0.107612
0.269168 0.468054 0.106528
0.301535 0.468021 0.105444
0.333902 0.467987 0.104360
0.366269 0.467954 0.103277
0.398637 0.467921 0.102193
0.431004 0.467887 0.101109
0.463371 0.467854 0.100025
0.495738 0.467821 0.098941
0.528105 0.467787 0.097857
0.560473 0.467754 0.096773
0.592840 0.467721 0.095690
0.625207 0.467687 0.094606
0.657574 0.467654 0.093522
0.689941 0.467620 0.092438
0.722309 0.467587 0.091354
0.754676 0.467554 0.090270
0.787043 0.467520 0.089187
0.818790 0.467419 0.088791
0.848573 0.467102 0.090575
0.878355 0.466785 0.092359
0.908138 0.466469 0.094143
0.937921 0.466152 0.095927
0.967703 0.465835 0.097712
0.997486 0.465518 0.099496
1.000000 0.465201 0.101280
1.000000 0.464885 0.103064
1.000000 0.464568 0.104848
0.078723 0.499392 0.109385
0.111090 0.499359 0.108301
0.143457 0.499325 0.107217
0.175825 0.499292 0.106133
0.208192 0.499259 0.105050
0.240559 0.499225 0.103966
0.272926 0.499192 0.102882
0.305293 0.499158 0.101798
0.337661 0.499125 0.100714
0.370028 0.499092 0.099630
0.402395 0.499058 0.098547
0.434762 0.499025 0.097463
0.467129 0.498992 0.096379
0.499497 0.498958 0.095295
0.531864 0.498925 0.094211
0.564231 0.498892 0.093127
0.596598 0.498858 0.092044
0.628965 0.498825 0.090960
0.661333 0.498792 0.089876
0.693700 0.498758 0.088792
0.724506 0.498554 0.089440
0.754289 0.498237 0.091224
0.784071 0.497920 0.093009
0.813854 0.497603 0.094793
0.843637 0.497286 0.096577
0.873419 0.496970 0.098361
0.903202 0.496653 0.100145
0.932984 0.496336 0.101930
0.962767 0.496019 0.103714
0.992550 0.495702 0.105498
1.000000 0.495386 0.107282
1.000000 0.495069 0.109066
1.000000 0.494752 0.110850
0.082481 0.530530 0.105739
0.114849 0.530496 0.104655
0.147216 0.530463 0.103571
0.179583 0.530430 0.102487
0.211950 0.530396 0.101404
0.244317 0.530363 0.100320
0.276685 0.530330 0.099236
0.309052 0.530296 0.098152
0.341419 0.530263 0.097068
0.373786 0.530230 0.095984
0.406153 0.530196 0.094900
0.438520 0.530163 0.093817
0.470888 0.530130 0.092733
0.503255 0.530096 0.091649
0.535622 0.530063 0.090565
0.567989 0.530030 0.089481
0.600356 0.529996 0.088397
0.630222 0.529688 0.090090
0.660004 0.529372 0.091874
0.689787 0.529055 0.093658
0.719570 0.528738 0.095442
0.749352 0.528421 0.097227
0.779135 0.528104 0.099011
0.808918 0.527788 0.100795
0.838700 0.527471 0.102579
0.868483 0.527154 0.104363
0.898266 0.526837 0.106147
0.928048 0.526520 0.107932
0.957831 0.526203 0.109716
0.987613 0.525887 0.111500
1.000000 0.525570 0.113284
1.000000 0.525253 0.115068
1.000000 0.524936 0.116852
0.086240 0.561668 0.102093
0.118607 0.561634 0.101009
0.150974 0.561601 0.099925
0.183341 0.561568 0.098841
0.215708 0.561534 0.097757
0.248076 0.561501 0.096674
0.280443 0.561467 0.095590
0.312810 0.561434 0.094506
0.345177 0.561401 0.093422
0.377544 0.561367 0.092338
0.409912 0.561334 0.091254
0.442279 0.561301 0.090171
0.474646 0.561267 0.089087
0.506155 0.561140 0.088955
0.535938 0.560823 0.090739
0.565720 0.560506 0.092524
0.595503 0.560189 0.094308
0.625285 0.559873 0.096092
0.655068 0.559556 0.097876
0.684851 0.559239 0.099660
0.714633 0.558922 0.101444
0.744416 0.558605 0.103229
0.774199 0.558289 0.105013
0.803981 0.557972 0.106797
0.833764 0.557655 0.108581
0.863547 0.557338 0.110365
0.893329 0.557021 0.112149
0.923112 0.556704 0.113934
0.952895 0.556388 0.115718
0.982677 0.556071 0.117502
1.000000 0.555754 0.119286
1.000000 0.555437 0.121070
1.000000 0.555120 0.122855
0.089998 0.592805 0.098447
0.122365 0.592772 0.097363
0.154732 0.592739 0.096279
0.187100 0.592705 0.095195
0.219467 0.592672 0.094111
0.251834 0.592639 0.093027
0.284201 0.592605 0.091944
0.316568 0.592572 0.090860
0.348935 0.592539 0.089776
0.381303 0.592505 0.088692
0.411871 0.592275 0.089605
0.441653 0.591958 0.091389
0.471436 0.591641 0.093173
0.501219 0.591324 0.094957
0.531001 0.591007 0.096741
0.560784 0.590690 0.098526
0.590567 0.590374 0.100310
0.620349 0.590057 0.102094
0.650132 0.589740 0.103878
0.679914 0.589423 0.105662
0.709697 0.589106 0.107447
0.739480 0.588790 0.109231
0.769262 0.588473 0.111015
0.799045 0.588156 0.112799
0.828828 0.587839 0.114583
0.858610 0.587522 0.116367
0.888393 0.587205 0.118152
0.918176 0.586889 0.119936
0.947958 0.586572 0.121720
0.977741 0.586255 0.123504
1.000000 0.585938 0.125288
1.000000 0.585621 0.127072
1.000000 0.585305 0.128857
0.093756 0.623943 0.094801
0.126123 0.623910 0.093717
0.158491 0.623876 0.092633
0.190858 0.623843 0.091549
0.223225 0.623810 0.090465
0.255592 0.623776 0.089381
0.287804 0.623726 0.088470
0.317586 0.623409 0.090254
0.347369 0.623092 0.092039
0.377152 0.622776 0.093823
0.406934 0.622459 0.095607
0.436717 0.622142 0.097391
0.466500 0.621825 0.099175
0.496282 0.621508 0.100959
0.526065 0.621191 0.102744
0.555848 0.620875 0.104528
0.585630 0.620558 0.106312
0.615413 0.620241 0.108096
0.645196 0.619924 0.109880
0.674978 0.619607 0.111664
0.704761 0.619291 0.113449
0.734543 0.618974 0.115233
0.764326 0.618657 0.117017
0.794109 0.618340 0.118801
0.823891 0.618023 0.120585
0.853674 0.617707 0.122369
0.883457 0.617390 0.124154
0.913239 0.617073 0.125938
0.943022 0.616756 0.127722
0.972805 0.616439 0.129506
1.000000 0.616122 0.131290
1.000000 0.615806 0.133074
1.000000 0.615489 0.134859
0.097515 0.655081 0.091154
0.129882 0.655048 0.090071
0.162249 0.655014 0.088987
0.193520 0.654861 0.089120
0.223302 0.654544 0.090904
0.253085 0.654227 0.092688
0.282868 0.653910 0.094472
0.312650 0.653593 0.096256
0.342433 0.653277 0.098041
0.372215 0.652960 0.099825
0.401998 0.652643 0.101609
0.431781 0.652326 0.103393
0.461563 0.652009 0.105177
0.491346 0.651693 0.106961
0.521129 0.651376 0.108746
0.550911 0.651059 0.110530
0.580694 0.650742 0.112314
0.610477 0.650425 0.114098
0.640259 0.650108 0.115882
0.670042 0.649792 0.117666
0.699825 0.649475 0.119451
0.729607 0.649158 0.121235
0.759390 0.648841 0.123019
0.789172 0.648524 0.124803
0.818955 0.648208 0.126587
0.848738 0.647891 0.128372
0.878520 0.647574 0.130156
0.908303 0.647257 0.131940
0.938086 0.646940 0.133724
0.967868 0.646623 0.135508
0.997651 0.646307 0.137292
1.000000 0.645990 0.139077
1.000000 0.645673 0.140861
0.099235 0.685995 0.089769
0.129018 0.685679 0.091553
0.158801 0.685362 0.093338
0.188583 0.685045 0.095122
0.218366 0.684728 0.096906
0.248149 0.684411 0.098690
0.277931 0.684094 0.100474
0.307714 0.683778 0.102258
0.337497 0.683461 0.104043
0.367279 0.683144 0.105827
0.397062 0.682827 0.107611
0.426844 0.682510 0.109395
0.456627 0.682194 0.111179
0.486410 0.681877 0.112964
0.516192 0.681560 0.114748
0.545975 0.681243 0.116532
0.575758 0.680926 0.118316
0.605540 0.680609 0.120100
0.635323 0.680293 0.121884
0.665106 0.679976 0.123669
0.694888 0.679659 0.125453
0.724671 0.679342 0.127237
0.754454 0.679025 0.129021
0.784236 0.678709 0.130805
0.814019 0.678392 0.132589
0.843801 0.678075 0.134374
0.873584 0.677758 0.136158
0.903367 0.677441 0.137942
0.933149 0.677125 0.139726
0.962932 0.676808 0.141510
0.992715 0.676491 0.143294
1.000000 0.676174 0.145079
1.000000 0.675857 0.146863
0.094299 0.716180 0.095771
0.124082 0.715863 0.097556
0.153864 0.715546 0.099340
0.183647 0.715229 0.101124
0.213430 0.714912 0.102908
0.243212 0.714595 0.104692
0.272995 0.714279 0.106476
0.302778 0.713962 0.108261
0.332560 0.713645 0.110045
0.362343 0.713328 0.111829
0.392126 0.713011 0.113613
0.421908 0.712695 0.115397
0.451691 0.712378 0.117181
0.481473 0.712061 0.118966
0.511256 0.711744 0.120750
0.541039 0.711427 0.122534
0.570821 0.711111 0.124318
0.600604 0.710794 0.126102
0.630387 0.710477 0.127886
0.660169 0.710160 0.129671
0.689952 0.709843 0.131455
0.719735 0.709526 0.133239
0.749517 0.709210 0.135023
0.779300 0.708893 0.136807
0.809083 0.708576 0.138591
0.838865 0.708259 0.140376
0.868648 0.707942 0.142160
0.898430 0.707626 0.143944
0.928213 0.707309 0.145728
0.957996 0.706992 0.147512
0.987778 0.706675 0.149297
1.000000 0.706358 0.151081
1.000000 0.706041 0.152865
0.089363 0.746364 0.101773
0.119145 0.746047 0.103558
0.148928 0.745730 0.105342
0.178711 0.745413 0.107126
0.208493 0.745097 0.108910
0.238276 0.744780 0.110694
0.268059 0.744463 0.112478
0.297841 0.744146 0.114263
0.327624 0.743829 0.116047
0.357407 0.743512 0.117831
0.387189 0.743196 0.119615
0.416972 0.742879 0.121399
0.446755 0.742562 0.123183
0.476537 0.742245 0.124968
0.506320 0.741928 0.126752
0.536102 0.741612 0.128536
0.565885 0.741295 0.130320
0.595668 0.740978 0.132104
0.625450 0.740661 0.133889
0.655233 0.740344 0.135673
0.685016 0.740027 0.137457
0.714798 0.739711 0.139241
0.744581 0.739394 0.141025
0.774364 0.739077 0.142809
0.804146 0.738760 0.144594
0.833929 0.738443 0.146378
0.863712 0.738127 0.148162
0.893494 0.737810 0.149946
0.923277 0.737493 0.151730
0.953059 0.737176 0.153514
0.982842 0.736859 0.155299
1.000000 0.736542 0.157083
1.000000 0.736226 0.158867
0.084427 0.776548 0.107775
0.114209 0.776231 0.109560
0.143992 0.775914 0.111344
0.173774 0.775598 0.113128
0.203557 0.775281 0.114912
0.233340 0.774964 0.116696
0.263122 0.774647 0.118481
0.292905 0.774330 0.120265
0.322688 0.774013 0.122049
0.352470 0.773697 0.123833
0.382253 0.773380 0.125617
0.412036 0.773063 0.127401
0.441818 0.772746 0.129186
0.471601 0.772429 0.130970
0.501384 0.772113 0.132754
0.531166 0.771796 0.134538
0.560949 0.771479 0.136322
0.590731 0.771162 0.138106
0.620514 0.770845 0.139891
0.650297 0.770528 0.141675
0.680079 0.770212 0.143459
0.709862 0.769895 0.145243
0.739645 0.769578 0.147027
0.769427 0.769261 0.148811
0.799210 0.768944 0.150596
0.828993 0.768628 0.152380
0.858775 0.768311 0.154164
0.888558 0.767994 0.155948
0.918341 0.767677 0.157732
0.948123 0.767360 0.159516
0.977906 0.767044 0.161301
1.000000 0.766727 0.163085
1.000000 0.766410 0.164869
0.079490 0.806732 0.113778
0.109273 0.806415 0.115562
0.139056 0.806099 0.117346
0.168838 0.805782 0.119130
0.198621 0.805465 0.120914
0.228403 0.805148 0.122698
0.258186 0.804831 0.124483
0.287969 0.804514 0.126267
0.317751 0.804198 0.128051
0.347534 0.803881 0.129835
0.377317 0.803564 0.131619
0.407099 0.803247 0.133403
0.436882 0.802930 0.135188
0.466665 0.802614 0.136972
0.496447 0.802297 0.138756
0.526230 0.801980 0.140540
0.556013 0.801663 0.142324
0.585795 0.801346 0.144108
0.615578 0.801030 0.145893
0.645360 0.800713 0.147677
0.675143 0.800396 0.149461
0.704926 0.800079 0.151245
0.734708 0.799762 0.153029
0.764491 0.799445 0.154814
0.794274 0.799129 0.156598
0.824056 0.798812 0.158382
0.853839 0.798495 0.160166
0.883622 0.798178 0.161950
0.913404 0.797861 0.163734
0.943187 0.797545 0.165519
0.972970 0.797228 0.167303
1.000000 0.796911 0.169087
1.000000 0.796594 0.170871
0.074554 0.836916 0.119780
0.104337 0.836600 0.121564
0.134119 0.836283 0.123348
0.163902 0.835966 0.125132
0.193685 0.835649 0.126916
0.223467 0.835332 0.128700
0.253250 0.835016 0.130485
0.283032 0.834699 0.132269
0.312815 0.834382 0.134053
0.342598 0.834065 0.135837
0.372380 0.833748 0.137621
0.402163 0.833431 0.139406
0.431946 0.833115 0.141190
0.461728 0.832798 0.142974
0.491511 0.832481 0.144758
0.521294 0.832164 0.146542
0.551076 0.831847 0.148326
0.580859 0.831531 0.150111
0.610642 0.831214 0.151895
0.640424 0.830897 0.153679
0.670207 0.830580 0.155463
0.699989 0.830263 0.157247
0.729772 0.829946 0.159031
0.759555 0.829630 0.160816
0.789337 0.829313 0.162600
0.819120 0.828996 0.164384
0.848903 0.828679 0.166168
0.878685 0.828362 0.167952
0.908468 0.828046 0.169736
0.938251 0.827729 0.171521
0.968033 0.827412 0.173305
0.997816 0.827095 0.175089
1.000000 0.826778 0.176873
0.069618 0.867101 0.125782
0.099400 0.866784 0.127566
0.129183 0.866467 0.129350
0.158966 0.866150 0.131134
0.188748 0.865833 0.132918
0.218531 0.865517 0.134703
0.248314 0.865200 0.136487
0.278096 0.864883 0.138271
0.307879 0.864566 0.140055
0.337661 0.864249 0.141839
0.367444 0.863932 0.143623
0.397227 0.863616 0.145408
0.427009 0.863299 0.147192
0.456792 0.862982 0.148976
0.486575 0.862665 0.150760
0.516357 0.862348 0.152544
0.546140 0.862032 0.154328
0.575923 0.861715 0.156113
0.605705 0.861398 0.157897
0.635488 0.861081 0.159681
0.665271 0.860764 0.161465
0.695053 0.860447 0.163249
0.724836 0.860131 0.165033
0.754618 0.859814 0.166818
0.784401 0.859497 0.168602
0.814184 0.859180 0.170386
0.843966 0.858863 0.172170
0.873749 0.858547 0.173954
0.903532 0.858230 0.175739
0.933314 0.857913 0.177523
0.963097 0.857596 0.179307
0.992880 0.857279 0.181091
1.000000 0.856963 0.182875
0.064681 0.897285 0.131784
0.094464 0.896968 0.133568
0.124247 0.896651 0.135352
0.154029 0.896334 0.137136
0.183812 0.896018 0.138920
0.213595 0.895701 0.140705
0.243377 0.895384 0.142489
0.273160 0.895067 0.144273
0.302943 0.894750 0.146057
0.332725 0.894433 0.147841
0.362508 0.894117 0.149625
0.392290 0.893800 0.151410
0.422073 0.893483 0.153194
0.451856 0.893166 0.154978
0.481638 0.892849 0.156762
0.511421 0.892533 0.158546
0.541204 0.892216 0.160331
0.570986 0.891899 0.162115
0.600769 0.891582 0.163899
0.630552 0.891265 0.165683
0.660334 0.890949 0.167467
0.690117 0.890632 0.169251
0.719900 0.890315 0.171036
0.749682 0.889998 0.172820
0.779465 0.889681 0.174604
0.809247 0.889364 0.176388
0.839030 0.889048 0.178172
0.868813 0.888731 0.179956
0.898595 0.888414 0.181741
0.928378 0.888097 0.183525
0.958161 0.887780 0.185309
0.987943 0.887464 0.187093
1.000000 0.887147 0.188877
0.059745 0.927469 0.137786
0.089528 0.927152 0.139570
0.119310 0.926835 0.141354
0.149093 0.926519 0.143138
0.178876 0.926202 0.144923
0.208658 0.925885 0.146707
0.238441 0.925568 0.148491
0.268224 0.925251 0.150275
0.298006 0.924935 0.152059
0.327789 0.924618 0.153843
0.357572 0.924301 0.155628
0.387354 0.923984 0.157412
0.417137 0.923667 0.159196
0.446919 0.923350 0.160980
0.476702 0.923034 0.162764
0.506485 0.922717 0.164548
0.536267 0.922400 0.166333
0.566050 0.922083 0.168117
0.595833 0.921766 0.169901
0.625615 0.921450 0.171685
0.655398 0.921133 0.173469
0.685181 0.920816 0.175253
0.714963 0.920499 0.177038
0.744746 0.920182 0.178822
0.774529 0.919865 0.180606
0.804311 0.919549 0.182390
0.834094 0.919232 0.184174
0.863876 0.918915 0.185958
0.893659 0.918598 0.187743
0.923442 0.918281 0.189527
0.953224 0.917965 0.191311
0.983007 0.917648 0.193095
1.000000 0.917331 0.194879
0.054809 0.957653 0.143788
0.084591 0.957336 0.145572
0.114374 0.957020 0.147356
0.144157 0.956703 0.149140
0.173939 0.956386 0.150925
0.203722 0.956069 0.152709
0.233505 0.955752 0.154493
0.263287 0.955436 0.156277
0.293070 0.955119 0.158061
0.322853 0.954802 0.159845
0.352635 0.954485 0.161630
0.382418 0.954168 0.163414
0.412201 0.953851 0.165198
0.441983 0.953535 0.166982
0.471766 0.953218 0.168766
0.501548 0.952901 0.170550
0.531331 0.952584 0.172335
0.561114 0.952267 0.174119
0.590896 0.951951 0.175903
0.620679 0.951634 0.177687
0.650462 0.951317 0.179471
0.680244 0.951000 0.181256
0.710027 0.950683 0.183040
0.739810 0.950366 0.184824
0.769592 0.950050 0.186608
0.799375 0.949733 0.188392
0.829158 0.949416 0.190176
0.858940 0.949099 0.191961
0.888723 0.948782 0.193745
0.918505 0.948466 0.195529
0.948288 0.948149 0.197313
0.978071 0.947832 0.199097
1.000000 0.947515 0.200881
0.049873 0.987837 0.149790
0.079655 0.987521 0.151574
0.109438 0.987204 0.153358
0.139220 0.986887 0.155142
0.169003 0.986570 0.156927
0.198786 0.986253 0.158711
0.228568 0.985937 0.160495
0.258351 0.985620 0.162279
0.288134 0.985303 0.164063
0.317916 0.984986 0.165848
0.347699 0.984669 0.167632
0.377482 0.984352 0.169416
0.407264 0.984036 0.171200
0.437047 0.983719 0.172984
0.466830 0.983402 0.174768
0.496612 0.983085 0.176553
0.526395 0.982768 0.178337
0.556177 0.982452 0.180121
0.585960 0.982135 0.181905
0.615743 0.981818 0.183689
0.645525 0.981501 0.185473
0.675308 0.981184 0.187258
0.705091 0.980868 0.189042
0.734873 0.980551 0.190826
0.764656 0.980234 0.192610
0.794439 0.979917 0.194394
0.824221 0.979600 0.196178
0.854004 0.979283 0.197963
0.883787 0.978967 0.199747
0.913569 0.978650 0.201531
0.943352 0.978333 0.203315
0.973135 0.978016 0.205099
1.000000 0.977699 0.206883
0.018970 0.001176 0.198605
0.051337 0.001142 0.197521
0.083704 0.001109 0.196437
0.116071 0.001076 0.195353
0.148438 0.001042 0.194269
0.180806 0.001009 0.193186
0.213173 0.000976 0.192102
0.245540 0.000942 0.191018
0.277907 0.000909 0.189934
0.310274 0.000875 0.188850
0.342641 0.000842 0.187766
0.375009 0.000809 0.186683
0.407376 0.000775 0.185599
0.439743 0.000742 0.184515
0.472110 0.000709 0.183431
0.504477 0.000675 0.182347
0.536845 0.000642 0.181263
0.569212 0.000609 0.180179
0.601579 0.000575 0.179096
0.633946 0.000542 0.178012
0.666313 0.000509 0.176928
0.698681 0.000475 0.175844
0.731048 0.000442 0.174760
0.763415 0.000409 0.173676
0.795782 0.000375 0.172593
0.828149 0.000342 0.171509
0.860517 0.000309 0.170425
0.892884 0.000275 0.169341
0.925251 0.000242 0.168257
0.957618 0.000209 0.167173
0.989985 0.000175 0.166090
1.000000 0.000142 0.165006
1.000000 0.000108 0.163922
0.022728 0.032313 0.194959
0.055095 0.032280 0.193875
0.087462 0.032247 0.192791
0.119829 0.032213 0.191707
0.152197 0.032180 0.190623
0.184564 0.032147 0.189539
0.216931 0.032113 0.188456
0.249298 0.032080 0.187372
0.281665 0.032047 0.186288
0.314033 0.032013 0.185204
0.346400 0.031980 0.184120
0.378767 0.031947 0.183036
0.411134 0.031913 0.181953
0.443501 0.031880 0.180869
0.475869 0.031847 0.179785
0.508236 0.031813 0.178701
0.540603 0.031780 0.177617
0.572970 0.031747 0.176533
0.605337 0.031713 0.175450
0.637705 0.031680 0.174366
0.670072 0.031646 0.173282
0.702439 0.031613 0.172198
0.734806 0.031580 0.171114
0.767173 0.031546 0.170030
0.799540 0.031513 0.168946
0.831908 0.031480 0.167863
0.864275 0.031446 0.166779
0.896642 0.031413 0.165695
0.929009 0.031380 0.164611
0.961376 0.031346 0.163527
0.993744 0.031313 0.162443
1.000000 0.031280 0.161360
1.000000 0.031246 0.160276
0.026486 0.063451 0.191313
0.058853 0.063418 0.190229
0.091221 0.063385 0.189145
0.123588 0.063351 0.188061
0.155955 0.063318 0.186977
0.188322 0.063285 0.185893
0.220689 0.063251 0.184810
0.253057 0.063218 0.183726
0.285424 0.063184 0.182642
0.317791 0.063151 0.181558
0.350158 0.063118 0.180474
0.382525 0.063084 0.179390
0.414892 0.063051 0.178306
0.447260 0.063018 0.177223
0.479627 0.062984 0.176139
0.511994 0.062951 0.175055
0.544361 0.062918 0.173971
0.576728 0.062884 0.172887
0.609096 0.062851 0.171803
0.641463 0.062818 0.170720
0.673830 0.062784 0.169636
0.706197 0.062751 0.168552
0.738564 0.062718 0.167468
0.770932 0.062684 0.166384
0.803299 0.062651 0.165300
0.835666 0.062618 0.164217
0.868033 0.062584 0.163133
0.900400 0.062551 0.162049
0.932768 0.062517 0.160965
0.965135 0.062484 0.159881
0.997502 0.062451 0.158797
1.000000 0.062417 0.157713
1.000000 0.062384 0.156630
0.030244 0.094589 0.187666
0.062612 0.094556 0.186583
0.094979 0.094522 0.185499
0.127346 0.094489 0.184415
0.159713 0.094456 0.183331
0.192080 0.094422 0.182247
0.224448 0.094389 0.181163
0.256815 0.094356 0.180080
0.289182 0.094322 0.178996
0.321549 0.094289 0.177912
0.353916 0.094256 0.176828
0.386284 0.094222 0.175744
0.418651 0.094189 0.174660
0.451018 0.094156 0.173577
0.483385 0.094122 0.172493
0.515752 0.094089 0.171409
0.548120 0.094055 0.170325
0.580487 0.094022 0.169241
0.612854 0.093989 0.168157
0.645221 0.093955 0.167073
0.677588 0.093922 0.165990
0.709956 0.093889 0.164906
0.742323 0.093855 0.163822
0.774690 0.093822 0.162738
0.807057 0.093789 0.161654
0.839424 0.093755 0.160570
0.871791 0.093722 0.159487
0.904159 0.093689 0.158403
0.936526 0.093655 0.157319
0.968893 0.093622 0.156235
1.000000 0.093589 0.155151
1.000000 0.093555 0.154067
1.000000 0.093522 0.152983
0.034003 0.125727 0.184020
0.066370 0.125694 0.182937
0.098737 0.125660 0.181853
0.131104 0.125627 0.180769
0.163472 0.125593 0.179685
0.195839 0.125560 0.178601
0.228206 0.125527 0.177517
0.260573 0.125493 0.176433
0.292940 0.125460 0.175350
0.325308 0.125427 0.174266
0.357675 0.125393 0.173182
0.390042 0.125360 0.172098
0.422409 0.125327 0.171014
0.454776 0.125293 0.169930
0.487143 0.125260 0.168847
0.519511 0.125227 0.167763
0.551878 0.125193 0.166679
0.584245 0.125160 0.165595
0.616612 0.125127 0.164511
0.648979 0.125093 0.163427
0.681347 0.125060 0.162343
0.713714 0.125027 0.161260
0.746081 0.124993 0.160176
0.778448 0.124960 0.159092
0.810815 0.124926 0.158008
0.843183 0.124893 0.156924
0.875550 0.124860 0.155840
0.907917 0.124826 0.154757
0.940284 0.124793 0.153673
0.972651 0.124760 0.152589
1.000000 0.124726 0.151505
1.000000 0.124693 0.150421
1.000000 0.124660 0.149337
0.037761 0.156865 0.180374
0.070128 0.156831 0.179290
0.102495 0.156798 0.178207
0.134863 0.156765 0.177123
0.167230 0.156731 0.176039
0.199597 0.156698 0.174955
0.231964 0.156665 0.173871
0.264331 0.156631 0.172787
0.296699 0.156598 0.171703
0.329066 0.156565 0.170620
0.361433 0.156531 0.169536
0.393800 0.156498 0.168452
0.426167 0.156464 0.167368
0.458535 0.156431 0.166284
0.490902 0.156398 0.165200
0.523269 0.156364 0.164117
0.555636 0.156331 0.163033
0.588003 0.156298 0.161949
0.620371 0.156264 0.160865
0.652738 0.156231 0.159781
0.685105 0.156198 0.158697
0.717472 0.156164 0.157614
0.749839 0.156131 0.156530
0.782207 0.156098 0.155446
0.814574 0.156064 0.154362
0.846941 0.156031 0.153278
0.879308 0.155998 0.152194
0.911675 0.155964 0.151110
0.944042 0.155931 0.150027
0.976410 0.155898 0.148943
1.000000 0.155864 0.147859
1.000000 0.155831 0.146775
1.000000 0.155798 0.145691
0.041519 0.188002 0.176728
0.073887 0.187969 0.175644
0.106254 0.187936 0.174560
0.138621 0.187902 0.173477
0.170988 0.187869 0.172393
0.203355 0.187836 0.171309
0.235723 0.187802 0.170225
0.268090 0.187769 0.169141
0.300457 0.187736 0.168057
0.332824 0.187702 0.166974
0.365191 0.187669 0.165890
0.397559 0.187636 0.164806
0.429926 0.187602 0.163722
0.462293 0.187569 0.162638
0.494660 0.187536 0.161554
0.527027 0.187502 0.160470
0.559394 0.187469 0.159387
0.591762 0.187436 0.158303
0.624129 0.187402 0.157219
0.656496 0.187369 0.156135
0.688863 0.187336 0.155051
0.721230 0.187302 0.153967
0.753598 0.187269 0.152884
0.785965 0.187235 0.151800
0.818332 0.187202 0.150716
0.850699 0.187169 0.149632
0.883066 0.187135 0.148548
0.915434 0.187102 0.147464
0.947801 0.187069 0.146381
0.980168 0.187035 0.145297
1.000000 0.187002 0.144213
1.000000 0.186969 0.143129
1.000000 0.186935 0.142045
0.045278 0.219140 0.173082
0.077645 0.219107 0.171998
0.110012 0.219074 0.170914
0.142379 0.219040 0.169830
0.174746 0.219007 0.168747
0.207114 0.218974 0.167663
0.239481 0.218940 0.166579
0.271848 0.218907 0.165495
0.304215 0.218874 0.164411
0.336582 0.218840 0.163327
0.368950 0.218807 0.162244
0.401317 0.218773 0.161160
0.433684 0.218740 0.160076
0.466051 0.218707 0.158992
0.498418 0.218673 0.157908
0.530786 0.218640 0.156824
0.563153 0.218607 0.155741
0.595520 0.218573 0.154657
0.627887 0.218540 0.153573
0.660254 0.218507 0.152489
0.692622 0.218473 0.151405
0.724989 0.218440 0.150321
0.757356 0.218407 0.149237
0.789723 0.218373 0.148154
0.822090 0.218340 0.147070
0.854457 0.218307 0.145986
0.886825 0.218273 0.144902
0.919192 0.218240 0.143818
0.951559 0.218207 0.142734
0.983926 0.218173 0.141651
1.000000 0.218140 0.140567
1.000000 0.218106 0.139483
1.000000 0.218073 0.138399
0.049036 0.250278 0.169436
0.081403 0.250245 0.168352
0.113770 0.250211 0.167268
0.146138 0.250178 0.166184
0.178505 0.250145 0.165101
0.210872 0.250111 0.164017
0.243239 0.250078 0.162933
0.275606 0.250045 0.161849
0.307974 0.250011 0.160765
0.340341 0.249978 0.159681
0.372708 0.249945 0.158597
0.405075 0.249911 0.157514
0.437442 0.249878 0.156430
0.469809 0.249845 0.155346
0.502177 0.249811 0.154262
0.534544 0.249778 0.153178
0.566911 0.249745 0.152094
0.599278 0.249711 0.151011
0.631645 0.249678 0.149927
0.664013 0.249644 0.148843
0.696380 0.249611 0.147759
0.728747 0.249578 0.146675
0.761114 0.249544 0.145591
0.793481 0.249511 0.144507
0.825849 0.249478 0.143424
0.858216 0.249444 0.142340
0.890583 0.249411 0.141256
0.922950 0.249378 0.140172
0.955317 0.249344 0.139088
0.987685 0.249311 0.138004
1.000000 0.249278 0.136921
1.000000 0.249244 0.135837
1.000000 0.249211 0.134753
0.052794 0.281416 0.165790
0.085161 0.281383 0.164706
0.117529 0.281349 0.163622
0.149896 0.281316 0.162538
0.182263 0.281283 0.161454
0.214630 0.281249 0.160371
0.246997 0.281216 0.159287
0.279365 0.281182 0.158203
0.311732 0.281149 0.157119
0.344099 0.281116 0.156035
0.376466 0.281082 0.154951
0.408833 0.281049 0.153867
0.441201 0.281016 0.152784
0.473568 0.280982 0.151700
0.505935 0.280949 0.150616
0.538302 0.280916 0.149532
0.570669 0.280882 0.148448
0.603037 0.280849 0.147364
0.635404 0.280816 0.146281
0.667771 0.280782 0.145197
0.700138 0.280749 0.144113
0.732505 0.280716 0.143029
0.764873 0.280682 0.141945
0.797240 0.280649 0.140861
0.829607 0.280616 0.139778
0.861974 0.280582 0.138694
0.894341 0.280549 0.137610
0.926708 0.280516 0.136526
0.959076 0.280482 0.135442
0.991443 0.280449 0.134358
1.000000 0.280415 0.133274
1.000000 0.280382 0.132191
1.000000 0.280349 0.131107
0.056553 0.312554 0.162144
0.088920 0.312520 0.161060
0.121287 0.312487 0.159976
0.153654 0.312454 0.158892
0.186021 0.312420 0.157808
0.218389 0.312387 0.156724
0.250756 0.312354 0.155641
0.283123 0.312320 0.154557
0.315490 0.312287 0.153473
0.347857 0.312254 0.152389
0.380225 0.312220 0.151305
0.412592 0.312187 0.150221
0.444959 0.312154 0.149138
0.477326 0.312120 0.148054
0.509693 0.312087 0.146970
0.542060 0.312054 0.145886
0.574428 0.312020 0.144802
0.606795 0.311987 0.143718
0.639162 0.311953 0.142634
0.671529 0.311920 0.141551
0.703896 0.311887 0.140467
0.736264 0.311853 0.139383
0.768631 0.311820 0.138299
0.800998 0.311787 0.137215
0.833365 0.311753 0.136131
0.865732 0.311720 0.135048
0.898100 0.311687 0.133964
0.930467 0.311653 0.132880
0.962834 0.311620 0.131796
0.995201 0.311587 0.130712
1.000000 0.311553 0.129628
1.000000 0.311520 0.128545
1.000000 0.311487 0.127461
0.060311 0.343692 0.158498
0.092678 0.343658 0.157414
0.125045 0.343625 0.156330
0.157412 0.343592 0.155246
0.189780 0.343558 0.154162
0.222147 0.343525 0.153078
0.254514 0.343491 0.151994
0.286881 0.343458 0.150911
0.319248 0.343425 0.149827
0.351616 0.343391 0.148743
0.383983 0.343358 0.147659
0.416350 0.343325 0.146575
0.448717 0.343291 0.145491
0.481084 0.343258 0.144408
0.513452 0.343225 0.143324
0.545819 0.343191 0.142240
0.578186 0.343158 0.141156
0.610553 0.343125 0.140072
0.642920 0.343091 0.138988
0.675288 0.343058 0.137905
0.707655 0.343025 0.136821
0.740022 0.342991 0.135737
0.772389 0.342958 0.134653
0.804756 0.342925 0.133569
0.837124 0.342891 0.132485
0.869491 0.342858 0.131401
0.901858 0.342824 0.130318
0.934225 0.342791 0.129234
0.966592 0.342758 0.128150
0.998959 0.342724 0.127066
1.000000 0.342691 0.125982
1.000000 0.342658 0.124898
1.000000 0.342624 0.123815
0.064069 0.374829 0.154851
0.096436 0.374796 0.153768
0.128804 0.374763 0.152684
0.161171 0.374729 0.151600
0.193538 0.374696 0.150516
0.225905 0.374663 0.149432
0.258272 0.374629 0.148348
0.290640 0.374596 0.147265
0.323007 0.374563 0.146181
0.355374 0.374529 0.145097
0.387741 0.374496 0.144013
0.420108 0.374463 0.142929
0.452476 0.374429 0.141845
0.484843 0.374396 0.140761
0.517210 0.374362 0.139678
0.549577 0.374329 0.138594
0.581944 0.374296 0.137510
0.614311 0.374262 0.136426
0.646679 0.374229 0.135342
0.679046 0.374196 0.134258
0.711413 0.374162 0.133175
0.743780 0.374129 0.132091
0.776147 0.374096 0.131007
0.808515 0.374062 0.129923
0.840882 0.374029 0.128839
0.873249 0.373996 0.127755
0.905616 0.373962 0.126671
0.937983 0.373929 0.125588
0.970351 0.373896 0.124504
1.000000 0.373862 0.123420
1.000000 0.373829 0.122336
1.000000 0.373796 0.121252
1.000000 0.373762 0.120168
0.067828 0.405967 0.151205
0.100195 0.405934 0.150121
0.132562 0.405900 0.149038
0.164929 0.405867 0.147954
0.197296 0.405834 0.146870
0.229663 0.405800 0.145786
0.262031 0.405767 0.144702
0.294398 0.405734 0.143618
0.326765 0.405700 0.142535
0.359132 0.405667 0.141451
0.391499 0.405634 0.140367
0.423867 0.405600 0.139283
0.456234 0.405567 0.138199
0.488601 0.405534 0.137115
0.520968 0.405500 0.136031
0.553335 0.405467 0.134948
0.585703 0.405434 0.133864
0.618070 0.405400 0.132780
0.650437 0.405367 0.131696
0.682804 0.405334 0.130612
0.715171 0.405300 0.129528
0.747539 0.405267 0.128445
0.779906 0.405233 0.127361
0.812273 0.405200 0.126277
0.844640 0.405167 0.125193
0.877007 0.405133 0.124109
0.909375 0.405100 0.123025
0.941742 0.405067 0.121942
0.974109 0.405033 0.120858
1.000000 0.405000 0.119774
1.000000 0.404725 0.121132
1.000000 0.404409 0.122916
1.000000 0.404092 0.124700
0.071586 0.437105 0.147559
0.103953 0.437072 0.146475
0.136320 0.437038 0.145391
0.168687 0.437005 0.144308
0.201055 0.436972 0.143224
0.233422 0.436938 0.142140
0.265789 0.436905 0.141056
0.298156 0.436872 0.139972
0.330523 0.436838 0.138888
0.362891 0.436805 0.137805
0.395258 0.436771 0.136721
0.427625 0.436738 0.135637
0.459992 0.436705 0.134553
0.492359 0.436671 0.133469
0.524727 0.436638 0.132385
0.557094 0.436605 0.131302
0.589461 0.436571 0.130218
0.621828 0.436538 0.129134
0.654195 0.436505 0.128050
0.686562 0.436471 0.126966
0.718930 0.436438 0.125882
0.751297 0.436405 0.124798
0.783664 0.436371 0.123715
0.816031 0.436338 0.122631
0.848398 0.436305 0.121547
0.880766 0.436271 0.120463
0.912576 0.436177 0.119997
0.942359 0.435860 0.121781
0.972141 0.435543 0.123565
1.000000 0.435226 0.125350
1.000000 0.434910 0.127134
1.000000 0.434593 0.128918
1.000000 0.434276 0.130702
0.075344 0.468243 0.143913
0.107711 0.468209 0.142829
0.140079 0.468176 0.141745
0.172446 0.468143 0.140662
0.204813 0.468109 0.139578
0.237180 0.468076 0.138494
0.269547 0.468043 0.137410
0.301914 0.468009 0.136326
0.334282 0.467976 0.135242
0.366649 0.467943 0.134158
0.399016 0.467909 0.133075
0.431383 0.467876 0.131991
0.463750 0.467843 0.130907
0.496118 0.467809 0.129823
0.528485 0.467776 0.128739
0.560852 0.467743 0.127655
0.593219 0.467709 0.126572
0.625586 0.467676 0.125488
0.657954 0.467643 0.124404
0.690321 0.467609 0.123320
0.722688 0.467576 0.122236
0.755055 0.467542 0.121152
0.787422 0.467509 0.120069
0.818292 0.467312 0.120647
0.848074 0.466995 0.122431
0.877857 0.466678 0.124215
0.907640 0.466361 0.125999
0.937422 0.466044 0.127783
0.967205 0.465727 0.129568
0.996988 0.465411 0.131352
1.000000 0.465094 0.133136
1.000000 0.464777 0.134920
1.000000 0.464460 0.136704
0.079102 0.499381 0.140267
0.111470 0.499347 0.139183
0.143837 0.499314 0.138099
0.176204 0.499281 0.137015
0.208571 0.499247 0.135932
0.240938 0.499214 0.134848
0.273306 0.499181 0.133764
0.305673 0.499147 0.132680
0.338040 0.499114 0.131596
0.370407 0.499080 0.130512
0.402774 0.499047 0.129429
0.435142 0.499014 0.128345
0.467509 0.498980 0.127261
0.499876 0.498947 0.126177
0.532243 0.498914 0.125093
0.564610 0.498880 0.124009
0.596978 0.498847 0.122925
0.629345 0.498814 0.121842
0.661712 0.498780 0.120758
0.694079 0.498747 0.119674
0.724008 0.498446 0.121296
0.753790 0.498129 0.123080
0.783573 0.497813 0.124865
0.813356 0.497496 0.126649
0.843138 0.497179 0.128433
0.872921 0.496862 0.130217
0.902703 0.496545 0.132001
0.932486 0.496228 0.133785
0.962269 0.495912 0.135570
0.992051 0.495595 0.137354
1.000000 0.495278 0.139138
1.000000 0.494961 0.140922
1.000000 0.494644 0.142706
0.082861 0.530518 0.136621
0.115228 0.530485 0.135537
0.147595 0.530452 0.134453
0.179962 0.530418 0.133369
0.212330 0.530385 0.132285
0.244697 0.530352 0.131202
0.277064 0.530318 0.130118
0.309431 0.530285 0.129034
0.341798 0.530252 0.127950
0.374165 0.530218 0.126866
0.406533 0.530185 0.125782
0.438900 0.530152 0.124699
0.471267 0.530118 0.123615
0.503634 0.530085 0.122531
0.536001 0.530052 0.121447
0.568369 0.530018 0.120363
0.599941 0.529898 0.120162
0.629723 0.529581 0.121946
0.659506 0.529264 0.123730
0.689289 0.528947 0.125514
0.719071 0.528630 0.127298
0.748854 0.528314 0.129082
0.778637 0.527997 0.130867
0.808419 0.527680 0.132651
0.838202 0.527363 0.134435
0.867985 0.527046 0.136219
0.897767 0.526729 0.138003
0.927550 0.526413 0.139787
0.957332 0.526096 0.141572
0.987115 0.525779 0.143356
1.000000 0.525462 0.145140
1.000000 0.525145 0.146924
1.000000 0.524829 0.148708
0.086619 0.561656 0.132975
0.118986 0.561623 0.131891
0.151353 0.561590 0.130807
0.183721 0.561556 0.129723
0.216088 0.561523 0.128639
0.248455 0.561489 0.127555
0.280822 0.561456 0.126472
0.313189 0.561423 0.125388
0.345557 0.561389 0.124304
0.377924 0.561356 0.123220
0.410291 0.561323 0.122136
0.442658 0.561289 0.121052
0.475025 0.561256 0.119969
0.505657 0.561032 0.120811
0.535439 0.560715 0.122595
0.565222 0.560399 0.124379
0.595004 0.560082 0.126164
0.624787 0.559765 0.127948
0.654570 0.559448 0.129732
0.684352 0.559131 0.131516
0.714135 0.558815 0.133300
0.743918 0.558498 0.135085
0.773700 0.558181 0.136869
0.803483 0.557864 0.138653
0.833266 0.557547 0.140437
0.863048 0.557231 0.142221
0.892831 0.556914 0.144005
0.922614 0.556597 0.145790
0.952396 0.556280 0.147574
0.982179 0.555963 0.149358
1.000000 0.555646 0.151142
1.000000 0.555330 0.152926
1.000000 0.555013 0.154710
0.090377 0.592794 0.129329
0.122745 0.592761 0.128245
0.155112 0.592727 0.127161
0.187479 0.592694 0.126077
0.219846 0.592661 0.124993
0.252213 0.592627 0.123909
0.284581 0.592594 0.122826
0.316948 0.592561 0.121742
0.349315 0.592527 0.120658
0.381590 0.592484 0.119677
0.411372 0.592167 0.121461
0.441155 0.591850 0.123245
0.470938 0.591533 0.125029
0.500720 0.591217 0.126813
0.530503 0.590900 0.128597
0.560286 0.590583 0.130382
0.590068 0.590266 0.132166
0.619851 0.589949 0.133950
0.649633 0.589632 0.135734
0.679416 0.589316 0.137518
0.709199 0.588999 0.139302
0.738981 0.588682 0.141087
0.768764 0.588365 0.142871
0.798547 0.588048 0.144655
0.828329 0.587732 0.146439
0.858112 0.587415 0.148223
0.887895 0.587098 0.150007
0.917677 0.586781 0.151792
0.947460 0.586464 0.153576
0.977243 0.586147 0.155360
1.000000 0.585831 0.157144
1.000000 0.585514 0.158928
1.000000 0.585197 0.160712
0.094136 0.623932 0.125682
0.126503 0.623899 0.124599
0.158870 0.623865 0.123515
0.191237 0.623832 0.122431
0.223604 0.623798 0.121347
0.255972 0.623765 0.120263
0.287305 0.623618 0.120326
0.317088 0.623302 0.122110
0.346871 0.622985 0.123894
0.376653 0.622668 0.125679
0.406436 0.622351 0.127463
0.436219 0.622034 0.129247
0.466001 0.621718 0.131031
0.495784 0.621401 0.132815
0.525567 0.621084 0.134599
0.555349 0.620767 0.136384
0.585132 0.620450 0.138168
0.614915 0.620133 0.139952
0.644697 0.619817 0.141736
0.674480 0.619500 0.143520
0.704262 0.619183 0.145304
0.734045 0.618866 0.147089
0.763828 0.618549 0.148873
0.793610 0.618233 0.150657
0.823393 0.617916 0.152441
0.853176 0.617599 0.154225
0.882958 0.617282 0.156010
0.912741 0.616965 0.157794
0.942524 0.616648 0.159578
0.972306 0.616332 0.161362
1.000000 0.616015 0.163146
1.000000 0.615698 0.164930
1.000000 0.615381 0.166715
0.097894 0.655070 0.122036
0.130261 0.655036 0.120953
0.162628 0.655003 0.119869
0.193021 0.654753 0.120976
0.222804 0.654436 0.122760
0.252587 0.654119 0.124544
0.282369 0.653803 0.126328
0.312152 0.653486 0.128112
0.341934 0.653169 0.129896
0.371717 0.652852 0.131681
0.401500 0.652535 0.133465
0.431282 0.652219 0.135249
0.461065 0.651902 0.137033
0.490848 0.651585 0.138817
0.520630 0.651268 0.140602
0.550413 0.650951 0.142386
0.580196 0.650634 0.144170
0.609978 0.650318 0.145954
0.639761 0.650001 0.147738
0.669544 0.649684 0.149522
0.699326 0.649367 0.151307
0.729109 0.649050 0.153091
0.758891 0.648734 0.154875
0.788674 0.648417 0.156659
0.818457 0.648100 0.158443
0.848239 0.647783 0.160227
0.878022 0.647466 0.162012
0.907805 0.647150 0.163796
0.937587 0.646833 0.165580
0.967370 0.646516 0.167364
0.997153 0.646199 0.169148
1.000000 0.645882 0.170932
1.000000 0.645565 0.172717
0.098737 0.685888 0.121625
0.128520 0.685571 0.123409
0.158302 0.685254 0.125194
0.188085 0.684937 0.126978
0.217868 0.684620 0.128762
0.247650 0.684304 0.130546
0.277433 0.683987 0.132330
0.307216 0.683670 0.134114
0.336998 0.683353 0.135899
0.366781 0.683036 0.137683
0.396563 0.682720 0.139467
0.426346 0.682403 0.141251
0.456129 0.682086 0.143035
0.485911 0.681769 0.144819
0.515694 0.681452 0.146604
0.545477 0.681136 0.148388
0.575259 0.680819 0.150172
0.605042 0.680502 0.151956
0.634825 0.680185 0.153740
0.664607 0.679868 0.155524
0.694390 0.679551 0.157309
0.724173 0.679235 0.159093
0.753955 0.678918 0.160877
0.783738 0.678601 0.162661
0.813521 0.678284 0.164445
0.843303 0.677967 0.166229
0.873086 0.677651 0.168014
0.902868 0.677334 0.169798
0.932651 0.677017 0.171582
0.962434 0.676700 0.173366
0.992216 0.676383 0.175150
1.000000 0.676066 0.176935
1.000000 0.675750 0.178719
0.093801 0.716072 0.127627
0.123583 0.715755 0.129411
0.153366 0.715438 0.131196
0.183149 0.715122 0.132980
0.212931 0.714805 0.134764
0.242714 0.714488 0.136548
0.272497 0.714171 0.138332
0.302279 0.713854 0.140116
0.332062 0.713537 0.141901
0.361845 0.713221 0.143685
0.391627 0.712904 0.145469
0.421410 0.712587 0.147253
0.451193 0.712270 0.149037
0.480975 0.711953 0.150821
0.510758 0.711637 0.152606
0.540540 0.711320 0.154390
0.570323 0.711003 0.156174
0.600106 0.710686 0.157958
0.629888 0.710369 0.159742
0.659671 0.710052 0.161527
0.689454 0.709736 0.163311
0.719236 0.709419 0.165095
0.749019 0.709102 0.166879
0.778802 0.708785 0.168663
0.808584 0.708468 0.170447
0.838367 0.708152 0.172232
0.868150 0.707835 0.174016
0.897932 0.707518 0.175800
0.927715 0.707201 0.177584
0.957497 0.706884 0.179368
0.987280 0.706567 0.181152
1.000000 0.706251 0.182937
1.000000 0.705934 0.184721
0.088865 0.746256 0.133629
0.118647 0.745939 0.135413
0.148430 0.745623 0.137198
0.178212 0.745306 0.138982
0.207995 0.744989 0.140766
0.237778 0.744672 0.142550
0.267560 0.744355 0.144334
0.297343 0.744038 0.146119
0.327126 0.743722 0.147903
0.356908 0.743405 0.149687
0.386691 0.743088 0.151471
0.416474 0.742771 0.153255
0.446256 0.742454 0.155039
0.476039 0.742138 0.156824
0.505822 0.741821 0.158608
0.535604 0.741504 0.160392
0.565387 0.741187 0.162176
0.595169 0.740870 0.163960
0.624952 0.740553 0.165744
0.654735 0.740237 0.167529
0.684517 0.739920 0.169313
0.714300 0.739603 0.171097
0.744083 0.739286 0.172881
0.773865 0.738969 0.174665
0.803648 0.738653 0.176449
0.833431 0.738336 0.178234
0.863213 0.738019 0.180018
0.892996 0.737702 0.181802
0.922779 0.737385 0.183586
0.952561 0.737069 0.185370
0.982344 0.736752 0.187155
1.000000 0.736435 0.188939
1.000000 0.736118 0.190723
0.083928 0.776440 0.139631
0.113711 0.776124 0.141416
0.143494 0.775807 0.143200
0.173276 0.775490 0.144984
0.203059 0.775173 0.146768
0.232841 0.774856 0.148552
0.262624 0.774539 0.150336
0.292407 0.774223 0.152121
0.322189 0.773906 0.153905
0.351972 0.773589 0.155689
0.381755 0.773272 0.157473
0.411537 0.772955 0.159257
0.441320 0.772639 0.161041
0.471103 0.772322 0.162826
0.500885 0.772005 0.164610
0.530668 0.771688 0.166394
0.560451 0.771371 0.168178
0.590233 0.771055 0.169962
0.620016 0.770738 0.171747
0.649798 0.770421 0.173531
0.679581 0.770104 0.175315
0.709364 0.769787 0.177099
0.739146 0.769470 0.178883
0.768929 0.769154 0.180667
0.798712 0.768837 0.182452
0.828494 0.768520 0.184236
0.858277 0.768203 0.186020
0.888060 0.767886 0.187804
0.917842 0.767570 0.189588
0.947625 0.767253 0.191372
0.977408 0.766936 0.193157
1.000000 0.766619 0.194941
1.000000 0.766302 0.196725
0.078992 0.806625 0.145633
0.108775 0.806308 0.147418
0.138557 0.805991 0.149202
0.168340 0.805674 0.150986
0.198123 0.805357 0.152770
0.227905 0.805041 0.154554
0.257688 0.804724 0.156339
0.287470 0.804407 0.158123
0.317253 0.804090 0.159907
0.347036 0.803773 0.161691
0.376818 0.803456 0.163475
0.406601 0.803140 0.165259
0.436384 0.802823 0.167044
0.466166 0.802506 0.168828
0.495949 0.802189 0.170612
0.525732 0.801872 0.172396
0.555514 0.801556 0.174180
0.585297 0.801239 0.175964
0.615080 0.800922 0.177749
0.644862 0.800605 0.179533
0.674645 0.800288 0.181317
0.704427 0.799971 0.183101
0.734210 0.799655 0.184885
0.763993 0.799338 0.186669
0.793775 0.799021 0.188454
0.823558 0.798704 0.190238
0.853341 0.798387 0.192022
0.883123 0.798071 0.193806
0.912906 0.797754 0.195590
0.942689 0.797437 0.197374
0.972471 0.797120 0.199159
1.000000 0.796803 0.200943
1.000000 0.796486 0.202727
0.074056 0.836809 0.151636
0.103838 0.836492 0.153420
0.133621 0.836175 0.155204
0.163404 0.835858 0.156988
0.193186 0.835542 0.158772
0.222969 0.835225 0.160556
0.252752 0.834908 0.162341
0.282534 0.834591 0.164125
0.312317 0.834274 0.165909
0.342099 0.833957 0.167693
0.371882 0.833641 0.169477
0.401665 0.833324 0.171261
0.431447 0.833007 0.173046
0.461230 0.832690 0.174830
0.491013 0.832373 0.176614
0.520795 0.832057 0.178398
0.550578 0.831740 0.180182
0.580361 0.831423 0.181966
0.610143 0.831106 0.183751
0.639926 0.830789 0.185535
0.669709 0.830472 0.187319
0.699491 0.830156 0.189103
0.729274 0.829839 0.190887
0.759056 0.829522 0.192672
0.788839 0.829205 0.194456
0.818622 0.828888 0.196240
0.848404 0.828572 0.198024
0.878187 0.828255 0.199808
0.907970 0.827938 0.201592
0.937752 0.827621 0.203377
0.967535 0.827304 0.205161
0.997318 0.826988 0.206945
1.000000 0.826671 0.208729
0.069119 0.866993 0.157638
0.098902 0.866676 0.159422
0.128685 0.866359 0.161206
0.158467 0.866043 0.162990
0.188250 0.865726 0.164774
0.218033 0.865409 0.166558
0.247815 0.865092 0.168343
0.277598 0.864775 0.170127
0.307381 0.864458 0.171911
0.337163 0.864142 0.173695
0.366946 0.863825 0.175479
0.396728 0.863508 0.177264
0.426511 0.863191 0.179048
0.456294 0.862874 0.180832
0.486076 0.862558 0.182616
0.515859 0.862241 0.184400
0.545642 0.861924 0.186184
0.575424 0.861607 0.187969
0.605207 0.861290 0.189753
0.634990 0.860974 0.191537
0.664772 0.860657 0.193321
0.694555 0.860340 0.195105
0.724338 0.860023 0.196889
0.754120 0.859706 0.198674
0.783903 0.859389 0.200458
0.813685 0.859073 0.202242
0.843468 0.858756 0.204026
0.873251 0.858439 0.205810
0.903033 0.858122 0.207594
0.932816 0.857805 0.209379
0.962599 0.857489 0.211163
0.992381 0.857172 0.212947
1.000000 0.856855 0.214731
0.064183 0.897177 0.163640
0.093966 0.896860 0.165424
0.123748 0.896544 0.167208
0.153531 0.896227 0.168992
0.183314 0.895910 0.170776
0.213096 0.895593 0.172561
0.242879 0.895276 0.174345
0.272662 0.894960 0.176129
0.302444 0.894643 0.177913
0.332227 0.894326 0.179697
0.362010 0.894009 0.181481
0.391792 0.893692 0.183266
0.421575 0.893375 0.185050
0.451357 0.893059 0.186834
0.481140 0.892742 0.188618
0.510923 0.892425 0.190402
0.540705 0.892108 0.192186
0.570488 0.891791 0.193971
0.600271 0.891475 0.195755
0.630053 0.891158 0.197539
0.659836 0.890841 0.199323
0.689619 0.890524 0.201107
0.719401 0.890207 0.202891
0.749184 0.889890 0.204676
0.778967 0.889574 0.206460
0.808749 0.889257 0.208244
0.838532 0.888940 0.210028
0.868314 0.888623 0.211812
0.898097 0.888306 0.213597
0.927880 0.887990 0.215381
0.957662 0.887673 0.217165
0.987445 0.887356 0.218949
1.000000 0.887039 0.220733
0.059247 0.927361 0.169642
0.089029 0.927045 0.171426
0.118812 0.926728 0.173210
0.148595 0.926411 0.174994
0.178377 0.926094 0.176778
0.208160 0.925777 0.178563
0.237943 0.925461 0.180347
0.267725 0.925144 0.182131
0.297508 0.924827 0.183915
0.327291 0.924510 0.185699
0.357073 0.924193 0.187483
0.386856 0.923876 0.189268
0.416639 0.923560 0.191052
0.446421 0.923243 0.192836
0.476204 0.922926 0.194620
0.505986 0.922609 0.196404
0.535769 0.922292 0.198189
0.565552 0.921976 0.199973
0.595334 0.921659 0.201757
0.625117 0.921342 0.203541
0.654900 0.921025 0.205325
0.684682 0.920708 0.207109
0.714465 0.920391 0.208894
0.744248 0.920075 0.210678
0.774030 0.919758 0.212462
0.803813 0.919441 0.214246
0.833596 0.919124 0.216030
0.863378 0.918807 0.217814
0.893161 0.918491 0.219599
0.922943 0.918174 0.221383
0.952726 0.917857 0.223167
0.982509 0.917540 0.224951
1.000000 0.917223 0.226735
0.054311 0.957546 0.175644
0.084093 0.957229 0.177428
0.113876 0.956912 0.179212
0.143658 0.956595 0.180996
0.173441 0.956278 0.182781
0.203224 0.955962 0.184565
0.233006 0.955645 0.186349
0.262789 0.955328 0.188133
0.292572 0.955011 0.189917
0.322354 0.954694 0.191701
0.352137 0.954377 0.193486
0.381920 0.954061 0.195270
0.411702 0.953744 0.197054
0.441485 0.953427 0.198838
0.471268 0.953110 0.200622
0.501050 0.952793 0.202406
0.530833 0.952477 0.204191
0.560615 0.952160 0.205975
0.590398 0.951843 0.207759
0.620181 0.951526 0.209543
0.649963 0.951209 0.211327
0.679746 0.950893 0.213111
0.709529 0.950576 0.214896
0.739311 0.950259 0.216680
0.769094 0.949942 0.218464
0.798877 0.949625 0.220248
0.828659 0.949308 0.222032
0.858442 0.948992 0.223816
0.888225 0.948675 0.225601
0.918007 0.948358 0.227385
0.947790 0.948041 0.229169
0.977572 0.947724 0.230953
1.000000 0.947408 0.232737
0.049374 0.987730 0.181646
0.079157 0.987413 0.183430
0.108940 0.987096 0.185214
0.138722 0.986779 0.186998
0.168505 0.986463 0.188783
0.198287 0.986146 0.190567
0.228070 0.985829 0.192351
0.257853 0.985512 0.194135
0.287635 0.985195 0.195919
0.317418 0.984879 0.197703
0.347201 0.984562 0.199488
0.376983 0.984245 0.201272
0.406766 0.983928 0.203056
0.436549 0.983611 0.204840
0.466331 0.983294 0.206624
0.496114 0.982978 0.208408
0.525897 0.982661 0.210193
0.555679 0.982344 0.211977
0.585462 0.982027 0.213761
0.615244 0.981710 0.215545
0.645027 0.981394 0.217329
0.674810 0.981077 0.219114
0.704592 0.980760 0.220898
0.734375 0.980443 0.222682
0.764158 0.980126 0.224466
0.793940 0.979809 0.226250
0.823723 0.979493 0.228034
0.853506 0.979176 0.229819
0.883288 0.978859 0.231603
0.913071 0.978542 0.233387
0.942854 0.978225 0.235171
0.972636 0.977909 0.236955
1.000000 0.977592 0.238739
0.019349 0.001164 0.229487
0.051716 0.001131 0.228403
0.084083 0.001098 0.227319
0.116451 0.001064 0.226235
0.148818 0.001031 0.225151
0.181185 0.000998 0.224068
0.213552 0.000964 0.222984
0.245919 0.000931 0.221900
0.278286 0.000898 0.220816
0.310654 0.000864 0.219732
0.343021 0.000831 0.218648
0.375388 0.000797 0.217564
0.407755 0.000764 0.216481
0.440122 0.000731 0.215397
0.472490 0.000697 0.214313
0.504857 0.000664 0.213229
0.537224 0.000631 0.212145
0.569591 0.000597 0.211061
0.601958 0.000564 0.209978
0.634326 0.000531 0.208894
0.666693 0.000497 0.207810
0.699060 0.000464 0.206726
0.731427 0.000431 0.205642
0.763794 0.000397 0.204558
0.796162 0.000364 0.203475
0.828529 0.000331 0.202391
0.860896 0.000297 0.201307
0.893263 0.000264 0.200223
0.925630 0.000231 0.199139
0.957998 0.000197 0.198055
0.990365 0.000164 0.196971
1.000000 0.000130 0.195888
1.000000 0.000097 0.194804
0.023107 0.032302 0.225841
0.055474 0.032269 0.224757
0.087842 0.032235 0.223673
0.120209 0.032202 0.222589
0.152576 0.032169 0.221505
0.184943 0.032135 0.220421
0.217310 0.032102 0.219338
0.249678 0.032069 0.218254
0.282045 0.032035 0.217170
0.314412 0.032002 0.216086
0.346779 0.031969 0.215002
0.379146 0.031935 0.213918
0.411514 0.031902 0.212835
0.443881 0.031869 0.211751
0.476248 0.031835 0.210667
0.508615 0.031802 0.209583
0.540982 0.031769 0.208499
0.573350 0.031735 0.207415
0.605717 0.031702 0.206331
0.638084 0.031668 0.205248
0.670451 0.031635 0.204164
0.702818 0.031602 0.203080
0.735185 0.031568 0.201996
0.767553 0.031535 0.200912
0.799920 0.031502 0.199828
0.832287 0.031468 0.198745
0.864654 0.031435 0.197661
0.897021 0.031402 0.196577
0.929389 0.031368 0.195493
0.961756 0.031335 0.194409
0.994123 0.031302 0.193325
1.000000 0.031268 0.192241
1.000000 0.031235 0.191158
0.026866 0.063440 0.222195
0.059233 0.063407 0.221111
0.091600 0.063373 0.220027
0.123967 0.063340 0.218943
0.156334 0.063307 0.217859
0.188702 0.063273 0.216775
0.221069 0.063240 0.215691
0.253436 0.063206 0.214608
0.285803 0.063173 0.213524
0.318170 0.063140 0.212440
0.350537 0.063106 0.211356
0.382905 0.063073 0.210272
0.415272 0.063040 0.209188
0.447639 0.063006 0.208105
0.480006 0.062973 0.207021
0.512373 0.062940 0.205937
0.544741 0.062906 0.204853
0.577108 0.062873 0.203769
0.609475 0.062840 0.202685
0.641842 0.062806 0.201601
0.674209 0.062773 0.200518
0.706577 0.062740 0.199434
0.738944 0.062706 0.198350
0.771311 0.062673 0.197266
0.803678 0.062640 0.196182
0.836045 0.062606 0.195098
0.868413 0.062573 0.194015
0.900780 0.062539 0.192931
0.933147 0.062506 0.191847
0.965514 0.062473 0.190763
0.997881 0.062439 0.189679
1.000000 0.062406 0.188595
1.000000 0.062373 0.187512
0.030624 0.094578 0.218548
0.062991 0.094544 0.217465
0.095358 0.094511 0.216381
0.127725 0.094478 0.215297
0.160093 0.094444 0.214213
0.192460 0.094411 0.213129
0.224827 0.094378 0.212045
0.257194 0.094344 0.210961
0.289561 0.094311 0.209878
0.321929 0.094278 0.208794
0.354296 0.094244 0.207710
0.386663 0.094211 0.206626
0.419030 0.094178 0.205542
0.451397 0.094144 0.204458
0.483765 0.094111 0.203375
0.516132 0.094077 0.202291
0.548499 0.094044 0.201207
0.580866 0.094011 0.200123
0.613233 0.093977 0.199039
0.645601 0.093944 0.197955
0.677968 0.093911 0.196872
0.710335 0.093877 0.195788
0.742702 0.093844 0.194704
0.775069 0.093811 0.193620
0.807436 0.093777 0.192536
0.839804 0.093744 0.191452
0.872171 0.093711 0.190368
0.904538 0.093677 0.189285
0.936905 0.093644 0.188201
0.969272 0.093611 0.187117
1.000000 0.093577 0.186033
1.000000 0.093544 0.184949
1.000000 0.093511 0.183865
0.034382 0.125716 0.214902
0.066749 0.125682 0.213818
0.099117 0.125649 0.212735
0.131484 0.125615 0.211651
0.163851 0.125582 0.210567
0.196218 0.125549 0.209483
0.228585 0.125515 0.208399
0.260953 0.125482 0.207315
0.293320 0.125449 0.206232
0.325687 0.125415 0.205148
0.358054 0.125382 0.204064
0.390421 0.125349 0.202980
0.422788 0.125315 0.201896
0.455156 0.125282 0.200812
0.487523 0.125249 0.199728
0.519890 0.125215 0.198645
0.552257 0.125182 0.197561
0.584624 0.125149 0.196477
0.616992 0.125115 0.195393
0.649359 0.125082 0.194309
0.681726 0.125049 0.193225
0.714093 0.125015 0.192142
0.746460 0.124982 0.191058
0.778828 0.124949 0.189974
0.811195 0.124915 0.188890
0.843562 0.124882 0.187806
0.875929 0.124848 0.186722
0.908296 0.124815 0.185639
0.940664 0.124782 0.184555
0.973031 0.124748 0.183471
1.000000 0.124715 0.182387
1.000000 0.124682 0.181303
1.000000 0.124648 0.180219
0.038140 0.156853 0.211256
0.070508 0.156820 0.210172
0.102875 0.156787 0.209088
0.135242 0.156753 0.208005
0.167609 0.156720 0.206921
0.199976 0.156687 0.205837
0.232344 0.156653 0.204753
0.264711 0.156620 0.203669
0.297078 0.156587 0.202585
0.329445 0.156553 0.201502
0.361812 0.156520 0.200418
0.394180 0.156487 0.199334
0.426547 0.156453 0.198250
0.458914 0.156420 0.197166
0.491281 0.156386 0.196082
0.523648 0.156353 0.194999
0.556016 0.156320 0.193915
0.588383 0.156286 0.192831
0.620750 0.156253 0.191747
0.653117 0.156220 0.190663
0.685484 0.156186 0.189579
0.717852 0.156153 0.188495
0.750219 0.156120 0.187412
0.782586 0.156086 0.186328
0.814953 0.156053 0.185244
0.847320 0.156020 0.184160
0.879687 0.155986 0.183076
0.912055 0.155953 0.181992
0.944422 0.155920 0.180909
0.976789 0.155886 0.179825
1.000000 0.155853 0.178741
1.000000 0.155820 0.177657
1.000000 0.155786 0.176573
0.041899 0.187991 0.207610
0.074266 0.187958 0.206526
0.106633 0.187924 0.205442
0.139000 0.187891 0.204359
0.171368 0.187858 0.203275
0.203735 0.187824 0.202191
0.236102 0.187791 0.201107
0.268469 0.187758 0.200023
0.300836 0.187724 0.198939
0.333204 0.187691 0.197855
0.365571 0.187658 0.196772
0.397938 0.187624 0.195688
0.430305 0.187591 0.194604
0.462672 0.187558 0.193520
0.495039 0.187524 0.192436
0.527407 0.187491 0.191352
0.559774 0.187458 0.190269
0.592141 0.187424 0.189185
0.624508 0.187391 0.188101
0.656875 0.187358 0.187017
0.689243 0.187324 0.185933
0.721610 0.187291 0.184849
0.753977 0.187257 0.183765
0.786344 0.187224 0.182682
0.818711 0.187191 0.181598
0.851079 0.187157 0.180514
0.883446 0.187124 0.179430
0.915813 0.187091 0.178346
0.948180 0.187057 0.177262
0.980547 0.187024 0.176179
1.000000 0.186991 0.175095
1.000000 0.186957 0.174011
1.000000 0.186924 0.172927
0.045657 0.219129 0.203964
0.078024 0.219096 0.202880
0.110391 0.219062 0.201796
0.142759 0.219029 0.200712
0.175126 0.218996 0.199629
0.207493 0.218962 0.198545
0.239860 0.218929 0.197461
0.272227 0.218896 0.196377
0.304595 0.218862 0.195293
0.336962 0.218829 0.194209
0.369329 0.218795 0.193125
0.401696 0.218762 0.192042
0.434063 0.218729 0.190958
0.466431 0.218695 0.189874
0.498798 0.218662 0.188790
0.531165 0.218629 0.187706
0.563532 0.218595 0.186622
0.595899 0.218562 0.185539
0.628267 0.218529 0.184455
0.660634 0.218495 0.183371
0.693001 0.218462 0.182287
0.725368 0.218429 0.181203
0.757735 0.218395 0.180119
0.790103 0.218362 0.179036
0.822470 0.218329 0.177952
0.854837 0.218295 0.176868
0.887204 0.218262 0.175784
0.919571 0.218229 0.174700
0.951938 0.218195 0.173616
0.984306 0.218162 0.172532
1.000000 0.218129 0.171449
1.000000 0.218095 0.170365
1.000000 0.218062 0.169281
0.049415 0.250267 0.200318
0.081783 0.250233 0.199234
0.114150 0.250200 0.198150
0.146517 0.250167 0.197066
0.178884 0.250133 0.195982
0.211251 0.250100 0.194899
0.243619 0.250067 0.193815
0.275986 0.250033 0.192731
0.308353 0.250000 0.191647
0.340720 0.249967 0.190563
0.373087 0.249933 0.189479
0.405455 0.249900 0.188396
0.437822 0.249867 0.187312
0.470189 0.249833 0.186228
0.502556 0.249800 0.185144
0.534923 0.249767 0.184060
0.567290 0.249733 0.182976
0.599658 0.249700 0.181892
0.632025 0.249667 0.180809
0.664392 0.249633 0.179725
0.696759 0.249600 0.178641
0.729126 0.249566 0.177557
0.761494 0.249533 0.176473
0.793861 0.249500 0.175389
0.826228 0.249466 0.174306
0.858595 0.249433 0.173222
0.890962 0.249400 0.172138
0.923330 0.249366 0.171054
0.955697 0.249333 0.169970
0.988064 0.249300 0.168886
1.000000 0.249266 0.167803
1.000000 0.249233 0.166719
1.000000 0.249200 0.165635
0.053174 0.281405 0.196672
0.085541 0.281371 0.195588
0.117908 0.281338 0.194504
0.150275 0.281305 0.193420
0.182642 0.281271 0.192336
0.215010 0.281238 0.191252
0.247377 0.281205 0.190169
0.279744 0.281171 0.189085
0.312111 0.281138 0.188001
0.344478 0.281104 0.186917
0.376846 0.281071 0.185833
0.409213 0.281038 0.184749
0.441580 0.281004 0.183666
0.473947 0.280971 0.182582
0.506314 0.280938 0.181498
0.538682 0.280904 0.180414
0.571049 0.280871 0.179330
0.603416 0.280838 0.178246
0.635783 0.280804 0.177163
0.668150 0.280771 0.176079
0.700518 0.280738 0.174995
0.732885 0.280704 0.173911
0.765252 0.280671 0.172827
0.797619 0.280638 0.171743
0.829986 0.280604 0.170659
0.862354 0.280571 0.169576
0.894721 0.280538 0.168492
0.927088 0.280504 0.167408
0.959455 0.280471 0.166324
0.991822 0.280437 0.165240
1.000000 0.280404 0.164156
1.000000 0.280371 0.163073
1.000000 0.280337 0.161989
0.056932 0.312542 0.193026
0.089299 0.312509 0.191942
0.121666 0.312476 0.190858
0.154034 0.312442 0.189774
0.186401 0.312409 0.188690
0.218768 0.312376 0.187606
0.251135 0.312342 0.186523
0.283502 0.312309 0.185439
0.315870 0.312276 0.184355
0.348237 0.312242 0.183271
0.380604 0.312209 0.182187
0.412971 0.312176 0.181103
0.445338 0.312142 0.180019
0.477706 0.312109 0.178936
0.510073 0.312076 0.177852
0.542440 0.312042 0.176768
0.574807 0.312009 0.175684
0.607174 0.311975 0.174600
0.639541 0.311942 0.173516
0.671909 0.311909 0.172433
0.704276 0.311875 0.171349
0.736643 0.311842 0.170265
0.769010 0.311809 0.169181
0.801377 0.311775 0.168097
0.833745 0.311742 0.167013
0.866112 0.311709 0.165929
0.898479 0.311675 0.164846
0.930846 0.311642 0.163762
0.963213 0.311609 0.162678
0.995581 0.311575 0.161594
1.000000 0.311542 0.160510
1.000000 0.311509 0.159426
1.000000 0.311475 0.158343
0.060690 0.343680 0.189379
0.093058 0.343647 0.188296
0.125425 0.343614 0.187212
0.157792 0.343580 0.186128
0.190159 0.343547 0.185044
0.222526 0.343513 0.183960
0.254893 0.343480 0.182876
0.287261 0.343447 0.181793
0.319628 0.343413 0.180709
0.351995 0.343380 0.179625
0.384362 0.343347 0.178541
0.416729 0.343313 0.177457
0.449097 0.343280 0.176373
0.481464 0.343247 0.175289
0.513831 0.343213 0.174206
0.546198 0.343180 0.173122
0.578565 0.343147 0.172038
0.610933 0.343113 0.170954
0.643300 0.343080 0.169870
0.675667 0.343047 0.168786
0.708034 0.343013 0.167703
0.740401 0.342980 0.166619
0.772769 0.342947 0.165535
0.805136 0.342913 0.164451
0.837503 0.342880 0.163367
0.869870 0.342847 0.162283
0.902237 0.342813 0.161200
0.934605 0.342780 0.160116
0.966972 0.342746 0.159032
0.999339 0.342713 0.157948
1.000000 0.342680 0.156864
1.000000 0.342646 0.155780
1.000000 0.342613 0.154696
0.064449 0.374818 0.185733
0.096816 0.374785 0.184649
0.129183 0.374751 0.183566
0.161550 0.374718 0.182482
0.193917 0.374685 0.181398
0.226285 0.374651 0.180314
0.258652 0.374618 0.179230
0.291019 0.374585 0.178146
0.323386 0.374551 0.177063
0.355753 0.374518 0.175979
0.388121 0.374485 0.174895
0.420488 0.374451 0.173811
0.452855 0.374418 0.172727
0.485222 0.374385 0.171643
0.517589 0.374351 0.170560
0.549957 0.374318 0.169476
0.582324 0.374284 0.168392
0.614691 0.374251 0.167308
0.647058 0.374218 0.166224
0.679425 0.374184 0.165140
0.711792 0.374151 0.164056
0.744160 0.374118 0.162973
0.776527 0.374084 0.161889
0.808894 0.374051 0.160805
0.841261 0.374018 0.159721
0.873628 0.373984 0.158637
0.905996 0.373951 0.157553
0.938363 0.373918 0.156470
0.970730 0.373884 0.155386
1.000000 0.373851 0.154302
1.000000 0.373818 0.153218
1.000000 0.373784 0.152134
1.000000 0.373751 0.151050
0.068207 0.405956 0.182087
0.100574 0.405923 0.181003
0.132941 0.405889 0.179920
0.165309 0.405856 0.178836
0.197676 0.405822 0.177752
0.230043 0.405789 0.176668
0.262410 0.405756 0.175584
0.294777 0.405722 0.174500
0.327144 0.405689 0.173416
0.359512 0.405656 0.172333
0.391879 0.405622 0.171249
0.424246 0.405589 0.170165
0.456613 0.405556 0.169081
0.488980 0.405522 0.167997
0.521348 0.405489 0.166913
0.553715 0.405456 0.165830
0.586082 0.405422 0.164746
0.618449 0.405389 0.163662
0.650816 0.405356 0.162578
0.683184 0.405322 0.161494
0.715551 0.405289 0.160410
0.747918 0.405256 0.159327
0.780285 0.405222 0.158243
0.812652 0.405189 0.157159
0.845020 0.405155 0.156075
0.877387 0.405122 0.154991
0.909754 0.405089 0.153907
0.942121 0.405055 0.152823
0.974488 0.405022 0.151740
1.000000 0.404935 0.151203
1.000000 0.404618 0.152988
1.000000 0.404301 0.154772
1.000000 0.403984 0.156556
0.071965 0.437094 0.178441
0.104332 0.437060 0.177357
0.136700 0.437027 0.176273
0.169067 0.436994 0.175190
0.201434 0.436960 0.174106
0.233801 0.436927 0.173022
0.266168 0.436894 0.171938
0.298536 0.436860 0.170854
0.330903 0.436827 0.169770
0.363270 0.436794 0.168687
0.395637 0.436760 0.167603
0.428004 0.436727 0.166519
0.460372 0.436693 0.165435
0.492739 0.436660 0.164351
0.525106 0.436627 0.163267
0.557473 0.436593 0.162183
0.589840 0.436560 0.161100
0.622208 0.436527 0.160016
0.654575 0.436493 0.158932
0.686942 0.436460 0.157848
0.719309 0.436427 0.156764
0.751676 0.436393 0.155680
0.784043 0.436360 0.154597
0.816411 0.436327 0.153513
0.848778 0.436293 0.152429
0.881145 0.436260 0.151345
0.912078 0.436069 0.151853
0.941860 0.435752 0.153637
0.971643 0.435436 0.155421
1.000000 0.435119 0.157206
1.000000 0.434802 0.158990
1.000000 0.434485 0.160774
1.000000 0.434168 0.162558
0.075724 0.468231 0.174795
0.108091 0.468198 0.173711
0.140458 0.468165 0.172627
0.172825 0.468131 0.171543
0.205192 0.468098 0.170460
0.237560 0.468065 0.169376
0.269927 0.468031 0.168292
0.302294 0.467998 0.167208
0.334661 0.467965 0.166124
0.367028 0.467931 0.165040
0.399395 0.467898 0.163957
0.431763 0.467865 0.162873
0.464130 0.467831 0.161789
0.496497 0.467798 0.160705
0.528864 0.467765 0.159621
0.561231 0.467731 0.158537
0.593599 0.467698 0.157453
0.625966 0.467665 0.156370
0.658333 0.467631 0.155286
0.690700 0.467598 0.154202
0.723067 0.467564 0.153118
0.755435 0.467531 0.152034
0.787802 0.467498 0.150950
0.817794 0.467204 0.152503
0.847576 0.466887 0.154287
0.877359 0.466570 0.156071
0.907141 0.466253 0.157855
0.936924 0.465937 0.159639
0.966707 0.465620 0.161423
0.996489 0.465303 0.163208
1.000000 0.464986 0.164992
1.000000 0.464669 0.166776
1.000000 0.464353 0.168560
0.079482 0.499369 0.171149
0.111849 0.499336 0.170065
0.144216 0.499303 0.168981
0.176583 0.499269 0.167897
0.208951 0.499236 0.166813
0.241318 0.499203 0.165730
0.273685 0.499169 0.164646
0.306052 0.499136 0.163562
0.338419 0.499102 0.162478
0.370787 0.499069 0.161394
0.403154 0.499036 0.160310
0.435521 0.499002 0.159227
0.467888 0.498969 0.158143
0.500255 0.498936 0.157059
0.532623 0.498902 0.155975
0.564990 0.498869 0.154891
0.597357 0.498836 0.153807
0.629724 0.498802 0.152724
0.662091 0.498769 0.151640
0.693727 0.498655 0.151368
0.723509 0.498339 0.153152
0.753292 0.498022 0.154936
0.783075 0.497705 0.156720
0.812857 0.497388 0.158505
0.842640 0.497071 0.160289
0.872423 0.496754 0.162073
0.902205 0.496438 0.163857
0.931988 0.496121 0.165641
0.961770 0.495804 0.167426
0.991553 0.495487 0.169210
1.000000 0.495170 0.170994
1.000000 0.494854 0.172778
1.000000 0.494537 0.174562
0.083240 0.530507 0.167503
0.115607 0.530474 0.166419
0.147975 0.530440 0.165335
0.180342 0.530407 0.164251
0.212709 0.530374 0.163167
0.245076 0.530340 0.162084
0.277443 0.530307 0.161000
0.309811 0.530274 0.159916
0.342178 0.530240 0.158832
0.374545 0.530207 0.157748
0.406912 0.530174 0.156664
0.439279 0.530140 0.155580
0.471646 0.530107 0.154497
0.504014 0.530074 0.153413
0.536381 0.530040 0.152329
0.568748 0.530007 0.151245
0.599442 0.529790 0.152018
0.629225 0.529473 0.153802
0.659008 0.529156 0.155586
0.688790 0.528840 0.157370
0.718573 0.528523 0.159154
0.748356 0.528206 0.160938
0.778138 0.527889 0.162723
0.807921 0.527572 0.164507
0.837704 0.527256 0.166291
0.867486 0.526939 0.168075
0.897269 0.526622 0.169859
0.927052 0.526305 0.171643
0.956834 0.525988 0.173428
0.986617 0.525671 0.175212
1.000000 0.525355 0.176996
1.000000 0.525038 0.178780
1.000000 0.524721 0.180564
0.086998 0.561645 0.163857
0.119366 0.561612 0.162773
0.151733 0.561578 0.161689
0.184100 0.561545 0.160605
0.216467 0.561512 0.159521
0.248834 0.561478 0.158437
0.281202 0.561445 0.157354
0.313569 0.561411 0.156270
0.345936 0.561378 0.155186
0.378303 0.561345 0.154102
0.410670 0.561311 0.153018
0.443038 0.561278 0.151934
0.475376 0.561242 0.150883
0.505158 0.560925 0.152667
0.534941 0.560608 0.154451
0.564724 0.560291 0.156235
0.594506 0.559974 0.158020
0.624289 0.559657 0.159804
0.654071 0.559341 0.161588
0.683854 0.559024 0.163372
0.713637 0.558707 0.165156
0.743419 0.558390 0.166940
0.773202 0.558073 0.168725
0.802985 0.557757 0.170509
0.832767 0.557440 0.172293
0.862550 0.557123 0.174077
0.892333 0.556806 0.175861
0.922115 0.556489 0.177645
0.951898 0.556172 0.179430
0.981681 0.555856 0.181214
1.000000 0.555539 0.182998
1.000000 0.555222 0.184782
1.000000 0.554905 0.186566
0.090757 0.592783 0.160211
0.123124 0.592749 0.159127
0.155491 0.592716 0.158043
0.187858 0.592683 0.156959
0.220226 0.592649 0.155875
0.252593 0.592616 0.154791
0.284960 0.592583 0.153707
0.317327 0.592549 0.152624
0.349694 0.592516 0.151540
0.381091 0.592376 0.151532
0.410874 0.592059 0.153317
0.440657 0.591743 0.155101
0.470439 0.591426 0.156885
0.500222 0.591109 0.158669
0.530005 0.590792 0.160453
0.559787 0.590475 0.162237
0.589570 0.590158 0.164022
0.619353 0.589842 0.165806
0.649135 0.589525 0.167590
0.678918 0.589208 0.169374
0.708700 0.588891 0.171158
0.738483 0.588574 0.172943
0.768266 0.588258 0.174727
0.798048 0.587941 0.176511
0.827831 0.587624 0.178295
0.857614 0.587307 0.180079
0.887396 0.586990 0.181863
0.917179 0.586673 0.183648
0.946962 0.586357 0.185432
0.976744 0.586040 0.187216
1.000000 0.585723 0.189000
1.000000 0.585406 0.190784
1.000000 0.585089 0.192568
0.094515 0.623921 0.156564
0.126882 0.623887 0.155481
0.159249 0.623854 0.154397
0.191617 0.623820 0.153313
0.223984 0.623787 0.152229
0.256351 0.623754 0.151145
0.286807 0.623511 0.152182
0.316590 0.623194 0.153966
0.346372 0.622877 0.155750
0.376155 0.622560 0.157535
0.405938 0.622244 0.159319
0.435720 0.621927 0.161103
0.465503 0.621610 0.162887
0.495286 0.621293 0.164671
0.525068 0.620976 0.166455
0.554851 0.620659 0.168240
0.584634 0.620343 0.170024
0.614416 0.620026 0.171808
0.644199 0.619709 0.173592
0.673982 0.619392 0.175376
0.703764 0.619075 0.177160
0.733547 0.618759 0.178945
0.763329 0.618442 0.180729
0.793112 0.618125 0.182513
0.822895 0.617808 0.184297
0.852677 0.617491 0.186081
0.882460 0.617175 0.187865
0.912243 0.616858 0.189650
0.942025 0.616541 0.191434
0.971808 0.616224 0.193218
1.000000 0.615907 0.195002
1.000000 0.615590 0.196786
1.000000 0.615274 0.198570
0.098273 0.655058 0.152918
0.130641 0.655025 0.151834
0.162740 0.654962 0.151047
0.192523 0.654645 0.152832
0.222306 0.654329 0.154616
0.252088 0.654012 0.156400
0.281871 0.653695 0.158184
0.311654 0.653378 0.159968
0.341436 0.653061 0.161752
0.371219 0.652745 0.163537
0.401001 0.652428 0.165321
0.430784 0.652111 0.167105
0.460567 0.651794 0.168889
0.490349 0.651477 0.170673
0.520132 0.651161 0.172457
0.549915 0.650844 0.174242
0.579697 0.650527 0.176026
0.609480 0.650210 0.177810
0.639263 0.649893 0.179594
0.669045 0.649576 0.181378
0.698828 0.649260 0.183162
0.728611 0.648943 0.184947
0.758393 0.648626 0.186731
0.788176 0.648309 0.188515
0.817958 0.647992 0.190299
0.847741 0.647676 0.192083
0.877524 0.647359 0.193868
0.907306 0.647042 0.195652
0.937089 0.646725 0.197436
0.966872 0.646408 0.199220
0.996654 0.646091 0.201004
1.000000 0.645775 0.202788
1.000000 0.645458 0.204573
0.098239 0.685780 0.153481
0.128021 0.685463 0.155265
0.157804 0.685147 0.157049
0.187587 0.684830 0.158834
0.217369 0.684513 0.160618
0.247152 0.684196 0.162402
0.276935 0.683879 0.164186
0.306717 0.683562 0.165970
0.336500 0.683246 0.167754
0.366283 0.682929 0.169539
0.396065 0.682612 0.171323
0.425848 0.682295 0.173107
0.455630 0.681978 0.174891
0.485413 0.681662 0.176675
0.515196 0.681345 0.178460
0.544978 0.681028 0.180244
0.574761 0.680711 0.182028
0.604544 0.680394 0.183812
0.634326 0.680077 0.185596
0.664109 0.679761 0.187380
0.693892 0.679444 0.189165
0.723674 0.679127 0.190949
0.753457 0.678810 0.192733
0.783240 0.678493 0.194517
0.813022 0.678177 0.196301
0.842805 0.677860 0.198085
0.872587 0.677543 0.199870
0.902370 0.677226 0.201654
0.932153 0.676909 0.203438
0.961935 0.676593 0.205222
0.991718 0.676276 0.207006
1.000000 0.675959 0.208790
1.000000 0.675642 0.210575
0.093302 0.715964 0.159483
0.123085 0.715648 0.161267
0.152868 0.715331 0.163052
0.182650 0.715014 0.164836
0.212433 0.714697 0.166620
0.242216 0.714380 0.168404
0.271998 0.714063 0.170188
0.301781 0.713747 0.171972
0.331564 0.713430 0.173757
0.361346 0.713113 0.175541
0.391129 0.712796 0.177325
0.420912 0.712479 0.179109
0.450694 0.712163 0.180893
0.480477 0.711846 0.182677
0.510259 0.711529 0.184462
0.540042 0.711212 0.186246
0.569825 0.710895 0.188030
0.599607 0.710579 0.189814
0.629390 0.710262 0.191598
0.659173 0.709945 0.193382
0.688955 0.709628 0.195167
0.718738 0.709311 0.196951
0.748521 0.708994 0.198735
0.778303 0.708678 0.200519
0.808086 0.708361 0.202303
0.837869 0.708044 0.204087
0.867651 0.707727 0.205872
0.897434 0.707410 0.207656
0.927216 0.707094 0.209440
0.956999 0.706777 0.211224
0.986782 0.706460 0.213008
1.000000 0.706143 0.214793
1.000000 0.705826 0.216577
0.088366 0.746149 0.165485
0.118149 0.745832 0.167269
0.147931 0.745515 0.169054
0.177714 0.745198 0.170838
0.207497 0.744881 0.172622
0.237279 0.744565 0.174406
0.267062 0.744248 0.176190
0.296845 0.743931 0.177974
0.326627 0.743614 0.179759
0.356410 0.743297 0.181543
0.386193 0.742980 0.183327
0.415975 0.742664 0.185111
0.445758 0.742347 0.186895
0.475541 0.742030 0.188679
0.505323 0.741713 0.190464
0.535106 0.741396 0.192248
0.564888 0.741080 0.194032
0.594671 0.740763 0.195816
0.624454 0.740446 0.197600
0.654236 0.740129 0.199385
0.684019 0.739812 0.201169
0.713802 0.739495 0.202953
0.743584 0.739179 0.204737
0.773367 0.738862 0.206521
0.803150 0.738545 0.208305
0.832932 0.738228 0.210090
0.862715 0.737911 0.211874
0.892498 0.737595 0.213658
0.922280 0.737278 0.215442
0.952063 0.736961 0.217226
0.981845 0.736644 0.219010
1.000000 0.736327 0.220795
1.000000 0.736010 0.222579
0.083430 0.776333 0.171487
0.113213 0.776016 0.173271
0.142995 0.775699 0.175056
0.172778 0.775382 0.176840
0.202560 0.775066 0.178624
0.232343 0.774749 0.180408
0.262126 0.774432 0.182192
0.291908 0.774115 0.183977
0.321691 0.773798 0.185761
0.351474 0.773481 0.187545
0.381256 0.773165 0.189329
0.411039 0.772848 0.191113
0.440822 0.772531 0.192897
0.470604 0.772214 0.194682
0.500387 0.771897 0.196466
0.530170 0.771581 0.198250
0.559952 0.771264 0.200034
0.589735 0.770947 0.201818
0.619517 0.770630 0.203602
0.649300 0.770313 0.205387
0.679083 0.769996 0.207171
0.708865 0.769680 0.208955
0.738648 0.769363 0.210739
0.768431 0.769046 0.212523
0.798213 0.768729 0.214307
0.827996 0.768412 0.216092
0.857779 0.768096 0.217876
0.887561 0.767779 0.219660
0.917344 0.767462 0.221444
0.947127 0.767145 0.223228
0.976909 0.766828 0.225012
1.000000 0.766512 0.226797
1.000000 0.766195 0.228581
0.078494 0.806517 0.177489
0.108276 0.806200 0.179274
0.138059 0.805883 0.181058
0.167842 0.805567 0.182842
0.197624 0.805250 0.184626
0.227407 0.804933 0.186410
0.257189 0.804616 0.188194
0.286972 0.804299 0.189979
0.316755 0.803982 0.191763
0.346537 0.803666 0.193547
0.376320 0.803349 0.195331
0.406103 0.803032 0.197115
0.435885 0.802715 0.198899
0.465668 0.802398 0.200684
0.495451 0.802082 0.202468
0.525233 0.801765 0.204252
0.555016 0.801448 0.206036
0.584799 0.801131 0.207820
0.614581 0.800814 0.209604
0.644364 0.800498 0.211389
0.674146 0.800181 0.213173
0.703929 0.799864 0.214957
0.733712 0.799547 0.216741
0.763494 0.799230 0.218525
0.793277 0.798913 0.220310
0.823060 0.798597 0.222094
0.852842 0.798280 0.223878
0.882625 0.797963 0.225662
0.912408 0.797646 0.227446
0.942190 0.797329 0.229230
0.971973 0.797013 0.231015
1.000000 0.796696 0.232799
1.000000 0.796379 0.234583
0.073557 0.836701 0.183491
0.103340 0.836384 0.185276
0.133123 0.836068 0.187060
0.162905 0.835751 0.188844
0.192688 0.835434 0.190628
0.222471 0.835117 0.192412
0.252253 0.834800 0.194196
0.282036 0.834484 0.195981
0.311818 0.834167 0.197765
0.341601 0.833850 0.199549
0.371384 0.833533 0.201333
0.401166 0.833216 0.203117
0.430949 0.832899 0.204902
0.460732 0.832583 0.206686
0.490514 0.832266 0.208470
0.520297 0.831949 0.210254
0.550080 0.831632 0.212038
0.579862 0.831315 0.213822
0.609645 0.830999 0.215607
0.639428 0.830682 0.217391
0.669210 0.830365 0.219175
0.698993 0.830048 0.220959
0.728775 0.829731 0.222743
0.758558 0.829414 0.224527
0.788341 0.829098 0.226312
0.818123 0.828781 0.228096
0.847906 0.828464 0.229880
0.877689 0.828147 0.231664
0.907471 0.827830 0.233448
0.937254 0.827514 0.235232
0.967037 0.827197 0.237017
0.996819 0.826880 0.238801
1.000000 0.826563 0.240585
0.068621 0.866885 0.189494
0.098404 0.866569 0.191278
0.128186 0.866252 0.193062
0.157969 0.865935 0.194846
0.187752 0.865618 0.196630
0.217534 0.865301 0.198414
0.247317 0.864985 0.200199
0.277100 0.864668 0.201983
0.306882 0.864351 0.203767
0.336665 0.864034 0.205551
0.366447 0.863717 0.207335
0.396230 0.863400 0.209119
0.426013 0.863084 0.210904
0.455795 0.862767 0.212688
0.485578 0.862450 0.214472
0.515361 0.862133 0.216256
0.545143 0.861816 0.218040
0.574926 0.861500 0.219824
0.604709 0.861183 0.221609
0.634491 0.860866 0.223393
0.664274 0.860549 0.225177
0.694057 0.860232 0.226961
0.723839 0.859915 0.228745
0.753622 0.859599 0.230529
0.783404 0.859282 0.232314
0.813187 0.858965 0.234098
0.842970 0.858648 0.235882
0.872752 0.858331 0.237666
0.902535 0.858015 0.239450
0.932318 0.857698 0.241235
0.962100 0.857381 0.243019
0.991883 0.857064 0.244803
1.000000 0.856747 0.246587
0.063685 0.897070 0.195496
0.093467 0.896753 0.197280
0.123250 0.896436 0.199064
0.153033 0.896119 0.200848
0.182815 0.895802 0.202632
0.212598 0.895486 0.204416
0.242381 0.895169 0.206201
0.272163 0.894852 0.207985
0.301946 0.894535 0.209769
0.331729 0.894218 0.211553
0.361511 0.893901 0.213337
0.391294 0.893585 0.215121
0.421076 0.893268 0.216906
0.450859 0.892951 0.218690
0.480642 0.892634 0.220474
0.510424 0.892317 0.222258
0.540207 0.892001 0.224042
0.569990 0.891684 0.225827
0.599772 0.891367 0.227611
0.629555 0.891050 0.229395
0.659338 0.890733 0.231179
0.689120 0.890417 0.232963
0.718903 0.890100 0.234747
0.748686 0.889783 0.236532
0.778468 0.889466 0.238316
0.808251 0.889149 0.240100
0.838033 0.888832 0.241884
0.867816 0.888516 0.243668
0.897599 0.888199 0.245452
0.927381 0.887882 0.247237
0.957164 0.887565 0.249021
0.986947 0.887248 0.250805
1.000000 0.886932 0.252589
0.058748 0.927254 0.201498
0.088531 0.926937 0.203282
0.118314 0.926620 0.205066
0.148096 0.926303 0.206850
0.177879 0.925987 0.208634
0.207662 0.925670 0.210419
0.237444 0.925353 0.212203
0.267227 0.925036 0.213987
0.297010 0.924719 0.215771
0.326792 0.924403 0.217555
0.356575 0.924086 0.219339
0.386358 0.923769 0.221124
0.416140 0.923452 0.222908
0.445923 0.923135 0.224692
0.475705 0.922818 0.226476
0.505488 0.922502 0.228260
0.535271 0.922185 0.230044
0.565053 0.921868 0.231829
0.594836 0.921551 0.233613
0.624619 0.921234 0.235397
0.654401 0.920918 0.237181
0.684184 0.920601 0.238965
0.713967 0.920284 0.240749
0.743749 0.919967 0.242534
0.773532 0.919650 0.244318
0.803315 0.919333 0.246102
0.833097 0.919017 0.247886
0.862880 0.918700 0.249670
0.892662 0.918383 0.251454
0.922445 0.918066 0.253239
0.952228 0.917749 0.255023
0.982010 0.917433 0.256807
1.000000 0.917116 0.258591
0.053812 0.957438 0.207500
0.083595 0.957121 0.209284
0.113377 0.956804 0.211068
0.143160 0.956488 0.212852
0.172943 0.956171 0.214636
0.202725 0.955854 0.216421
0.232508 0.955537 0.218205
0.262291 0.955220 0.219989
0.292073 0.954904 0.221773
0.321856 0.954587 0.223557
0.351639 0.954270 0.225341
0.381421 0.953953 0.227126
0.411204 0.953636 0.228910
0.440987 0.953319 0.230694
0.470769 0.953003 0.232478
0.500552 0.952686 0.234262
0.530334 0.952369 0.236046
0.560117 0.952052 0.237831
0.589900 0.951735 0.239615
0.619682 0.951419 0.241399
0.649465 0.951102 0.243183
0.679248 0.950785 0.244967
0.709030 0.950468 0.246752
0.738813 0.950151 0.248536
0.768596 0.949834 0.250320
0.798378 0.949518 0.252104
0.828161 0.949201 0.253888
0.857944 0.948884 0.255672
0.887726 0.948567 0.257457
0.917509 0.948250 0.259241
0.947291 0.947934 0.261025
0.977074 0.947617 0.262809
1.000000 0.947300 0.264593
0.048876 0.987622 0.213502
0.078659 0.987305 0.215286
0.108441 0.986989 0.217070
0.138224 0.986672 0.218854
0.168006 0.986355 0.220638
0.197789 0.986038 0.222423
0.227572 0.985721 0.224207
0.257354 0.985405 0.225991
0.287137 0.985088 0.227775
0.316920 0.984771 0.229559
0.346702 0.984454 0.231344
0.376485 0.984137 0.233128
0.406268 0.983820 0.234912
0.436050 0.983504 0.236696
0.465833 0.983187 0.238480
0.495616 0.982870 0.240264
0.525398 0.982553 0.242049
0.555181 0.982236 0.243833
0.584963 0.981920 0.245617
0.614746 0.981603 0.247401
0.644529 0.981286 0.249185
0.674311 0.980969 0.250969
0.704094 0.980652 0.252754
0.733877 0.980336 0.254538
0.763659 0.980019 0.256322
0.793442 0.979702 0.258106
0.823225 0.979385 0.259890
0.853007 0.979068 0.261674
0.882790 0.978751 0.263459
0.912573 0.978435 0.265243
0.942355 0.978118 0.267027
0.972138 0.977801 0.268811
1.000000 0.977484 0.270595
0.019728 0.001153 0.260369
0.052096 0.001120 0.259285
0.084463 0.001086 0.258201
0.116830 0.001053 0.257117
0.149197 0.001020 0.256033
0.181564 0.000986 0.254949
0.213932 0.000953 0.253866
0.246299 0.000920 0.252782
0.278666 0.000886 0.251698
0.311033 0.000853 0.250614
0.343400 0.000819 0.249530
0.375767 0.000786 0.248446
0.408135 0.000753 0.247363
0.440502 0.000719 0.246279
0.472869 0.000686 0.245195
0.505236 0.000653 0.244111
0.537603 0.000619 0.243027
0.569971 0.000586 0.241943
0.602338 0.000553 0.240859
0.634705 0.000519 0.239776
0.667072 0.000486 0.238692
0.699439 0.000453 0.237608
0.731807 0.000419 0.236524
0.764174 0.000386 0.235440
0.796541 0.000353 0.234356
0.828908 0.000319 0.233273
0.861275 0.000286 0.232189
0.893643 0.000253 0.231105
0.926010 0.000219 0.230021
0.958377 0.000186 0.228937
0.990744 0.000153 0.227853
1.000000 0.000119 0.226770
1.000000 0.000086 0.225686
0.023487 0.032291 0.256723
0.055854 0.032257 0.255639
0.088221 0.032224 0.254555
0.120588 0.032191 0.253471
0.152955 0.032157 0.252387
0.185323 0.032124 0.251303
0.217690 0.032091 0.250219
0.250057 0.032057 0.249136
0.282424 0.032024 0.248052
0.314791 0.031991 0.246968
0.347159 0.031957 0.245884
0.379526 0.031924 0.244800
0.411893 0.031891 0.243716
0.444260 0.031857 0.242633
0.476627 0.031824 0.241549
0.508995 0.031791 0.240465
0.541362 0.031757 0.239381
0.573729 0.031724 0.238297
0.606096 0.031691 0.237213
0.638463 0.031657 0.236130
0.670831 0.031624 0.235046
0.703198 0.031590 0.233962
0.735565 0.031557 0.232878
0.767932 0.031524 0.231794
0.800299 0.031490 0.230710
0.832666 0.031457 0.229626
0.865034 0.031424 0.228543
0.897401 0.031390 0.227459
0.929768 0.031357 0.226375
0.962135 0.031324 0.225291
0.994502 0.031290 0.224207
1.000000 0.031257 0.223123
1.000000 0.031224 0.222040
0.027245 0.063429 0.253076
0.059612 0.063395 0.251993
0.091979 0.063362 0.250909
0.124347 0.063329 0.249825
0.156714 0.063295 0.248741
0.189081 0.063262 0.247657
0.221448 0.063229 0.246573
0.253815 0.063195 0.245490
0.286183 0.063162 0.244406
0.318550 0.063128 0.243322
0.350917 0.063095 0.242238
0.383284 0.063062 0.241154
0.415651 0.063028 0.240070
0.448018 0.062995 0.238986
0.480386 0.062962 0.237903
0.512753 0.062928 0.236819
0.545120 0.062895 0.235735
0.577487 0.062862 0.234651
0.609854 0.062828 0.233567
0.642222 0.062795 0.232483
0.674589 0.062762 0.231400
0.706956 0.062728 0.230316
0.739323 0.062695 0.229232
0.771690 0.062662 0.228148
0.804058 0.062628 0.227064
0.836425 0.062595 0.225980
0.868792 0.062562 0.224897
0.901159 0.062528 0.223813
0.933526 0.062495 0.222729
0.965894 0.062461 0.221645
0.998261 0.062428 0.220561
1.000000 0.062395 0.219477
1.000000 0.062361 0.218393
0.031003 0.094566 0.249430
0.063370 0.094533 0.248346
0.095738 0.094500 0.247263
0.128105 0.094466 0.246179
0.160472 0.094433 0.245095
0.192839 0.094400 0.244011
0.225206 0.094366 0.242927
0.257574 0.094333 0.241843
0.289941 0.094300 0.240760
0.322308 0.094266 0.239676
0.354675 0.094233 0.238592
0.387042 0.094200 0.237508
0.419410 0.094166 0.236424
0.451777 0.094133 0.235340
0.484144 0.094100 0.234257
0.516511 0.094066 0.233173
0.548878 0.094033 0.232089
0.581246 0.093999 0.231005
0.613613 0.093966 0.229921
0.645980 0.093933 0.228837
0.678347 0.093899 0.227753
0.710714 0.093866 0.226670
0.743082 0.093833 0.225586
0.775449 0.093799 0.224502
0.807816 0.093766 0.223418
0.840183 0.093733 0.222334
0.872550 0.093699 0.221250
0.904917 0.093666 0.220167
0.937285 0.093633 0.219083
0.969652 0.093599 0.217999
1.000000 0.093566 0.216915
1.000000 0.093533 0.215831
1.000000 0.093499 0.214747
0.034762 0.125704 0.245784
0.067129 0.125671 0.244700
0.099496 0.125638 0.243617
0.131863 0.125604 0.242533
0.164230 0.125571 0.241449
0.196598 0.125537 0.240365
0.228965 0.125504 0.239281
0.261332 0.125471 0.238197
0.293699 0.125437 0.237113
0.326066 0.125404 0.236030
0.358434 0.125371 0.234946
0.390801 0.125337 0.233862
0.423168 0.125304 0.232778
0.455535 0.125271 0.231694
0.487902 0.125237 0.230610
0.520269 0.125204 0.229527
0.552637 0.125171 0.228443
0.585004 0.125137 0.227359
0.617371 0.125104 0.226275
0.649738 0.125071 0.225191
0.682105 0.125037 0.224107
0.714473 0.125004 0.223023
0.746840 0.124971 0.221940
0.779207 0.124937 0.220856
0.811574 0.124904 0.219772
0.843941 0.124870 0.218688
0.876309 0.124837 0.217604
0.908676 0.124804 0.216520
0.941043 0.124770 0.215437
0.973410 0.124737 0.214353
1.000000 0.124704 0.213269
1.000000 0.124670 0.212185
1.000000 0.124637 0.211101
0.038520 0.156842 0.242138
0.070887 0.156809 0.241054
0.103254 0.156775 0.239970
0.135621 0.156742 0.238887
0.167989 0.156709 0.237803
0.200356 0.156675 0.236719
0.232723 0.156642 0.235635
0.265090 0.156609 0.234551
0.297457 0.156575 0.233467
0.329825 0.156542 0.232383
0.362192 0.156509 0.231300
0.394559 0.156475 0.230216
0.426926 0.156442 0.229132
0.459293 0.156408 0.228048
0.491661 0.156375 0.226964
0.524028 0.156342 0.225880
0.556395 0.156308 0.224797
0.588762 0.156275 0.223713
0.621129 0.156242 0.222629
0.653497 0.156208 0.221545
0.685864 0.156175 0.220461
0.718231 0.156142 0.219377
0.750598 0.156108 0.218294
0.782965 0.156075 0.217210
0.815333 0.156042 0.216126
0.847700 0.156008 0.215042
0.880067 0.155975 0.213958
0.912434 0.155942 0.212874
0.944801 0.155908 0.211790
0.977168 0.155875 0.210707
1.000000 0.155842 0.209623
1.000000 0.155808 0.208539
1.000000 0.155775 0.207455
0.042278 0.187980 0.238492
0.074645 0.187946 0.237408
0.107013 0.187913 0.236324
0.139380 0.187880 0.235240
0.171747 0.187846 0.234157
0.204114 0.187813 0.233073
0.236481 0.187780 0.231989
0.268849 0.187746 0.230905
0.301216 0.187713 0.229821
0.333583 0.187680 0.228737
0.365950 0.187646 0.227654
0.398317 0.187613 0.226570
0.430685 0.187580 0.225486
0.463052 0.187546 0.224402
0.495419 0.187513 0.223318
0.527786 0.187480 0.222234
0.560153 0.187446 0.221150
0.592520 0.187413 0.220067
0.624888 0.187380 0.218983
0.657255 0.187346 0.217899
0.689622 0.187313 0.216815
0.721989 0.187280 0.215731
0.754356 0.187246 0.214647
0.786724 0.187213 0.213564
0.819091 0.187179 0.212480
0.851458 0.187146 0.211396
0.883825 0.187113 0.210312
0.916192 0.187079 0.209228
0.948560 0.187046 0.208144
0.980927 0.187013 0.207061
1.000000 0.186979 0.205977
1.000000 0.186946 0.204893
1.000000 0.186913 0.203809
0.046037 0.219118 0.234846
0.078404 0.219084 0.233762
0.110771 0.219051 0.232678
0.143138 0.219018 0.231594
0.175505 0.218984 0.230510
0.207872 0.218951 0.229427
0.240240 0.218918 0.228343
0.272607 0.218884 0.227259
0.304974 0.218851 0.226175
0.337341 0.218818 0.225091
0.369708 0.218784 0.224007
0.402076 0.218751 0.222924
0.434443 0.218717 0.221840
0.466810 0.218684 0.220756
0.499177 0.218651 0.219672
0.531544 0.218617 0.218588
0.563912 0.218584 0.217504
0.596279 0.218551 0.216421
0.628646 0.218517 0.215337
0.661013 0.218484 0.214253
0.693380 0.218451 0.213169
0.725748 0.218417 0.212085
0.758115 0.218384 0.211001
0.790482 0.218351 0.209917
0.822849 0.218317 0.208834
0.855216 0.218284 0.207750
0.887583 0.218251 0.206666
0.919951 0.218217 0.205582
0.952318 0.218184 0.204498
0.984685 0.218151 0.203414
1.000000 0.218117 0.202331
1.000000 0.218084 0.201247
1.000000 0.218050 0.200163
0.049795 0.250255 0.231200
0.082162 0.250222 0.230116
0.114529 0.250189 0.229032
0.146896 0.250155 0.227948
0.179264 0.250122 0.226864
0.211631 0.250089 0.225781
0.243998 0.250055 0.224697
0.276365 0.250022 0.223613
0.308732 0.249989 0.222529
0.341100 0.249955 0.221445
0.373467 0.249922 0.220361
0.405834 0.249889 0.219277
0.438201 0.249855 0.218194
0.470568 0.249822 0.217110
0.502935 0.249789 0.216026
0.535303 0.249755 0.214942
0.567670 0.249722 0.213858
0.600037 0.249689 0.212774
0.632404 0.249655 0.211691
0.664771 0.249622 0.210607
0.697139 0.249588 0.209523
0.729506 0.249555 0.208439
0.761873 0.249522 0.207355
0.794240 0.249488 0.206271
0.826607 0.249455 0.205187
0.858975 0.249422 0.204104
0.891342 0.249388 0.203020
0.923709 0.249355 0.201936
0.956076 0.249322 0.200852
0.988443 0.249288 0.199768
1.000000 0.249255 0.198684
1.000000 0.249222 0.197601
1.000000 0.249188 0.196517
0.053553 0.281393 0.227554
0.085920 0.281360 0.226470
0.118287 0.281327 0.225386
0.150655 0.281293 0.224302
0.183022 0.281260 0.223218
0.215389 0.281227 0.222134
0.247756 0.281193 0.221051
0.280123 0.281160 0.219967
0.312491 0.281126 0.218883
0.344858 0.281093 0.217799
0.377225 0.281060 0.216715
0.409592 0.281026 0.215631
0.441959 0.280993 0.214547
0.474327 0.280960 0.213464
0.506694 0.280926 0.212380
0.539061 0.280893 0.211296
0.571428 0.280860 0.210212
0.603795 0.280826 0.209128
0.636163 0.280793 0.208044
0.668530 0.280760 0.206961
0.700897 0.280726 0.205877
0.733264 0.280693 0.204793
0.765631 0.280660 0.203709
0.797999 0.280626 0.202625
0.830366 0.280593 0.201541
0.862733 0.280560 0.200458
0.895100 0.280526 0.199374
0.927467 0.280493 0.198290
0.959834 0.280460 0.197206
0.992202 0.280426 0.196122
1.000000 0.280393 0.195038
1.000000 0.280359 0.193954
1.000000 0.280326 0.192871
0.057311 0.312531 0.223907
0.089679 0.312498 0.222824
0.122046 0.312464 0.221740
0.154413 0.312431 0.220656
0.186780 0.312398 0.219572
0.219147 0.312364 0.218488
0.251515 0.312331 0.217404
0.283882 0.312298 0.216321
0.316249 0.312264 0.215237
0.348616 0.312231 0.214153
0.380983 0.312198 0.213069
0.413351 0.312164 0.211985
0.445718 0.312131 0.210901
0.478085 0.312098 0.209818
0.510452 0.312064 0.208734
0.542819 0.312031 0.207650
0.575186 0.311998 0.206566
0.607554 0.311964 0.205482
0.639921 0.311931 0.204398
0.672288 0.311897 0.203314
0.704655 0.311864 0.202231
0.737022 0.311831 0.201147
0.769390 0.311797 0.200063
0.801757 0.311764 0.198979
0.834124 0.311731 0.197895
0.866491 0.311697 0.196811
0.898858 0.311664 0.195728
0.931226 0.311631 0.194644
0.963593 0.311597 0.193560
0.995960 0.311564 0.192476
1.000000 0.311531 0.191392
1.000000 0.311497 0.190308
1.000000 0.311464 0.189225
0.061070 0.343669 0.220261
0.093437 0.343636 0.219178
0.125804 0.343602 0.218094
0.158171 0.343569 0.217010
0.190538 0.343536 0.215926
0.222906 0.343502 0.214842
0.255273 0.343469 0.213758
0.287640 0.343435 0.212674
0.320007 0.343402 0.211591
0.352374 0.343369 0.210507
0.384742 0.343335 0.209423
0.417109 0.343302 0.208339
0.449476 0.343269 0.207255
0.481843 0.343235 0.206171
0.514210 0.343202 0.205088
0.546578 0.343169 0.204004
0.578945 0.343135 0.202920
0.611312 0.343102 0.201836
0.643679 0.343069 0.200752
0.676046 0.343035 0.199668
0.708414 0.343002 0.198585
0.740781 0.342969 0.197501
0.773148 0.342935 0.196417
0.805515 0.342902 0.195333
0.837882 0.342869 0.194249
0.870250 0.342835 0.193165
0.902617 0.342802 0.192081
0.934984 0.342768 0.190998
0.967351 0.342735 0.189914
0.999718 0.342702 0.188830
1.000000 0.342668 0.187746
1.000000 0.342635 0.186662
1.000000 0.342602 0.185578
0.064828 0.374807 0.216615
0.097195 0.374773 0.215531
0.129562 0.374740 0.214448
0.161930 0.374707 0.213364
0.194297 0.374673 0.212280
0.226664 0.374640 0.211196
0.259031 0.374607 0.210112
0.291398 0.374573 0.209028
0.323766 0.374540 0.207945
0.356133 0.374507 0.206861
0.388500 0.374473 0.205777
0.420867 0.374440 0.204693
0.453234 0.374407 0.203609
0.485602 0.374373 0.202525
0.517969 0.374340 0.201441
0.550336 0.374306 0.200358
0.582703 0.374273 0.199274
0.615070 0.374240 0.198190
0.647437 0.374206 0.197106
0.679805 0.374173 0.196022
0.712172 0.374140 0.194938
0.744539 0.374106 0.193855
0.776906 0.374073 0.192771
0.809273 0.374040 0.191687
0.841641 0.374006 0.190603
0.874008 0.373973 0.189519
0.906375 0.373940 0.188435
0.938742 0.373906 0.187351
0.971109 0.373873 0.186268
1.000000 0.373840 0.185184
1.000000 0.373806 0.184100
1.000000 0.373773 0.183016
1.000000 0.373692 0.182410
0.068586 0.405945 0.212969
0.100954 0.405911 0.211885
0.133321 0.405878 0.210801
0.165688 0.405844 0.209718
0.198055 0.405811 0.208634
0.230422 0.405778 0.207550
0.262789 0.405744 0.206466
0.295157 0.405711 0.205382
0.327524 0.405678 0.204298
0.359891 0.405644 0.203215
0.392258 0.405611 0.202131
0.424625 0.405578 0.201047
0.456993 0.405544 0.199963
0.489360 0.405511 0.198879
0.521727 0.405478 0.197795
0.554094 0.405444 0.196711
0.586461 0.405411 0.195628
0.618829 0.405378 0.194544
0.651196 0.405344 0.193460
0.683563 0.405311 0.192376
0.715930 0.405278 0.191292
0.748297 0.405244 0.190208
0.780665 0.405211 0.189125
0.813032 0.405177 0.188041
0.845399 0.405144 0.186957
0.877766 0.405111 0.185873
0.910133 0.405077 0.184789
0.942501 0.405044 0.183705
0.974868 0.405011 0.182622
1.000000 0.404827 0.183059
1.000000 0.404510 0.184844
1.000000 0.404193 0.186628
1.000000 0.403877 0.188412
0.072345 0.437082 0.209323
0.104712 0.437049 0.208239
0.137079 0.437016 0.207155
0.169446 0.436982 0.206071
0.201813 0.436949 0.204988
0.234181 0.436916 0.203904
0.266548 0.436882 0.202820
0.298915 0.436849 0.201736
0.331282 0.436816 0.200652
0.363649 0.436782 0.199568
0.396017 0.436749 0.198485
0.428384 0.436715 0.197401
0.460751 0.436682 0.196317
0.493118 0.436649 0.195233
0.525485 0.436615 0.194149
0.557853 0.436582 0.193065
0.590220 0.436549 0.191982
0.622587 0.436515 0.190898
0.654954 0.436482 0.189814
0.687321 0.436449 0.188730
0.719688 0.436415 0.187646
0.752056 0.436382 0.186562
0.784423 0.436349 0.185478
0.816790 0.436315 0.184395
0.849157 0.436282 0.183311
0.881524 0.436249 0.182227
0.911579 0.435962 0.183709
0.941362 0.435645 0.185493
0.971145 0.435328 0.187277
1.000000 0.435011 0.189061
1.000000 0.434694 0.190846
1.000000 0.434378 0.192630
1.000000 0.434061 0.194414
0.076103 0.468220 0.205677
0.108470 0.468187 0.204593
0.140837 0.468153 0.203509
0.173205 0.468120 0.202425
0.205572 0.468087 0.201342
0.237939 0.468053 0.200258
0.270306 0.468020 0.199174
0.302673 0.467987 0.198090
0.335040 0.467953 0.197006
0.367408 0.467920 0.195922
0.399775 0.467887 0.194838
0.432142 0.467853 0.193755
0.464509 0.467820 0.192671
0.496876 0.467787 0.191587
0.529244 0.467753 0.190503
0.561611 0.467720 0.189419
0.593978 0.467687 0.188335
0.626345 0.467653 0.187252
0.658712 0.467620 0.186168
0.691080 0.467587 0.185084
0.723447 0.467553 0.184000
0.755814 0.467520 0.182916
0.787513 0.467413 0.182574
0.817295 0.467096 0.184358
0.847078 0.466780 0.186143
0.876860 0.466463 0.187927
0.906643 0.466146 0.189711
0.936426 0.465829 0.191495
0.966208 0.465512 0.193279
0.995991 0.465195 0.195064
1.000000 0.464879 0.196848
1.000000 0.464562 0.198632
1.000000 0.464245 0.200416
0.079861 0.499358 0.202031
0.112228 0.499325 0.200947
0.144596 0.499291 0.199863
0.176963 0.499258 0.198779
0.209330 0.499225 0.197695
0.241697 0.499191 0.196612
0.274064 0.499158 0.195528
0.306432 0.499125 0.194444
0.338799 0.499091 0.193360
0.371166 0.499058 0.192276
0.403533 0.499024 0.191192
0.435900 0.498991 0.190109
0.468268 0.498958 0.189025
0.500635 0.498924 0.187941
0.533002 0.498891 0.186857
0.565369 0.498858 0.185773
0.597736 0.498824 0.184689
0.630104 0.498791 0.183605
0.662471 0.498758 0.182522
0.693228 0.498548 0.183224
0.723011 0.498231 0.185008
0.752794 0.497914 0.186792
0.782576 0.497597 0.188576
0.812359 0.497281 0.190361
0.842142 0.496964 0.192145
0.871924 0.496647 0.193929
0.901707 0.496330 0.195713
0.931489 0.496013 0.197497
0.961272 0.495696 0.199281
0.991055 0.495380 0.201066
1.000000 0.495063 0.202850
1.000000 0.494746 0.204634
1.000000 0.494429 0.206418
0.083620 0.530496 0.198385
0.115987 0.530462 0.197301
0.148354 0.530429 0.196217
0.180721 0.530396 0.195133
0.213088 0.530362 0.194049
0.245456 0.530329 0.192965
0.277823 0.530296 0.191882
0.310190 0.530262 0.190798
0.342557 0.530229 0.189714
0.374924 0.530196 0.188630
0.407291 0.530162 0.187546
0.439659 0.530129 0.186462
0.472026 0.530096 0.185379
0.504393 0.530062 0.184295
0.536760 0.530029 0.183211
0.569127 0.529996 0.182127
0.598944 0.529682 0.183873
0.628727 0.529366 0.185658
0.658509 0.529049 0.187442
0.688292 0.528732 0.189226
0.718075 0.528415 0.191010
0.747857 0.528098 0.192794
0.777640 0.527782 0.194578
0.807423 0.527465 0.196363
0.837205 0.527148 0.198147
0.866988 0.526831 0.199931
0.896771 0.526514 0.201715
0.926553 0.526197 0.203499
0.956336 0.525881 0.205283
0.986118 0.525564 0.207068
1.000000 0.525247 0.208852
1.000000 0.524930 0.210636
1.000000 0.524613 0.212420
0.087378 0.561634 0.194739
0.119745 0.561600 0.193655
0.152112 0.561567 0.192571
0.184479 0.561534 0.191487
0.216847 0.561500 0.190403
0.249214 0.561467 0.189319
0.281581 0.561433 0.188235
0.313948 0.561400 0.187152
0.346315 0.561367 0.186068
0.378683 0.561333 0.184984
0.411050 0.561300 0.183900
0.443417 0.561267 0.182816
0.474877 0.561134 0.182739
0.504660 0.560817 0.184523
0.534443 0.560500 0.186307
0.564225 0.560183 0.188091
0.594008 0.559867 0.189875
0.623790 0.559550 0.191660
0.653573 0.559233 0.193444
0.683356 0.558916 0.195228
0.713138 0.558599 0.197012
0.742921 0.558283 0.198796
0.772704 0.557966 0.200581
0.802486 0.557649 0.202365
0.832269 0.557332 0.204149
0.862052 0.557015 0.205933
0.891834 0.556699 0.207717
0.921617 0.556382 0.209501
0.951400 0.556065 0.211286
0.981182 0.555748 0.213070
1.000000 0.555431 0.214854
1.000000 0.555114 0.216638
1.000000 0.554798 0.218422
0.091136 0.592771 0.191092
0.123503 0.592738 0.190009
0.155871 0.592705 0.188925
0.188238 0.592671 0.187841
0.220605 0.592638 0.186757
0.252972 0.592605 0.185673
0.285339 0.592571 0.184589
0.317707 0.592538 0.183506
0.350074 0.592505 0.182422
0.380593 0.592269 0.183388
0.410376 0.591952 0.185173
0.440158 0.591635 0.186957
0.469941 0.591318 0.188741
0.499724 0.591001 0.190525
0.529506 0.590685 0.192309
0.559289 0.590368 0.194093
0.589072 0.590051 0.195878
0.618854 0.589734 0.197662
0.648637 0.589417 0.199446
0.678419 0.589100 0.201230
0.708202 0.588784 0.203014
0.737985 0.588467 0.204798
0.767767 0.588150 0.206583
0.797550 0.587833 0.208367
0.827333 0.587516 0.210151
0.857115 0.587200 0.211935
0.886898 0.586883 0.213719
0.916681 0.586566 0.215503
0.946463 0.586249 0.217288
0.976246 0.585932 0.219072
1.000000 0.585615 0.220856
1.000000 0.585299 0.222640
1.000000 0.584982 0.224424
0.094894 0.623909 0.187446
0.127262 0.623876 0.186362
0.159629 0.623843 0.185279
0.191996 0.623809 0.184195
0.224363 0.623776 0.183111
0.256526 0.623720 0.182254
0.286309 0.623403 0.184038
0.316091 0.623086 0.185822
0.345874 0.622770 0.187606
0.375657 0.622453 0.189390
0.405439 0.622136 0.191175
0.435222 0.621819 0.192959
0.465005 0.621502 0.194743
0.494787 0.621186 0.196527
0.524570 0.620869 0.198311
0.554353 0.620552 0.200095
0.584135 0.620235 0.201880
0.613918 0.619918 0.203664
0.643701 0.619601 0.205448
0.673483 0.619285 0.207232
0.703266 0.618968 0.209016
0.733048 0.618651 0.210800
0.762831 0.618334 0.212585
0.792614 0.618017 0.214369
0.822396 0.617701 0.216153
0.852179 0.617384 0.217937
0.881962 0.617067 0.219721
0.911744 0.616750 0.221506
0.941527 0.616433 0.223290
0.971310 0.616116 0.225074
1.000000 0.615800 0.226858
1.000000 0.615483 0.228642
1.000000 0.615166 0.230426
0.098653 0.655047 0.183800
0.131020 0.655014 0.182716
0.162242 0.654855 0.182903
0.192025 0.654538 0.184687
0.221807 0.654221 0.186472
0.251590 0.653904 0.188256
0.281373 0.653587 0.190040
0.311155 0.653271 0.191824
0.340938 0.652954 0.193608
0.370720 0.652637 0.195392
0.400503 0.652320 0.197177
0.430286 0.652003 0.198961
0.460068 0.651687 0.200745
0.489851 0.651370 0.202529
0.519634 0.651053 0.204313
0.549416 0.650736 0.206098
0.579199 0.650419 0.207882
0.608982 0.650102 0.209666
0.638764 0.649786 0.211450
0.668547 0.649469 0.213234
0.698330 0.649152 0.215018
0.728112 0.648835 0.216803
0.757895 0.648518 0.218587
0.787677 0.648202 0.220371
0.817460 0.647885 0.222155
0.847243 0.647568 0.223939
0.877025 0.647251 0.225723
0.906808 0.646934 0.227508
0.936591 0.646618 0.229292
0.966373 0.646301 0.231076
0.996156 0.645984 0.232860
1.000000 0.645667 0.234644
1.000000 0.645350 0.236428
0.097740 0.685673 0.185337
0.127523 0.685356 0.187121
0.157306 0.685039 0.188905
0.187088 0.684722 0.190690
0.216871 0.684405 0.192474
0.246654 0.684088 0.194258
0.276436 0.683772 0.196042
0.306219 0.683455 0.197826
0.336002 0.683138 0.199610
0.365784 0.682821 0.201395
0.395567 0.682504 0.203179
0.425349 0.682188 0.204963
0.455132 0.681871 0.206747
0.484915 0.681554 0.208531
0.514697 0.681237 0.210315
0.544480 0.680920 0.212100
0.574263 0.680604 0.213884
0.604045 0.680287 0.215668
0.633828 0.679970 0.217452
0.663611 0.679653 0.219236
0.693393 0.679336 0.221020
0.723176 0.679019 0.222805
0.752959 0.678703 0.224589
0.782741 0.678386 0.226373
0.812524 0.678069 0.228157
0.842307 0.677752 0.229941
0.872089 0.677435 0.231725
0.901872 0.677119 0.233510
0.931654 0.676802 0.235294
0.961437 0.676485 0.237078
0.991220 0.676168 0.238862
1.000000 0.675851 0.240646
1.000000 0.675534 0.242431
0.092804 0.715857 0.191339
0.122587 0.715540 0.193123
0.152369 0.715223 0.194907
0.182152 0.714906 0.196692
0.211935 0.714590 0.198476
0.241717 0.714273 0.200260
0.271500 0.713956 0.202044
0.301283 0.713639 0.203828
0.331065 0.713322 0.205612
0.360848 0.713005 0.207397
0.390631 0.712689 0.209181
0.420413 0.712372 0.210965
0.450196 0.712055 0.212749
0.479979 0.711738 0.214533
0.509761 0.711421 0.216317
0.539544 0.711105 0.218102
0.569326 0.710788 0.219886
0.599109 0.710471 0.221670
0.628892 0.710154 0.223454
0.658674 0.709837 0.225238
0.688457 0.709520 0.227023
0.718240 0.709204 0.228807
0.748022 0.708887 0.230591
0.777805 0.708570 0.232375
0.807588 0.708253 0.234159
0.837370 0.707936 0.235943
0.867153 0.707620 0.237728
0.896936 0.707303 0.239512
0.926718 0.706986 0.241296
0.956501 0.706669 0.243080
0.986283 0.706352 0.244864
1.000000 0.706035 0.246648
1.000000 0.705719 0.248433
0.087868 0.746041 0.197341
0.117651 0.745724 0.199125
0.147433 0.745407 0.200909
0.177216 0.745091 0.202694
0.206998 0.744774 0.204478
0.236781 0.744457 0.206262
0.266564 0.744140 0.208046
0.296346 0.743823 0.209830
0.326129 0.743506 0.211615
0.355912 0.743190 0.213399
0.385694 0.742873 0.215183
0.415477 0.742556 0.216967
0.445260 0.742239 0.218751
0.475042 0.741922 0.220535
0.504825 0.741606 0.222320
0.534608 0.741289 0.224104
0.564390 0.740972 0.225888
0.594173 0.740655 0.227672
0.623955 0.740338 0.229456
0.653738 0.740021 0.231240
0.683521 0.739705 0.233025
0.713303 0.739388 0.234809
0.743086 0.739071 0.236593
0.772869 0.738754 0.238377
0.802651 0.738437 0.240161
0.832434 0.738121 0.241945
0.862217 0.737804 0.243730
0.891999 0.737487 0.245514
0.921782 0.737170 0.247298
0.951565 0.736853 0.249082
0.981347 0.736537 0.250866
1.000000 0.736220 0.252651
1.000000 0.735903 0.254435
0.082932 0.776225 0.203343
0.112714 0.775908 0.205127
0.142497 0.775592 0.206912
0.172280 0.775275 0.208696
0.202062 0.774958 0.210480
0.231845 0.774641 0.212264
0.261627 0.774324 0.214048
0.291410 0.774007 0.215832
0.321193 0.773691 0.217617
0.350975 0.773374 0.219401
0.380758 0.773057 0.221185
0.410541 0.772740 0.222969
0.440323 0.772423 0.224753
0.470106 0.772107 0.226537
0.499889 0.771790 0.228322
0.529671 0.771473 0.230106
0.559454 0.771156 0.231890
0.589237 0.770839 0.233674
0.619019 0.770523 0.235458
0.648802 0.770206 0.237243
0.678584 0.769889 0.239027
0.708367 0.769572 0.240811
0.738150 0.769255 0.242595
0.767932 0.768938 0.244379
0.797715 0.768622 0.246163
0.827498 0.768305 0.247948
0.857280 0.767988 0.249732
0.887063 0.767671 0.251516
0.916846 0.767354 0.253300
0.946628 0.767038 0.255084
0.976411 0.766721 0.256868
1.000000 0.766404 0.258653
1.000000 0.766087 0.260437
0.077995 0.806409 0.209345
0.107778 0.806093 0.211129
0.137561 0.805776 0.212914
0.167343 0.805459 0.214698
0.197126 0.805142 0.216482
0.226909 0.804825 0.218266
0.256691 0.804509 0.220050
0.286474 0.804192 0.221835
0.316256 0.803875 0.223619
0.346039 0.803558 0.225403
0.375822 0.803241 0.227187
0.405604 0.802924 0.228971
0.435387 0.802608 0.230755
0.465170 0.802291 0.232540
0.494952 0.801974 0.234324
0.524735 0.801657 0.236108
0.554518 0.801340 0.237892
0.584300 0.801024 0.239676
0.614083 0.800707 0.241460
0.643866 0.800390 0.243245
0.673648 0.800073 0.245029
0.703431 0.799756 0.246813
0.733213 0.799439 0.248597
0.762996 0.799123 0.250381
0.792779 0.798806 0.252165
0.822561 0.798489 0.253950
0.852344 0.798172 0.255734
0.882127 0.797855 0.257518
0.911909 0.797539 0.259302
0.941692 0.797222 0.261086
0.971475 0.796905 0.262870
1.000000 0.796588 0.264655
1.000000 0.796271 0.266439
0.073059 0.836594 0.215347
0.102842 0.836277 0.217132
0.132624 0.835960 0.218916
0.162407 0.835643 0.220700
0.192190 0.835326 0.222484
0.221972 0.835010 0.224268
0.251755 0.834693 0.226052
0.281538 0.834376 0.227837
0.311320 0.834059 0.229621
0.341103 0.833742 0.231405
0.370885 0.833425 0.233189
0.400668 0.833109 0.234973
0.430451 0.832792 0.236757
0.460233 0.832475 0.238542
0.490016 0.832158 0.240326
0.519799 0.831841 0.242110
0.549581 0.831525 0.243894
0.579364 0.831208 0.245678
0.609147 0.830891 0.247462
0.638929 0.830574 0.249247
0.668712 0.830257 0.251031
0.698495 0.829940 0.252815
0.728277 0.829624 0.254599
0.758060 0.829307 0.256383
0.787842 0.828990 0.258168
0.817625 0.828673 0.259952
0.847408 0.828356 0.261736
0.877190 0.828040 0.263520
0.906973 0.827723 0.265304
0.936756 0.827406 0.267088
0.966538 0.827089 0.268873
0.996321 0.826772 0.270657
1.000000 0.826456 0.272441
0.068123 0.866778 0.221349
0.097905 0.866461 0.223134
0.127688 0.866144 0.224918
0.157471 0.865827 0.226702
0.187253 0.865511 0.228486
0.217036 0.865194 0.230270
0.246819 0.864877 0.232054
0.276601 0.864560 0.233839
0.306384 0.864243 0.235623
0.336167 0.863926 0.237407
0.365949 0.863610 0.239191
0.395732 0.863293 0.240975
0.425514 0.862976 0.242760
0.455297 0.862659 0.244544
0.485080 0.862342 0.246328
0.514862 0.862026 0.248112
0.544645 0.861709 0.249896
0.574428 0.861392 0.251680
0.604210 0.861075 0.253465
0.633993 0.860758 0.255249
0.663776 0.860442 0.257033
0.693558 0.860125 0.258817
0.723341 0.859808 0.260601
0.753124 0.859491 0.262385
0.782906 0.859174 0.264170
0.812689 0.858857 0.265954
0.842471 0.858541 0.267738
0.872254 0.858224 0.269522
0.902037 0.857907 0.271306
0.931819 0.857590 0.273090
0.961602 0.857273 0.274875
0.991385 0.856957 0.276659
1.000000 0.856640 0.278443
0.063186 0.896962 0.227352
0.092969 0.896645 0.229136
0.122752 0.896328 0.230920
0.152534 0.896012 0.232704
0.182317 0.895695 0.234488
0.212100 0.895378 0.236272
0.241882 0.895061 0.238057
0.271665 0.894744 0.239841
0.301448 0.894428 0.241625
0.331230 0.894111 0.243409
0.361013 0.893794 0.245193
0.390796 0.893477 0.246977
0.420578 0.893160 0.248762
0.450361 0.892843 0.250546
0.480143 0.892527 0.252330
0.509926 0.892210 0.254114
0.539709 0.891893 0.255898
0.569491 0.891576 0.257682
0.599274 0.891259 0.259467
0.629057 0.890943 0.261251
0.658839 0.890626 0.263035
0.688622 0.890309 0.264819
0.718405 0.889992 0.266603
0.748187 0.889675 0.268387
0.777970 0.889358 0.270172
0.807753 0.889042 0.271956
0.837535 0.888725 0.273740
0.867318 0.888408 0.275524
0.897100 0.888091 0.277308
0.926883 0.887774 0.279093
0.956666 0.887458 0.280877
0.986448 0.887141 0.282661
1.000000 0.886824 0.284445
0.058250 0.927146 0.233354
0.088033 0.926829 0.235138
0.117815 0.926513 0.236922
0.147598 0.926196 0.238706
0.177381 0.925879 0.240490
0.207163 0.925562 0.242274
0.236946 0.925245 0.244059
0.266729 0.924929 0.245843
0.296511 0.924612 0.247627
0.326294 0.924295 0.249411
0.356077 0.923978 0.251195
0.385859 0.923661 0.252979
0.415642 0.923344 0.254764
0.445425 0.923028 0.256548
0.475207 0.922711 0.258332
0.504990 0.922394 0.260116
0.534772 0.922077 0.261900
0.564555 0.921760 0.263685
0.594338 0.921444 0.265469
0.624120 0.921127 0.267253
0.653903 0.920810 0.269037
0.683686 0.920493 0.270821
0.713468 0.920176 0.272605
0.743251 0.919859 0.274390
0.773034 0.919543 0.276174
0.802816 0.919226 0.277958
0.832599 0.918909 0.279742
0.862382 0.918592 0.281526
0.892164 0.918275 0.283310
0.921947 0.917959 0.285095
0.951729 0.917642 0.286879
0.981512 0.917325 0.288663
1.000000 0.917008 0.290447
0.053314 0.957330 0.239356
0.083097 0.957014 0.241140
0.112879 0.956697 0.242924
0.142662 0.956380 0.244708
0.172444 0.956063 0.246492
0.202227 0.955746 0.248277
0.232010 0.955430 0.250061
0.261792 0.955113 0.251845
0.291575 0.954796 0.253629
0.321358 0.954479 0.255413
0.351140 0.954162 0.257197
0.380923 0.953845 0.258982
0.410706 0.953529 0.260766
0.440488 0.953212 0.262550
0.470271 0.952895 0.264334
0.500054 0.952578 0.266118
0.529836 0.952261 0.267902
0.559619 0.951945 0.269687
0.589401 0.951628 0.271471
0.619184 0.951311 0.273255
0.648967 0.950994 0.275039
0.678749 0.950677 0.276823
0.708532 0.950361 0.278607
0.738315 0.950044 0.280392
0.768097 0.949727 0.282176
0.797880 0.949410 0.283960
0.827663 0.949093 0.285744
0.857445 0.948776 0.287528
0.887228 0.948460 0.289312
0.917011 0.948143 0.291097
0.946793 0.947826 0.292881
0.976576 0.947509 0.294665
1.000000 0.947192 0.296449
0.048378 0.987515 0.245358
0.078160 0.987198 0.247142
0.107943 0.986881 0.248926
0.137726 0.986564 0.250710
0.167508 0.986247 0.252494
0.197291 0.985931 0.254279
0.227073 0.985614 0.256063
0.256856 0.985297 0.257847
0.286639 0.984980 0.259631
0.316421 0.984663 0.261415
0.346204 0.984347 0.263199
0.375987 0.984030 0.264984
0.405769 0.983713 0.266768
0.435552 0.983396 0.268552
0.465335 0.983079 0.270336
0.495117 0.982762 0.272120
0.524900 0.982446 0.273904
0.554683 0.982129 0.275689
0.584465 0.981812 0.277473
0.614248 0.981495 0.279257
0.644030 0.981178 0.281041
0.673813 0.980862 0.282825
0.703596 0.980545 0.284610
0.733378 0.980228 0.286394
0.763161 0.979911 0.288178
0.792944 0.979594 0.289962
0.822726 0.979277 0.291746
0.852509 0.978961 0.293530
0.882292 0.978644 0.295315
0.912074 0.978327 0.297099
0.941857 0.978010 0.298883
0.971640 0.977693 0.300667
1.000000 0.977377 0.302451
0.020108 0.001142 0.291251
0.052475 0.001108 0.290167
0.084842 0.001075 0.289083
0.117209 0.001042 0.287999
0.149577 0.001008 0.286915
0.181944 0.000975 0.285831
0.214311 0.000942 0.284748
0.246678 0.000908 0.283664
0.279045 0.000875 0.282580
0.311412 0.000842 0.281496
0.343780 0.000808 0.280412
0.376147 0.000775 0.279328
0.408514 0.000741 0.278244
0.440881 0.000708 0.277161
0.473248 0.000675 0.276077
0.505616 0.000641 0.274993
0.537983 0.000608 0.273909
0.570350 0.000575 0.272825
0.602717 0.000541 0.271741
0.635084 0.000508 0.270658
0.667452 0.000475 0.269574
0.699819 0.000441 0.268490
0.732186 0.000408 0.267406
0.764553 0.000375 0.266322
0.796920 0.000341 0.265238
0.829288 0.000308 0.264155
0.861655 0.000275 0.263071
0.894022 0.000241 0.261987
0.926389 0.000208 0.260903
0.958756 0.000175 0.259819
0.991124 0.000141 0.258735
1.000000 0.000108 0.257651
1.000000 0.000074 0.256568
0.023866 0.032279 0.287604
0.056233 0.032246 0.286521
0.088600 0.032213 0.285437
0.120968 0.032179 0.284353
0.153335 0.032146 0.283269
0.185702 0.032113 0.282185
0.218069 0.032079 0.281101
0.250436 0.032046 0.280018
0.282804 0.032013 0.278934
0.315171 0.031979 0.277850
0.347538 0.031946 0.276766
0.379905 0.031913 0.275682
0.412272 0.031879 0.274598
0.444640 0.031846 0.273515
0.477007 0.031813 0.272431
0.509374 0.031779 0.271347
0.541741 0.031746 0.270263
0.574108 0.031713 0.269179
0.606476 0.031679 0.268095
0.638843 0.031646 0.267011
0.671210 0.031612 0.265928
0.703577 0.031579 0.264844
0.735944 0.031546 0.263760
0.768311 0.031512 0.262676
0.800679 0.031479 0.261592
0.833046 0.031446 0.260508
0.865413 0.031412 0.259425
0.897780 0.031379 0.258341
0.930147 0.031346 0.257257
0.962515 0.031312 0.256173
0.994882 0.031279 0.255089
1.000000 0.031246 0.254005
1.000000 0.031212 0.252921
0.027624 0.063417 0.283958
0.059992 0.063384 0.282875
0.092359 0.063351 0.281791
0.124726 0.063317 0.280707
0.157093 0.063284 0.279623
0.189460 0.063251 0.278539
0.221828 0.063217 0.277455
0.254195 0.063184 0.276371
0.286562 0.063150 0.275288
0.318929 0.063117 0.274204
0.351296 0.063084 0.273120
0.383663 0.063050 0.272036
0.416031 0.063017 0.270952
0.448398 0.062984 0.269868
0.480765 0.062950 0.268785
0.513132 0.062917 0.267701
0.545499 0.062884 0.266617
0.577867 0.062850 0.265533
0.610234 0.062817 0.264449
0.642601 0.062784 0.263365
0.674968 0.062750 0.262281
0.707335 0.062717 0.261198
0.739703 0.062684 0.260114
0.772070 0.062650 0.259030
0.804437 0.062617 0.257946
0.836804 0.062584 0.256862
0.869171 0.062550 0.255778
0.901539 0.062517 0.254695
0.933906 0.062483 0.253611
0.966273 0.062450 0.252527
0.998640 0.062417 0.251443
1.000000 0.062383 0.250359
1.000000 0.062350 0.249275
0.031383 0.094555 0.280312
0.063750 0.094522 0.279228
0.096117 0.094488 0.278145
0.128484 0.094455 0.277061
0.160851 0.094422 0.275977
0.193219 0.094388 0.274893
0.225586 0.094355 0.273809
0.257953 0.094322 0.272725
0.290320 0.094288 0.271641
0.322687 0.094255 0.270558
0.355055 0.094222 0.269474
0.387422 0.094188 0.268390
0.419789 0.094155 0.267306
0.452156 0.094122 0.266222
0.484523 0.094088 0.265138
0.516891 0.094055 0.264055
0.549258 0.094021 0.262971
0.581625 0.093988 0.261887
0.613992 0.093955 0.260803
0.646359 0.093921 0.259719
0.678727 0.093888 0.258635
0.711094 0.093855 0.257552
0.743461 0.093821 0.256468
0.775828 0.093788 0.255384
0.808195 0.093755 0.254300
0.840562 0.093721 0.253216
0.872930 0.093688 0.252132
0.905297 0.093655 0.251048
0.937664 0.093621 0.249965
0.970031 0.093588 0.248881
1.000000 0.093555 0.247797
1.000000 0.093521 0.246713
1.000000 0.093488 0.245629
0.035141 0.125693 0.276666
0.067508 0.125660 0.275582
0.099875 0.125626 0.274498
0.132243 0.125593 0.273415
0.164610 0.125559 0.272331
0.196977 0.125526 0.271247
0.229344 0.125493 0.270163
0.261711 0.125459 0.269079
0.294079 0.125426 0.267995
0.326446 0.125393 0.266912
0.358813 0.125359 0.265828
0.391180 0.125326 0.264744
0.423547 0.125293 0.263660
0.455914 0.125259 0.262576
0.488282 0.125226 0.261492
0.520649 0.125193 0.260408
0.553016 0.125159 0.259325
0.585383 0.125126 0.258241
0.617750 0.125093 0.257157
0.650118 0.125059 0.256073
0.682485 0.125026 0.254989
0.714852 0.124993 0.253905
0.747219 0.124959 0.252822
0.779586 0.124926 0.251738
0.811954 0.124893 0.250654
0.844321 0.124859 0.249570
0.876688 0.124826 0.248486
0.909055 0.124792 0.247402
0.941422 0.124759 0.246319
0.973790 0.124726 0.245235
1.000000 0.124692 0.244151
1.000000 0.124659 0.243067
1.000000 0.124626 0.241983
0.038899 0.156831 0.273020
0.071266 0.156797 0.271936
0.103634 0.156764 0.270852
0.136001 0.156731 0.269768
0.168368 0.156697 0.268685
0.200735 0.156664 0.267601
0.233102 0.156631 0.266517
0.265470 0.156597 0.265433
0.297837 0.156564 0.264349
0.330204 0.156531 0.263265
0.362571 0.156497 0.262182
0.394938 0.156464 0.261098
0.427306 0.156431 0.260014
0.459673 0.156397 0.258930
0.492040 0.156364 0.257846
0.524407 0.156330 0.256762
0.556774 0.156297 0.255679
0.589142 0.156264 0.254595
0.621509 0.156230 0.253511
0.653876 0.156197 0.252427
0.686243 0.156164 0.251343
0.718610 0.156130 0.250259
0.750978 0.156097 0.249175
0.783345 0.156064 0.248092
0.815712 0.156030 0.247008
0.848079 0.155997 0.245924
0.880446 0.155964 0.244840
0.912813 0.155930 0.243756
0.945181 0.155897 0.242672
0.977548 0.155864 0.241589
1.000000 0.155830 0.240505
1.000000 0.155797 0.239421
1.000000 0.155764 0.238337
0.042658 0.187969 0.269374
0.075025 0.187935 0.268290
0.107392 0.187902 0.267206
0.139759 0.187868 0.266122
0.172126 0.187835 0.265039
0.204494 0.187802 0.263955
0.236861 0.187768 0.262871
0.269228 0.187735 0.261787
0.301595 0.187702 0.260703
0.333962 0.187668 0.259619
0.366330 0.187635 0.258535
0.398697 0.187602 0.257452
0.431064 0.187568 0.256368
0.463431 0.187535 0.255284
0.495798 0.187502 0.254200
0.528165 0.187468 0.253116
0.560533 0.187435 0.252032
0.592900 0.187402 0.250949
0.625267 0.187368 0.249865
0.657634 0.187335 0.248781
0.690001 0.187302 0.247697
0.722369 0.187268 0.246613
0.754736 0.187235 0.245529
0.787103 0.187201 0.244445
0.819470 0.187168 0.243362
0.851837 0.187135 0.242278
0.884205 0.187101 0.241194
0.916572 0.187068 0.240110
0.948939 0.187035 0.239026
0.981306 0.187001 0.237942
1.000000 0.186968 0.236859
1.000000 0.186935 0.235775
1.000000 0.186901 0.234691
0.046416 0.219106 0.265728
0.078783 0.219073 0.264644
0.111150 0.219040 0.263560
0.143517 0.219006 0.262476
0.175885 0.218973 0.261392
0.208252 0.218940 0.260309
0.240619 0.218906 0.259225
0.272986 0.218873 0.258141
0.305353 0.218840 0.257057
0.337721 0.218806 0.255973
0.370088 0.218773 0.254889
0.402455 0.218739 0.253805
0.434822 0.218706 0.252722
0.467189 0.218673 0.251638
0.499557 0.218639 0.250554
0.531924 0.218606 0.249470
0.564291 0.218573 0.248386
0.596658 0.218539 0.247302
0.629025 0.218506 0.246219
0.661393 0.218473 0.245135
0.693760 0.218439 0.244051
0.726127 0.218406 0.242967
0.758494 0.218373 0.241883
0.790861 0.218339 0.240799
0.823229 0.218306 0.239716
0.855596 0.218273 0.238632
0.887963 0.218239 0.237548
0.920330 0.218206 0.236464
0.952697 0.218173 0.235380
0.985064 0.218139 0.234296
1.000000 0.218106 0.233212
1.000000 0.218073 0.232129
1.000000 0.218039 0.231045
0.050174 0.250244 0.262082
0.082541 0.250211 0.260998
0.114909 0.250177 0.259914
0.147276 0.250144 0.258830
0.179643 0.250111 0.257746
0.212010 0.250077 0.256662
0.244377 0.250044 0.255579
0.276745 0.250011 0.254495
0.309112 0.249977 0.253411
0.341479 0.249944 0.252327
0.373846 0.249911 0.251243
0.406213 0.249877 0.250159
0.438581 0.249844 0.249076
0.470948 0.249811 0.247992
0.503315 0.249777 0.246908
0.535682 0.249744 0.245824
0.568049 0.249711 0.244740
0.600416 0.249677 0.243656
0.632784 0.249644 0.242572
0.665151 0.249611 0.241489
0.697518 0.249577 0.240405
0.729885 0.249544 0.239321
0.762252 0.249510 0.238237
0.794620 0.249477 0.237153
0.826987 0.249444 0.236069
0.859354 0.249410 0.234986
0.891721 0.249377 0.233902
0.924088 0.249344 0.232818
0.956456 0.249310 0.231734
0.988823 0.249277 0.230650
1.000000 0.249244 0.229566
1.000000 0.249210 0.228483
1.000000 0.249177 0.227399
0.053933 0.281382 0.258436
0.086300 0.281349 0.257352
0.118667 0.281315 0.256268
0.151034 0.281282 0.255184
0.183401 0.281249 0.254100
0.215768 0.281215 0.253016
0.248136 0.281182 0.251932
0.280503 0.281149 0.250849
0.312870 0.281115 0.249765
0.345237 0.281082 0.248681
0.377604 0.281048 0.247597
0.409972 0.281015 0.246513
0.442339 0.280982 0.245429
0.474706 0.280948 0.244346
0.507073 0.280915 0.243262
0.539440 0.280882 0.242178
0.571808 0.280848 0.241094
0.604175 0.280815 0.240010
0.636542 0.280782 0.238926
0.668909 0.280748 0.237843
0.701276 0.280715 0.236759
0.733644 0.280682 0.235675
0.766011 0.280648 0.234591
0.798378 0.280615 0.233507
0.830745 0.280582 0.232423
0.863112 0.280548 0.231339
0.895480 0.280515 0.230256
0.927847 0.280482 0.229172
0.960214 0.280448 0.228088
0.992581 0.280415 0.227004
1.000000 0.280381 0.225920
1.000000 0.280348 0.224836
1.000000 0.280315 0.223753
0.057691 0.312520 0.254789
0.090058 0.312486 0.253706
0.122425 0.312453 0.252622
0.154792 0.312420 0.251538
0.187160 0.312386 0.250454
0.219527 0.312353 0.249370
0.251894 0.312320 0.248286
0.284261 0.312286 0.247203
0.316628 0.312253 0.246119
0.348996 0.312220 0.245035
0.381363 0.312186 0.243951
0.413730 0.312153 0.242867
0.446097 0.312120 0.241783
0.478464 0.312086 0.240699
0.510832 0.312053 0.239616
0.543199 0.312020 0.238532
0.575566 0.311986 0.237448
0.607933 0.311953 0.236364
0.640300 0.311919 0.235280
0.672667 0.311886 0.234196
0.705035 0.311853 0.233113
0.737402 0.311819 0.232029
0.769769 0.311786 0.230945
0.802136 0.311753 0.229861
0.834503 0.311719 0.228777
0.866871 0.311686 0.227693
0.899238 0.311653 0.226609
0.931605 0.311619 0.225526
0.963972 0.311586 0.224442
0.996339 0.311553 0.223358
1.000000 0.311519 0.222274
1.000000 0.311486 0.221190
1.000000 0.311453 0.220106
0.061449 0.343658 0.251143
0.093816 0.343624 0.250059
0.126184 0.343591 0.248976
0.158551 0.343558 0.247892
0.190918 0.343524 0.246808
0.223285 0.343491 0.245724
0.255652 0.343457 0.244640
0.288019 0.343424 0.243556
0.320387 0.343391 0.242473
0.352754 0.343357 0.241389
0.385121 0.343324 0.240305
0.417488 0.343291 0.239221
0.449855 0.343257 0.238137
0.482223 0.343224 0.237053
0.514590 0.343191 0.235969
0.546957 0.343157 0.234886
0.579324 0.343124 0.233802
0.611691 0.343091 0.232718
0.644059 0.343057 0.231634
0.676426 0.343024 0.230550
0.708793 0.342991 0.229466
0.741160 0.342957 0.228383
0.773527 0.342924 0.227299
0.805895 0.342891 0.226215
0.838262 0.342857 0.225131
0.870629 0.342824 0.224047
0.902996 0.342791 0.222963
0.935363 0.342757 0.221880
0.967731 0.342724 0.220796
1.000000 0.342690 0.219712
1.000000 0.342657 0.218628
1.000000 0.342624 0.217544
1.000000 0.342590 0.216460
0.065207 0.374795 0.247497
0.097575 0.374762 0.246413
0.129942 0.374729 0.245329
0.162309 0.374695 0.244246
0.194676 0.374662 0.243162
0.227043 0.374629 0.242078
0.259411 0.374595 0.240994
0.291778 0.374562 0.239910
0.324145 0.374529 0.238826
0.356512 0.374495 0.237743
0.388879 0.374462 0.236659
0.421247 0.374429 0.235575
0.453614 0.374395 0.234491
0.485981 0.374362 0.233407
0.518348 0.374329 0.232323
0.550715 0.374295 0.231240
0.583083 0.374262 0.230156
0.615450 0.374228 0.229072
0.647817 0.374195 0.227988
0.680184 0.374162 0.226904
0.712551 0.374128 0.225820
0.744918 0.374095 0.224736
0.777286 0.374062 0.223653
0.809653 0.374028 0.222569
0.842020 0.373995 0.221485
0.874387 0.373962 0.220401
0.906754 0.373928 0.219317
0.939122 0.373895 0.218233
0.971489 0.373862 0.217150
1.000000 0.373828 0.216066
1.000000 0.373795 0.214982
1.000000 0.373762 0.213898
1.000000 0.373585 0.214266
0.068966 0.405933 0.243851
0.101333 0.405900 0.242767
0.133700 0.405867 0.241683
0.166067 0.405833 0.240600
0.198435 0.405800 0.239516
0.230802 0.405766 0.238432
0.263169 0.405733 0.237348
0.295536 0.405700 0.236264
0.327903 0.405666 0.235180
0.360270 0.405633 0.234096
0.392638 0.405600 0.233013
0.425005 0.405566 0.231929
0.457372 0.405533 0.230845
0.489739 0.405500 0.229761
0.522106 0.405466 0.228677
0.554474 0.405433 0.227593
0.586841 0.405400 0.226510
0.619208 0.405366 0.225426
0.651575 0.405333 0.224342
0.683942 0.405300 0.223258
0.716310 0.405266 0.222174
0.748677 0.405233 0.221090
0.781044 0.405200 0.220007
0.813411 0.405166 0.218923
0.845778 0.405133 0.217839
0.878146 0.405099 0.216755
0.910513 0.405066 0.215671
0.942880 0.405033 0.214587
0.975247 0.404999 0.213503
1.000000 0.404719 0.214915
1.000000 0.404403 0.216699
1.000000 0.404086 0.218484
1.000000 0.403769 0.220268
0.072724 0.437071 0.240205
0.105091 0.437038 0.239121
0.137458 0.437004 0.238037
0.169826 0.436971 0.236953
0.202193 0.436938 0.235870
0.234560 0.436904 0.234786
0.266927 0.436871 0.233702
0.299294 0.436838 0.232618
0.331662 0.436804 0.231534
0.364029 0.436771 0.230450
0.396396 0.436738 0.229367
0.428763 0.436704 0.228283
0.461130 0.436671 0.227199
0.493498 0.436637 0.226115
0.525865 0.436604 0.225031
0.558232 0.436571 0.223947
0.590599 0.436537 0.222863
0.622966 0.436504 0.221780
0.655334 0.436471 0.220696
0.687701 0.436437 0.219612
0.720068 0.436404 0.218528
0.752435 0.436371 0.217444
0.784802 0.436337 0.216360
0.817169 0.436304 0.215277
0.849537 0.436271 0.214193
0.881298 0.436171 0.213781
0.911081 0.435854 0.215565
0.940864 0.435537 0.217349
0.970646 0.435220 0.219133
1.000000 0.434904 0.220917
1.000000 0.434587 0.222702
1.000000 0.434270 0.224486
1.000000 0.433953 0.226270
0.076482 0.468209 0.236559
0.108850 0.468175 0.235475
0.141217 0.468142 0.234391
0.173584 0.468109 0.233307
0.205951 0.468075 0.232223
0.238318 0.468042 0.231140
0.270686 0.468009 0.230056
0.303053 0.467975 0.228972
0.335420 0.467942 0.227888
0.367787 0.467909 0.226804
0.400154 0.467875 0.225720
0.432521 0.467842 0.224637
0.464889 0.467809 0.223553
0.497256 0.467775 0.222469
0.529623 0.467742 0.221385
0.561990 0.467709 0.220301
0.594357 0.467675 0.219217
0.626725 0.467642 0.218133
0.659092 0.467609 0.217050
0.691459 0.467575 0.215966
0.723826 0.467542 0.214882
0.756193 0.467508 0.213798
0.787014 0.467306 0.214430
0.816797 0.466989 0.216214
0.846580 0.466672 0.217999
0.876362 0.466355 0.219783
0.906145 0.466038 0.221567
0.935927 0.465721 0.223351
0.965710 0.465405 0.225135
0.995493 0.465088 0.226919
1.000000 0.464771 0.228704
1.000000 0.464454 0.230488
1.000000 0.464137 0.232272
0.080241 0.499347 0.232913
0.112608 0.499313 0.231829
0.144975 0.499280 0.230745
0.177342 0.499247 0.229661
0.209709 0.499213 0.228577
0.242077 0.499180 0.227493
0.274444 0.499147 0.226410
0.306811 0.499113 0.225326
0.339178 0.499080 0.224242
0.371545 0.499046 0.223158
0.403913 0.499013 0.222074
0.436280 0.498980 0.220990
0.468647 0.498946 0.219907
0.501014 0.498913 0.218823
0.533381 0.498880 0.217739
0.565749 0.498846 0.216655
0.598116 0.498813 0.215571
0.630483 0.498780 0.214487
0.662850 0.498746 0.213404
0.692730 0.498440 0.215080
0.722513 0.498123 0.216864
0.752295 0.497807 0.218648
0.782078 0.497490 0.220432
0.811861 0.497173 0.222216
0.841643 0.496856 0.224001
0.871426 0.496539 0.225785
0.901209 0.496222 0.227569
0.930991 0.495906 0.229353
0.960774 0.495589 0.231137
0.990556 0.495272 0.232922
1.000000 0.494955 0.234706
1.000000 0.494638 0.236490
1.000000 0.494322 0.238274
0.083999 0.530484 0.229267
0.116366 0.530451 0.228183
0.148733 0.530418 0.227099
0.181101 0.530384 0.226015
0.213468 0.530351 0.224931
0.245835 0.530318 0.223847
0.278202 0.530284 0.222764
0.310569 0.530251 0.221680
0.342937 0.530218 0.220596
0.375304 0.530184 0.219512
0.407671 0.530151 0.218428
0.440038 0.530118 0.217344
0.472405 0.530084 0.216260
0.504772 0.530051 0.215177
0.537140 0.530018 0.214093
0.568663 0.529892 0.213945
0.598446 0.529575 0.215729
0.628228 0.529258 0.217514
0.658011 0.528941 0.219298
0.687794 0.528624 0.221082
0.717576 0.528308 0.222866
0.747359 0.527991 0.224650
0.777142 0.527674 0.226434
0.806924 0.527357 0.228219
0.836707 0.527040 0.230003
0.866490 0.526724 0.231787
0.896272 0.526407 0.233571
0.926055 0.526090 0.235355
0.955838 0.525773 0.237139
0.985620 0.525456 0.238924
1.000000 0.525139 0.240708
1.000000 0.524823 0.242492
1.000000 0.524506 0.244276
0.087757 0.561622 0.225620
0.120124 0.561589 0.224537
0.152492 0.561556 0.223453
0.184859 0.561522 0.222369
0.217226 0.561489 0.221285
0.249593 0.561456 0.220201
0.281960 0.561422 0.219117
0.314328 0.561389 0.218034
0.346695 0.561355 0.216950
0.379062 0.561322 0.215866
0.411429 0.561289 0.214782
0.443796 0.561255 0.213698
0.474379 0.561026 0.214595
0.504162 0.560710 0.216379
0.533944 0.560393 0.218163
0.563727 0.560076 0.219947
0.593510 0.559759 0.221731
0.623292 0.559442 0.223516
0.653075 0.559125 0.225300
0.682857 0.558809 0.227084
0.712640 0.558492 0.228868
0.742423 0.558175 0.230652
0.772205 0.557858 0.232436
0.801988 0.557541 0.234221
0.831771 0.557225 0.236005
0.861553 0.556908 0.237789
0.891336 0.556591 0.239573
0.921119 0.556274 0.241357
0.950901 0.555957 0.243141
0.980684 0.555640 0.244926
1.000000 0.555324 0.246710
1.000000 0.555007 0.248494
1.000000 0.554690 0.250278
0.091516 0.592760 0.221974
0.123883 0.592727 0.220891
0.156250 0.592693 0.219807
0.188617 0.592660 0.218723
0.220984 0.592627 0.217639
0.253352 0.592593 0.216555
0.285719 0.592560 0.215471
0.318086 0.592527 0.214387
0.350312 0.592478 0.213460
0.380095 0.592161 0.215244
0.409877 0.591844 0.217028
0.439660 0.591527 0.218813
0.469443 0.591211 0.220597
0.499225 0.590894 0.222381
0.529008 0.590577 0.224165
0.558791 0.590260 0.225949
0.588573 0.589943 0.227733
0.618356 0.589626 0.229518
0.648139 0.589310 0.231302
0.677921 0.588993 0.233086
0.707704 0.588676 0.234870
0.737486 0.588359 0.236654
0.767269 0.588042 0.238439
0.797052 0.587726 0.240223
0.826834 0.587409 0.242007
0.856617 0.587092 0.243791
0.886400 0.586775 0.245575
0.916182 0.586458 0.247359
0.945965 0.586141 0.249144
0.975748 0.585825 0.250928
1.000000 0.585508 0.252712
1.000000 0.585191 0.254496
1.000000 0.584874 0.256280
0.095274 0.623898 0.218328
0.127641 0.623865 0.217244
0.160008 0.623831 0.216161
0.192375 0.623798 0.215077
0.224743 0.623764 0.213993
0.256028 0.623612 0.214110
0.285811 0.623296 0.215894
0.315593 0.622979 0.217678
0.345376 0.622662 0.219462
0.375158 0.622345 0.221246
0.404941 0.622028 0.223031
0.434724 0.621712 0.224815
0.464506 0.621395 0.226599
0.494289 0.621078 0.228383
0.524072 0.620761 0.230167
0.553854 0.620444 0.231951
0.583637 0.620127 0.233736
0.613420 0.619811 0.235520
0.643202 0.619494 0.237304
0.672985 0.619177 0.239088
0.702768 0.618860 0.240872
0.732550 0.618543 0.242656
0.762333 0.618227 0.244441
0.792115 0.617910 0.246225
0.821898 0.617593 0.248009
0.851681 0.617276 0.249793
0.881463 0.616959 0.251577
0.911246 0.616643 0.253361
0.941029 0.616326 0.255146
0.970811 0.616009 0.256930
1.000000 0.615692 0.258714
1.000000 0.615375 0.260498
1.000000 0.615058 0.262282
0.099032 0.655036 0.214682
0.131399 0.655002 0.213598
0.161744 0.654747 0.214759
0.191526 0.654430 0.216543
0.221309 0.654113 0.218328
0.251092 0.653797 0.220112
0.280874 0.653480 0.221896
0.310657 0.653163 0.223680
0.340440 0.652846 0.225464
0.370222 0.652529 0.227248
0.400005 0.652213 0.229033
0.429787 0.651896 0.230817
0.459570 0.651579 0.232601
0.489353 0.651262 0.234385
0.519135 0.650945 0.236169
0.548918 0.650629 0.237953
0.578701 0.650312 0.239738
0.608483 0.649995 0.241522
0.638266 0.649678 0.243306
0.668049 0.649361 0.245090
0.697831 0.649044 0.246874
0.727614 0.648728 0.248658
0.757397 0.648411 0.250443
0.787179 0.648094 0.252227
0.816962 0.647777 0.254011
0.846744 0.647460 0.255795
0.876527 0.647144 0.257579
0.906310 0.646827 0.259364
0.936092 0.646510 0.261148
0.965875 0.646193 0.262932
0.995658 0.645876 0.264716
1.000000 0.645559 0.266500
1.000000 0.645243 0.268284
0.097242 0.685565 0.217193
0.127025 0.685248 0.218977
0.156807 0.684931 0.220761
0.186590 0.684615 0.222545
0.216373 0.684298 0.224330
0.246155 0.683981 0.226114
0.275938 0.683664 0.227898
0.305721 0.683347 0.229682
0.335503 0.683030 0.231466
0.365286 0.682714 0.233250
0.395069 0.682397 0.235035
0.424851 0.682080 0.236819
0.454634 0.681763 0.238603
0.484416 0.681446 0.240387
0.514199 0.681130 0.242171
0.543982 0.680813 0.243956
0.573764 0.680496 0.245740
0.603547 0.680179 0.247524
0.633330 0.679862 0.249308
0.663112 0.679545 0.251092
0.692895 0.679229 0.252876
0.722678 0.678912 0.254661
0.752460 0.678595 0.256445
0.782243 0.678278 0.258229
0.812026 0.677961 0.260013
0.841808 0.677645 0.261797
0.871591 0.677328 0.263581
0.901373 0.677011 0.265366
0.931156 0.676694 0.267150
0.960939 0.676377 0.268934
0.990721 0.676061 0.270718
1.000000 0.675744 0.272502
1.000000 0.675427 0.274286
0.092306 0.715749 0.223195
0.122088 0.715432 0.224979
0.151871 0.715116 0.226763
0.181654 0.714799 0.228548
0.211436 0.714482 0.230332
0.241219 0.714165 0.232116
0.271002 0.713848 0.233900
0.300784 0.713531 0.235684
0.330567 0.713215 0.237468
0.360350 0.712898 0.239253
0.390132 0.712581 0.241037
0.419915 0.712264 0.242821
0.449698 0.711947 0.244605
0.479480 0.711631 0.246389
0.509263 0.711314 0.248173
0.539045 0.710997 0.249958
0.568828 0.710680 0.251742
0.598611 0.710363 0.253526
0.628393 0.710047 0.255310
0.658176 0.709730 0.257094
0.687959 0.709413 0.258878
0.717741 0.709096 0.260663
0.747524 0.708779 0.262447
0.777307 0.708462 0.264231
0.807089 0.708146 0.266015
0.836872 0.707829 0.267799
0.866655 0.707512 0.269583
0.896437 0.707195 0.271368
0.926220 0.706878 0.273152
0.956002 0.706562 0.274936
0.985785 0.706245 0.276720
1.000000 0.705928 0.278504
1.000000 0.705611 0.280289
0.087370 0.745933 0.229197
0.117152 0.745617 0.230981
0.146935 0.745300 0.232765
0.176717 0.744983 0.234550
0.206500 0.744666 0.236334
0.236283 0.744349 0.238118
0.266065 0.744033 0.239902
0.295848 0.743716 0.241686
0.325631 0.743399 0.243470
0.355413 0.743082 0.245255
0.385196 0.742765 0.247039
0.414979 0.742448 0.248823
0.444761 0.742132 0.250607
0.474544 0.741815 0.252391
0.504327 0.741498 0.254175
0.534109 0.741181 0.255960
0.563892 0.740864 0.257744
0.593674 0.740548 0.259528
0.623457 0.740231 0.261312
0.653240 0.739914 0.263096
0.683022 0.739597 0.264881
0.712805 0.739280 0.266665
0.742588 0.738963 0.268449
0.772370 0.738647 0.270233
0.802153 0.738330 0.272017
0.831936 0.738013 0.273801
0.861718 0.737696 0.275586
0.891501 0.737379 0.277370
0.921284 0.737063 0.279154
0.951066 0.736746 0.280938
0.980849 0.736429 0.282722
1.000000 0.736112 0.284506
1.000000 0.735795 0.286291
0.082433 0.776118 0.235199
0.112216 0.775801 0.236983
0.141999 0.775484 0.238767
0.171781 0.775167 0.240552
0.201564 0.774850 0.242336
0.231346 0.774534 0.244120
0.261129 0.774217 0.245904
0.290912 0.773900 0.247688
0.320694 0.773583 0.249473
0.350477 0.773266 0.251257
0.380260 0.772949 0.253041
0.410042 0.772633 0.254825
0.439825 0.772316 0.256609
0.469608 0.771999 0.258393
0.499390 0.771682 0.260178
0.529173 0.771365 0.261962
0.558956 0.771049 0.263746
0.588738 0.770732 0.265530
0.618521 0.770415 0.267314
0.648303 0.770098 0.269098
0.678086 0.769781 0.270883
0.707869 0.769464 0.272667
0.737651 0.769148 0.274451
0.767434 0.768831 0.276235
0.797217 0.768514 0.278019
0.826999 0.768197 0.279803
0.856782 0.767880 0.281588
0.886565 0.767564 0.283372
0.916347 0.767247 0.285156
0.946130 0.766930 0.286940
0.975913 0.766613 0.288724
1.000000 0.766296 0.290508
1.000000 0.765980 0.292293
0.077497 0.806302 0.241201
0.107280 0.805985 0.242985
0.137062 0.805668 0.244770
0.166845 0.805351 0.246554
0.196628 0.805035 0.248338
0.226410 0.804718 0.250122
0.256193 0.804401 0.251906
0.285975 0.804084 0.253690
0.315758 0.803767 0.255475
0.345541 0.803450 0.257259
0.375323 0.803134 0.259043
0.405106 0.802817 0.260827
0.434889 0.802500 0.262611
0.464671 0.802183 0.264395
0.494454 0.801866 0.266180
0.524237 0.801550 0.267964
0.554019 0.801233 0.269748
0.583802 0.800916 0.271532
0.613585 0.800599 0.273316
0.643367 0.800282 0.275100
0.673150 0.799966 0.276885
0.702932 0.799649 0.278669
0.732715 0.799332 0.280453
0.762498 0.799015 0.282237
0.792280 0.798698 0.284021
0.822063 0.798381 0.285806
0.851846 0.798065 0.287590
0.881628 0.797748 0.289374
0.911411 0.797431 0.291158
0.941194 0.797114 0.292942
0.970976 0.796797 0.294726
1.000000 0.796481 0.296511
1.000000 0.796164 0.298295
0.072561 0.836486 0.247203
0.102343 0.836169 0.248987
0.132126 0.835852 0.250772
0.161909 0.835536 0.252556
0.191691 0.835219 0.254340
0.221474 0.834902 0.256124
0.251257 0.834585 0.257908
0.281039 0.834268 0.259692
0.310822 0.833952 0.261477
0.340604 0.833635 0.263261
0.370387 0.833318 0.265045
0.400170 0.833001 0.266829
0.429952 0.832684 0.268613
0.459735 0.832367 0.270398
0.489518 0.832051 0.272182
0.519300 0.831734 0.273966
0.549083 0.831417 0.275750
0.578866 0.831100 0.277534
0.608648 0.830783 0.279318
0.638431 0.830467 0.281103
0.668214 0.830150 0.282887
0.697996 0.829833 0.284671
0.727779 0.829516 0.286455
0.757561 0.829199 0.288239
0.787344 0.828882 0.290023
0.817127 0.828566 0.291808
0.846909 0.828249 0.293592
0.876692 0.827932 0.295376
0.906475 0.827615 0.297160
0.936257 0.827298 0.298944
0.966040 0.826982 0.300728
0.995823 0.826665 0.302513
1.000000 0.826348 0.304297
0.067624 0.866670 0.253205
0.097407 0.866353 0.254990
0.127190 0.866037 0.256774
0.156972 0.865720 0.258558
0.186755 0.865403 0.260342
0.216538 0.865086 0.262126
0.246320 0.864769 0.263910
0.276103 0.864453 0.265695
0.305886 0.864136 0.267479
0.335668 0.863819 0.269263
0.365451 0.863502 0.271047
0.395233 0.863185 0.272831
0.425016 0.862868 0.274615
0.454799 0.862552 0.276400
0.484581 0.862235 0.278184
0.514364 0.861918 0.279968
0.544147 0.861601 0.281752
0.573929 0.861284 0.283536
0.603712 0.860968 0.285320
0.633495 0.860651 0.287105
0.663277 0.860334 0.288889
0.693060 0.860017 0.290673
0.722843 0.859700 0.292457
0.752625 0.859383 0.294241
0.782408 0.859067 0.296025
0.812190 0.858750 0.297810
0.841973 0.858433 0.299594
0.871756 0.858116 0.301378
0.901538 0.857799 0.303162
0.931321 0.857483 0.304946
0.961104 0.857166 0.306731
0.990886 0.856849 0.308515
1.000000 0.856532 0.310299
0.062688 0.896854 0.259207
0.092471 0.896538 0.260992
0.122253 0.896221 0.262776
0.152036 0.895904 0.264560
0.181819 0.895587 0.266344
0.211601 0.895270 0.268128
0.241384 0.894954 0.269912
0.271167 0.894637 0.271697
0.300949 0.894320 0.273481
0.330732 0.894003 0.275265
0.360515 0.893686 0.277049
0.390297 0.893369 0.278833
0.420080 0.893053 0.280617
0.449862 0.892736 0.282402
0.479645 0.892419 0.284186
0.509428 0.892102 0.285970
0.539210 0.891785 0.287754
0.568993 0.891469 0.289538
0.598776 0.891152 0.291323
0.628558 0.890835 0.293107
0.658341 0.890518 0.294891
0.688124 0.890201 0.296675
0.717906 0.889885 0.298459
0.747689 0.889568 0.300243
0.777472 0.889251 0.302028
0.807254 0.888934 0.303812
0.837037 0.888617 0.305596
0.866819 0.888300 0.307380
0.896602 0.887984 0.309164
0.926385 0.887667 0.310948
0.956167 0.887350 0.312733
0.985950 0.887033 0.314517
1.000000 0.886716 0.316301
0.057752 0.927039 0.265209
0.087534 0.926722 0.266994
0.117317 0.926405 0.268778
0.147100 0.926088 0.270562
0.176882 0.925771 0.272346
0.206665 0.925455 0.274130
0.236448 0.925138 0.275915
0.266230 0.924821 0.277699
0.296013 0.924504 0.279483
0.325796 0.924187 0.281267
0.355578 0.923871 0.283051
0.385361 0.923554 0.284835
0.415144 0.923237 0.286620
0.444926 0.922920 0.288404
0.474709 0.922603 0.290188
0.504491 0.922286 0.291972
0.534274 0.921970 0.293756
0.564057 0.921653 0.295540
0.593839 0.921336 0.297325
0.623622 0.921019 0.299109
0.653405 0.920702 0.300893
0.683187 0.920386 0.302677
0.712970 0.920069 0.304461
0.742753 0.919752 0.306245
0.772535 0.919435 0.308030
0.802318 0.919118 0.309814
0.832101 0.918801 0.311598
0.861883 0.918485 0.313382
0.891666 0.918168 0.315166
0.921448 0.917851 0.316950
0.951231 0.917534 0.318735
0.981014 0.917217 0.320519
1.000000 0.916901 0.322303
0.052816 0.957223 0.271212
0.082598 0.956906 0.272996
0.112381 0.956589 0.274780
0.142163 0.956272 0.276564
0.171946 0.955956 0.278348
0.201729 0.955639 0.280132
0.231511 0.955322 0.281917
0.261294 0.955005 0.283701
0.291077 0.954688 0.285485
0.320859 0.954372 0.287269
0.350642 0.954055 0.289053
0.380425 0.953738 0.290837
0.410207 0.953421 0.292622
0.439990 0.953104 0.294406
0.469773 0.952787 0.296190
0.499555 0.952471 0.297974
0.529338 0.952154 0.299758
0.559120 0.951837 0.301542
0.588903 0.951520 0.303327
0.618686 0.951203 0.305111
0.648468 0.950887 0.306895
0.678251 0.950570 0.308679
0.708034 0.950253 0.310463
0.737816 0.949936 0.312248
0.767599 0.949619 0.314032
0.797382 0.949302 0.315816
0.827164 0.948986 0.317600
0.856947 0.948669 0.319384
0.886730 0.948352 0.321168
0.916512 0.948035 0.322953
0.946295 0.947718 0.324737
0.976077 0.947402 0.326521
1.000000 0.947085 0.328305
0.047879 0.987407 0.277214
0.077662 0.987090 0.278998
0.107445 0.986773 0.280782
0.137227 0.986457 0.282566
0.167010 0.986140 0.284350
0.196792 0.985823 0.286134
0.226575 0.985506 0.287919
0.256358 0.985189 0.289703
0.286140 0.984873 0.291487
0.315923 0.984556 0.293271
0.345706 0.984239 0.295055
0.375488 0.983922 0.296840
0.405271 0.983605 0.298624
0.435054 0.983288 0.300408
0.464836 0.982972 0.302192
0.494619 0.982655 0.303976
0.524402 0.982338 0.305760
0.554184 0.982021 0.307545
0.583967 0.981704 0.309329
0.613749 0.981388 0.311113
0.643532 0.981071 0.312897
0.673315 0.980754 0.314681
0.703097 0.980437 0.316465
0.732880 0.980120 0.318250
0.762663 0.979804 0.320034
0.792445 0.979487 0.321818
0.822228 0.979170 0.323602
0.852011 0.978853 0.325386
0.881793 0.978536 0.327170
0.911576 0.978219 0.328955
0.941359 0.977903 0.330739
0.971141 0.977586 0.332523
1.000000 0.977269 0.334307
0.020487 0.001130 0.322133
0.052854 0.001097 0.321049
0.085222 0.001064 0.319965
0.117589 0.001030 0.318881
0.149956 0.000997 0.317797
0.182323 0.000964 0.316713
0.214690 0.000930 0.315629
0.247058 0.000897 0.314546
0.279425 0.000864 0.313462
0.311792 0.000830 0.312378
0.344159 0.000797 0.311294
0.376526 0.000763 0.310210
0.408893 0.000730 0.309126
0.441261 0.000697 0.308043
0.473628 0.000663 0.306959
0.505995 0.000630 0.305875
0.538362 0.000597 0.304791
0.570729 0.000563 0.303707
0.603097 0.000530 0.302623
0.635464 0.000497 0.301539
0.667831 0.000463 0.300456
0.700198 0.000430 0.299372
0.732565 0.000397 0.298288
0.764933 0.000363 0.297204
0.797300 0.000330 0.296120
0.829667 0.000297 0.295036
0.862034 0.000263 0.293953
0.894401 0.000230 0.292869
0.926769 0.000197 0.291785
0.959136 0.000163 0.290701
0.991503 0.000130 0.289617
1.000000 0.000097 0.288533
1.000000 0.000063 0.287450
0.024245 0.032268 0.318486
0.056613 0.032235 0.317403
0.088980 0.032201 0.316319
0.121347 0.032168 0.315235
0.153714 0.032135 0.314151
0.186081 0.032101 0.313067
0.218449 0.032068 0.311983
0.250816 0.032035 0.310899
0.283183 0.032001 0.309816
0.315550 0.031968 0.308732
0.347917 0.031935 0.307648
0.380285 0.031901 0.306564
0.412652 0.031868 0.305480
0.445019 0.031835 0.304396
0.477386 0.031801 0.303313
0.509753 0.031768 0.302229
0.542121 0.031735 0.301145
0.574488 0.031701 0.300061
0.606855 0.031668 0.298977
0.639222 0.031635 0.297893
0.671589 0.031601 0.296810
0.703957 0.031568 0.295726
0.736324 0.031534 0.294642
0.768691 0.031501 0.293558
0.801058 0.031468 0.292474
0.833425 0.031434 0.291390
0.865792 0.031401 0.290306
0.898160 0.031368 0.289223
0.930527 0.031334 0.288139
0.962894 0.031301 0.287055
0.995261 0.031268 0.285971
1.000000 0.031234 0.284887
1.000000 0.031201 0.283803
0.028004 0.063406 0.314840
0.060371 0.063373 0.313756
0.092738 0.063339 0.312673
0.125105 0.063306 0.311589
0.157473 0.063273 0.310505
0.189840 0.063239 0.309421
0.222207 0.063206 0.308337
0.254574 0.063173 0.307253
0.286941 0.063139 0.306170
0.319309 0.063106 0.305086
0.351676 0.063072 0.304002
0.384043 0.063039 0.302918
0.416410 0.063006 0.301834
0.448777 0.062972 0.300750
0.481144 0.062939 0.299666
0.513512 0.062906 0.298583
0.545879 0.062872 0.297499
0.578246 0.062839 0.296415
0.610613 0.062806 0.295331
0.642980 0.062772 0.294247
0.675348 0.062739 0.293163
0.707715 0.062706 0.292080
0.740082 0.062672 0.290996
0.772449 0.062639 0.289912
0.804816 0.062606 0.288828
0.837184 0.062572 0.287744
0.869551 0.062539 0.286660
0.901918 0.062506 0.285577
0.934285 0.062472 0.284493
0.966652 0.062439 0.283409
0.999020 0.062405 0.282325
1.000000 0.062372 0.281241
1.000000 0.062339 0.280157
0.031762 0.094544 0.311194
0.064129 0.094510 0.310110
0.096496 0.094477 0.309026
0.128864 0.094444 0.307943
0.161231 0.094410 0.306859
0.193598 0.094377 0.305775
0.225965 0.094344 0.304691
0.258332 0.094310 0.303607
0.290700 0.094277 0.302523
0.323067 0.094244 0.301440
0.355434 0.094210 0.300356
0.387801 0.094177 0.299272
0.420168 0.094144 0.298188
0.452536 0.094110 0.297104
0.484903 0.094077 0.296020
0.517270 0.094044 0.294937
0.549637 0.094010 0.293853
0.582004 0.093977 0.292769
0.614372 0.093943 0.291685
0.646739 0.093910 0.290601
0.679106 0.093877 0.289517
0.711473 0.093843 0.288433
0.743840 0.093810 0.287350
0.776208 0.093777 0.286266
0.808575 0.093743 0.285182
0.840942 0.093710 0.284098
0.873309 0.093677 0.283014
0.905676 0.093643 0.281930
0.938043 0.093610 0.280847
0.970411 0.093577 0.279763
1.000000 0.093543 0.278679
1.000000 0.093510 0.277595
1.000000 0.093477 0.276511
0.035520 0.125682 0.307548
0.067888 0.125648 0.306464
0.100255 0.125615 0.305380
0.132622 0.125582 0.304297
0.164989 0.125548 0.303213
0.197356 0.125515 0.302129
0.229724 0.125481 0.301045
0.262091 0.125448 0.299961
0.294458 0.125415 0.298877
0.326825 0.125381 0.297793
0.359192 0.125348 0.296710
0.391560 0.125315 0.295626
0.423927 0.125281 0.294542
0.456294 0.125248 0.293458
0.488661 0.125215 0.292374
0.521028 0.125181 0.291290
0.553395 0.125148 0.290207
0.585763 0.125115 0.289123
0.618130 0.125081 0.288039
0.650497 0.125048 0.286955
0.682864 0.125015 0.285871
0.715231 0.124981 0.284787
0.747599 0.124948 0.283703
0.779966 0.124915 0.282620
0.812333 0.124881 0.281536
0.844700 0.124848 0.280452
0.877067 0.124814 0.279368
0.909435 0.124781 0.278284
0.941802 0.124748 0.277200
0.974169 0.124714 0.276117
1.000000 0.124681 0.275033
1.000000 0.124648 0.273949
1.000000 0.124614 0.272865
0.039279 0.156819 0.303902
0.071646 0.156786 0.302818
0.104013 0.156753 0.301734
0.136380 0.156719 0.300650
0.168747 0.156686 0.299567
0.201115 0.156653 0.298483
0.233482 0.156619 0.297399
0.265849 0.156586 0.296315
0.298216 0.156553 0.295231
0.330583 0.156519 0.294147
0.362951 0.156486 0.293063
0.395318 0.156453 0.291980
0.427685 0.156419 0.290896
0.460052 0.156386 0.289812
0.492419 0.156352 0.288728
0.524787 0.156319 0.287644
0.557154 0.156286 0.286560
0.589521 0.156252 0.285477
0.621888 0.156219 0.284393
0.654255 0.156186 0.283309
0.686623 0.156152 0.282225
0.718990 0.156119 0.281141
0.751357 0.156086 0.280057
0.783724 0.156052 0.278974
0.816091 0.156019 0.277890
0.848459 0.155986 0.276806
0.880826 0.155952 0.275722
0.913193 0.155919 0.274638
0.945560 0.155886 0.273554
0.977927 0.155852 0.272470
1.000000 0.155819 0.271387
1.000000 0.155786 0.270303
1.000000 0.155752 0.269219
0.043037 0.187957 0.300256
0.075404 0.187924 0.299172
0.107771 0.187890 0.298088
0.140139 0.187857 0.297004
0.172506 0.187824 0.295920
0.204873 0.187790 0.294837
0.237240 0.187757 0.293753
0.269607 0.187724 0.292669
0.301975 0.187690 0.291585
0.334342 0.187657 0.290501
0.366709 0.187624 0.289417
0.399076 0.187590 0.288334
0.431443 0.187557 0.287250
0.463811 0.187524 0.286166
0.496178 0.187490 0.285082
0.528545 0.187457 0.283998
0.560912 0.187424 0.282914
0.593279 0.187390 0.281830
0.625646 0.187357 0.280747
0.658014 0.187324 0.279663
0.690381 0.187290 0.278579
0.722748 0.187257 0.277495
0.755115 0.187224 0.276411
0.787482 0.187190 0.275327
0.819850 0.187157 0.274244
0.852217 0.187123 0.273160
0.884584 0.187090 0.272076
0.916951 0.187057 0.270992
0.949318 0.187023 0.269908
0.981686 0.186990 0.268824
1.000000 0.186957 0.267741
1.000000 0.186923 0.266657
1.000000 0.186890 0.265573
0.046795 0.219095 0.296610
0.079163 0.219062 0.295526
0.111530 0.219028 0.294442
0.143897 0.218995 0.293358
0.176264 0.218962 0.292274
0.208631 0.218928 0.291190
0.240998 0.218895 0.290107
0.273366 0.218862 0.289023
0.305733 0.218828 0.287939
0.338100 0.218795 0.286855
0.370467 0.218762 0.285771
0.402834 0.218728 0.284687
0.435202 0.218695 0.283604
0.467569 0.218661 0.282520
0.499936 0.218628 0.281436
0.532303 0.218595 0.280352
0.564670 0.218561 0.279268
0.597038 0.218528 0.278184
0.629405 0.218495 0.277101
0.661772 0.218461 0.276017
0.694139 0.218428 0.274933
0.726506 0.218395 0.273849
0.758874 0.218361 0.272765
0.791241 0.218328 0.271681
0.823608 0.218295 0.270597
0.855975 0.218261 0.269514
0.888342 0.218228 0.268430
0.920709 0.218195 0.267346
0.953077 0.218161 0.266262
0.985444 0.218128 0.265178
1.000000 0.218095 0.264094
1.000000 0.218061 0.263011
1.000000 0.218028 0.261927
0.050554 0.250233 0.292964
0.082921 0.250199 0.291880
0.115288 0.250166 0.290796
0.147655 0.250133 0.289712
0.180022 0.250099 0.288628
0.212390 0.250066 0.287544
0.244757 0.250033 0.286461
0.277124 0.249999 0.285377
0.309491 0.249966 0.284293
0.341858 0.249933 0.283209
0.374226 0.249899 0.282125
0.406593 0.249866 0.281041
0.438960 0.249833 0.279957
0.471327 0.249799 0.278874
0.503694 0.249766 0.277790
0.536061 0.249733 0.276706
0.568429 0.249699 0.275622
0.600796 0.249666 0.274538
0.633163 0.249633 0.273454
0.665530 0.249599 0.272371
0.697897 0.249566 0.271287
0.730265 0.249532 0.270203
0.762632 0.249499 0.269119
0.794999 0.249466 0.268035
0.827366 0.249432 0.266951
0.859733 0.249399 0.265867
0.892101 0.249366 0.264784
0.924468 0.249332 0.263700
0.956835 0.249299 0.262616
0.989202 0.249266 0.261532
1.000000 0.249232 0.260448
1.000000 0.249199 0.259364
1.000000 0.249166 0.258281
0.054312 0.281371 0.289317
0.086679 0.281337 0.288234
0.119046 0.281304 0.287150
0.151413 0.281271 0.286066
0.183781 0.281237 0.284982
0.216148 0.281204 0.283898
0.248515 0.281171 0.282814
0.280882 0.281137 0.281731
0.313249 0.281104 0.280647
0.345617 0.281070 0.279563
0.377984 0.281037 0.278479
0.410351 0.281004 0.277395
0.442718 0.280970 0.276311
0.475085 0.280937 0.275227
0.507453 0.280904 0.274144
0.539820 0.280870 0.273060
0.572187 0.280837 0.271976
0.604554 0.280804 0.270892
0.636921 0.280770 0.269808
0.669289 0.280737 0.268724
0.701656 0.280704 0.267641
0.734023 0.280670 0.266557
0.766390 0.280637 0.265473
0.798757 0.280604 0.264389
0.831125 0.280570 0.263305
0.863492 0.280537 0.262221
0.895859 0.280504 0.261138
0.928226 0.280470 0.260054
0.960593 0.280437 0.258970
0.992960 0.280404 0.257886
1.000000 0.280370 0.256802
1.000000 0.280337 0.255718
1.000000 0.280303 0.254634
0.058070 0.312508 0.285671
0.090437 0.312475 0.284587
0.122805 0.312442 0.283504
0.155172 0.312408 0.282420
0.187539 0.312375 0.281336
0.219906 0.312342 0.280252
0.252273 0.312308 0.279168
0.284641 0.312275 0.278084
0.317008 0.312242 0.277001
0.349375 0.312208 0.275917
0.381742 0.312175 0.274833
0.414109 0.312142 0.273749
0.446477 0.312108 0.272665
0.478844 0.312075 0.271581
0.511211 0.312042 0.270498
0.543578 0.312008 0.269414
0.575945 0.311975 0.268330
0.608312 0.311942 0.267246
0.640680 0.311908 0.266162
0.673047 0.311875 0.265078
0.705414 0.311841 0.263994
0.737781 0.311808 0.262911
0.770148 0.311775 0.261827
0.802516 0.311741 0.260743
0.834883 0.311708 0.259659
0.867250 0.311675 0.258575
0.899617 0.311641 0.257491
0.931984 0.311608 0.256408
0.964352 0.311575 0.255324
0.996719 0.311541 0.254240
1.000000 0.311508 0.253156
1.000000 0.311475 0.252072
1.000000 0.311441 0.250988
0.061829 0.343646 0.282025
0.094196 0.343613 0.280941
0.126563 0.343580 0.279858
0.158930 0.343546 0.278774
0.191297 0.343513 0.277690
0.223664 0.343480 0.276606
0.256032 0.343446 0.275522
0.288399 0.343413 0.274438
0.320766 0.343379 0.273354
0.353133 0.343346 0.272271
0.385500 0.343313 0.271187
0.417868 0.343279 0.270103
0.450235 0.343246 0.269019
0.482602 0.343213 0.267935
0.514969 0.343179 0.266851
0.547336 0.343146 0.265768
0.579704 0.343113 0.264684
0.612071 0.343079 0.263600
0.644438 0.343046 0.262516
0.676805 0.343013 0.261432
0.709172 0.342979 0.260348
0.741540 0.342946 0.259265
0.773907 0.342913 0.258181
0.806274 0.342879 0.257097
0.838641 0.342846 0.256013
0.871008 0.342813 0.254929
0.903376 0.342779 0.253845
0.935743 0.342746 0.252761
0.968110 0.342712 0.251678
1.000000 0.342679 0.250594
1.000000 0.342646 0.249510
1.000000 0.342612 0.248426
1.000000 0.342579 0.247342
0.065587 0.374784 0.278379
0.097954 0.374751 0.277295
0.130321 0.374717 0.276211
0.162688 0.374684 0.275128
0.195056 0.374651 0.274044
0.227423 0.374617 0.272960
0.259790 0.374584 0.271876
0.292157 0.374551 0.270792
0.324524 0.374517 0.269708
0.356892 0.374484 0.268625
0.389259 0.374451 0.267541
0.421626 0.374417 0.266457
0.453993 0.374384 0.265373
0.486360 0.374351 0.264289
0.518728 0.374317 0.263205
0.551095 0.374284 0.262121
0.583462 0.374250 0.261038
0.615829 0.374217 0.259954
0.648196 0.374184 0.258870
0.680563 0.374150 0.257786
0.712931 0.374117 0.256702
0.745298 0.374084 0.255618
0.777665 0.374050 0.254535
0.810032 0.374017 0.253451
0.842399 0.373984 0.252367
0.874767 0.373950 0.251283
0.907134 0.373917 0.250199
0.939501 0.373884 0.249115
0.971868 0.373850 0.248031
1.000000 0.373817 0.246948
1.000000 0.373784 0.245864
1.000000 0.373750 0.244780
1.000000 0.373477 0.246122
0.069345 0.405922 0.274733
0.101712 0.405889 0.273649
0.134080 0.405855 0.272565
0.166447 0.405822 0.271481
0.198814 0.405788 0.270398
0.231181 0.405755 0.269314
0.263548 0.405722 0.268230
0.295915 0.405688 0.267146
0.328283 0.405655 0.266062
0.360650 0.405622 0.264978
0.393017 0.405588 0.263895
0.425384 0.405555 0.262811
0.457751 0.405522 0.261727
0.490119 0.405488 0.260643
0.522486 0.405455 0.259559
0.554853 0.405422 0.258475
0.587220 0.405388 0.257391
0.619587 0.405355 0.256308
0.651955 0.405322 0.255224
0.684322 0.405288 0.254140
0.716689 0.405255 0.253056
0.749056 0.405222 0.251972
0.781423 0.405188 0.250888
0.813791 0.405155 0.249805
0.846158 0.405121 0.248721
0.878525 0.405088 0.247637
0.910892 0.405055 0.246553
0.943259 0.405021 0.245469
0.975084 0.404929 0.244987
1.000000 0.404612 0.246771
1.000000 0.404295 0.248555
1.000000 0.403978 0.250340
1.000000 0.403661 0.252124
0.073103 0.437060 0.271087
0.105471 0.437026 0.270003
0.137838 0.436993 0.268919
0.170205 0.436960 0.267835
0.202572 0.436926 0.266751
0.234939 0.436893 0.265668
0.267307 0.436860 0.264584
0.299674 0.436826 0.263500
0.332041 0.436793 0.262416
0.364408 0.436760 0.261332
0.396775 0.436726 0.260248
0.429143 0.436693 0.259165
0.461510 0.436659 0.258081
0.493877 0.436626 0.256997
0.526244 0.436593 0.255913
0.558611 0.436559 0.254829
0.590979 0.436526 0.253745
0.623346 0.436493 0.252662
0.655713 0.436459 0.251578
0.688080 0.436426 0.250494
0.720447 0.436393 0.249410
0.752814 0.436359 0.248326
0.785182 0.436326 0.247242
0.817549 0.436293 0.246158
0.849916 0.436259 0.245075
0.880800 0.436063 0.245637
0.910583 0.435746 0.247421
0.940365 0.435430 0.249205
0.970148 0.435113 0.250989
0.999931 0.434796 0.252773
1.000000 0.434479 0.254557
1.000000 0.434162 0.256342
1.000000 0.433846 0.258126
0.076862 0.468197 0.267441
0.109229 0.468164 0.266357
0.141596 0.468131 0.265273
0.173963 0.468097 0.264189
0.206331 0.468064 0.263105
0.238698 0.468031 0.262022
0.271065 0.467997 0.260938
0.303432 0.467964 0.259854
0.335799 0.467931 0.258770
0.368166 0.467897 0.257686
0.400534 0.467864 0.256602
0.432901 0.467831 0.255518
0.465268 0.467797 0.254435
0.497635 0.467764 0.253351
0.530002 0.467731 0.252267
0.562370 0.467697 0.251183
0.594737 0.467664 0.250099
0.627104 0.467631 0.249015
0.659471 0.467597 0.247932
0.691838 0.467564 0.246848
0.724206 0.467531 0.245764
0.756573 0.467497 0.244680
0.786516 0.467198 0.246286
0.816299 0.466881 0.248070
0.846081 0.466564 0.249854
0.875864 0.466248 0.251639
0.905646 0.465931 0.253423
0.935429 0.465614 0.255207
0.965212 0.465297 0.256991
0.994994 0.464980 0.258775
1.000000 0.464663 0.260560
1.000000 0.464347 0.262344
1.000000 0.464030 0.264128
0.080620 0.499335 0.263795
0.112987 0.499302 0.262711
0.145354 0.499269 0.261627
0.177722 0.499235 0.260543
0.210089 0.499202 0.259459
0.242456 0.499169 0.258375
0.274823 0.499135 0.257292
0.307190 0.499102 0.256208
0.339558 0.499069 0.255124
0.371925 0.499035 0.254040
0.404292 0.499002 0.252956
0.436659 0.498968 0.251872
0.469026 0.498935 0.250789
0.501394 0.498902 0.249705
0.533761 0.498868 0.248621
0.566128 0.498835 0.247537
0.598495 0.498802 0.246453
0.630862 0.498768 0.245369
0.662449 0.498649 0.245152
0.692232 0.498333 0.246936
0.722014 0.498016 0.248720
0.751797 0.497699 0.250504
0.781580 0.497382 0.252288
0.811362 0.497065 0.254072
0.841145 0.496749 0.255857
0.870928 0.496432 0.257641
0.900710 0.496115 0.259425
0.930493 0.495798 0.261209
0.960275 0.495481 0.262993
0.990058 0.495164 0.264777
1.000000 0.494848 0.266562
1.000000 0.494531 0.268346
1.000000 0.494214 0.270130
0.084378 0.530473 0.260149
0.116746 0.530440 0.259065
0.149113 0.530406 0.257981
0.181480 0.530373 0.256897
0.213847 0.530340 0.255813
0.246214 0.530306 0.254729
0.278582 0.530273 0.253645
0.310949 0.530240 0.252562
0.343316 0.530206 0.251478
0.375683 0.530173 0.250394
0.408050 0.530140 0.249310
0.440417 0.530106 0.248226
0.472785 0.530073 0.247142
0.505152 0.530040 0.246059
0.537519 0.530006 0.244975
0.568165 0.529784 0.245801
0.597947 0.529467 0.247585
0.627730 0.529150 0.249369
0.657513 0.528834 0.251154
0.687295 0.528517 0.252938
0.717078 0.528200 0.254722
0.746861 0.527883 0.256506
0.776643 0.527566 0.258290
0.806426 0.527250 0.260074
0.836209 0.526933 0.261859
0.865991 0.526616 0.263643
0.895774 0.526299 0.265427
0.925557 0.525982 0.267211
0.955339 0.525665 0.268995
0.985122 0.525349 0.270779
1.000000 0.525032 0.272564
1.000000 0.524715 0.274348
1.000000 0.524398 0.276132
0.088137 0.561611 0.256502
0.120504 0.561578 0.255419
0.152871 0.561544 0.254335
0.185238 0.561511 0.253251
0.217605 0.561478 0.252167
0.249973 0.561444 0.251083
0.282340 0.561411 0.249999
0.314707 0.561377 0.248915
0.347074 0.561344 0.247832
0.379441 0.561311 0.246748
0.411809 0.561277 0.245664
0.444098 0.561236 0.244666
0.473881 0.560919 0.246451
0.503663 0.560602 0.248235
0.533446 0.560285 0.250019
0.563229 0.559968 0.251803
0.593011 0.559651 0.253587
0.622794 0.559335 0.255371
0.652576 0.559018 0.257156
0.682359 0.558701 0.258940
0.712142 0.558384 0.260724
0.741924 0.558067 0.262508
0.771707 0.557751 0.264292
0.801490 0.557434 0.266077
0.831272 0.557117 0.267861
0.861055 0.556800 0.269645
0.890838 0.556483 0.271429
0.920620 0.556167 0.273213
0.950403 0.555850 0.274997
0.980186 0.555533 0.276782
1.000000 0.555216 0.278566
1.000000 0.554899 0.280350
1.000000 0.554582 0.282134
0.091895 0.592749 0.252856
0.124262 0.592715 0.251772
0.156629 0.592682 0.250689
0.188997 0.592649 0.249605
0.221364 0.592615 0.248521
0.253731 0.592582 0.247437
0.286098 0.592549 0.246353
0.318465 0.592515 0.245269
0.349814 0.592370 0.245316
0.379596 0.592053 0.247100
0.409379 0.591737 0.248884
0.439162 0.591420 0.250669
0.468944 0.591103 0.252453
0.498727 0.590786 0.254237
0.528510 0.590469 0.256021
0.558292 0.590153 0.257805
0.588075 0.589836 0.259589
0.617858 0.589519 0.261374
0.647640 0.589202 0.263158
0.677423 0.588885 0.264942
0.707205 0.588568 0.266726
0.736988 0.588252 0.268510
0.766771 0.587935 0.270294
0.796553 0.587618 0.272079
0.826336 0.587301 0.273863
0.856119 0.586984 0.275647
0.885901 0.586668 0.277431
0.915684 0.586351 0.279215
0.945467 0.586034 0.280999
0.975249 0.585717 0.282784
1.000000 0.585400 0.284568
1.000000 0.585083 0.286352
1.000000 0.584767 0.288136
0.095653 0.623887 0.249210
0.128020 0.623853 0.248126
0.160388 0.623820 0.247042
0.192755 0.623787 0.245959
0.225122 0.623753 0.244875
0.255530 0.623505 0.245966
0.285312 0.623188 0.247750
0.315095 0.622871 0.249534
0.344877 0.622554 0.251318
0.374660 0.622238 0.253102
0.404443 0.621921 0.254886
0.434225 0.621604 0.256671
0.464008 0.621287 0.258455
0.493791 0.620970 0.260239
0.523573 0.620654 0.262023
0.553356 0.620337 0.263807
0.583139 0.620020 0.265591
0.612921 0.619703 0.267376
0.642704 0.619386 0.269160
0.672487 0.619069 0.270944
0.702269 0.618753 0.272728
0.732052 0.618436 0.274512
0.761834 0.618119 0.276296
0.791617 0.617802 0.278081
0.821400 0.617485 0.279865
0.851182 0.617169 0.281649
0.880965 0.616852 0.283433
0.910748 0.616535 0.285217
0.940530 0.616218 0.287002
0.970313 0.615901 0.288786
1.000000 0.615584 0.290570
1.000000 0.615268 0.292354
1.000000 0.614951 0.294138
0.099412 0.655024 0.245564
0.131463 0.654956 0.244831
0.161245 0.654640 0.246615
0.191028 0.654323 0.248399
0.220811 0.654006 0.250183
0.250593 0.653689 0.251968
0.280376 0.653372 0.253752
0.310159 0.653055 0.255536
0.339941 0.652739 0.257320
0.369724 0.652422 0.259104
0.399506 0.652105 0.260888
0.429289 0.651788 0.262673
0.459072 0.651471 0.264457
0.488854 0.651155 0.266241
0.518637 0.650838 0.268025
0.548420 0.650521 0.269809
0.578202 0.650204 0.271594
0.607985 0.649887 0.273378
0.637768 0.649570 0.275162
0.667550 0.649254 0.276946
0.697333 0.648937 0.278730
0.727116 0.648620 0.280514
0.756898 0.648303 0.282299
0.786681 0.647986 0.284083
0.816463 0.647670 0.285867
0.846246 0.647353 0.287651
0.876029 0.647036 0.289435
0.905811 0.646719 0.291219
0.935594 0.646402 0.293004
0.965377 0.646086 0.294788
0.995159 0.645769 0.296572
1.000000 0.645452 0.298356
1.000000 0.645135 0.300140
0.096744 0.685457 0.249049
0.126526 0.685141 0.250833
0.156309 0.684824 0.252617
0.186092 0.684507 0.254401
0.215874 0.684190 0.256186
0.245657 0.683873 0.257970
0.275440 0.683556 0.259754
0.305222 0.683240 0.261538
0.335005 0.682923 0.263322
0.364788 0.682606 0.265106
0.394570 0.682289 0.266891
0.424353 0.681972 0.268675
0.454135 0.681656 0.270459
0.483918 0.681339 0.272243
0.513701 0.681022 0.274027
0.543483 0.680705 0.275811
0.573266 0.680388 0.277596
0.603049 0.680072 0.279380
0.632831 0.679755 0.281164
0.662614 0.679438 0.282948
0.692397 0.679121 0.284732
0.722179 0.678804 0.286516
0.751962 0.678487 0.288301
0.781745 0.678171 0.290085
0.811527 0.677854 0.291869
0.841310 0.677537 0.293653
0.871093 0.677220 0.295437
0.900875 0.676903 0.297221
0.930658 0.676587 0.299006
0.960440 0.676270 0.300790
0.990223 0.675953 0.302574
1.000000 0.675636 0.304358
1.000000 0.675319 0.306142
0.091807 0.715642 0.255051
0.121590 0.715325 0.256835
0.151373 0.715008 0.258619
0.181155 0.714691 0.260403
0.210938 0.714374 0.262188
0.240721 0.714058 0.263972
0.270503 0.713741 0.265756
0.300286 0.713424 0.267540
0.330069 0.713107 0.269324
0.359851 0.712790 0.271108
0.389634 0.712473 0.272893
0.419417 0.712157 0.274677
0.449199 0.711840 0.276461
0.478982 0.711523 0.278245
0.508765 0.711206 0.280029
0.538547 0.710889 0.281813
0.568330 0.710573 0.283598
0.598112 0.710256 0.285382
0.627895 0.709939 0.287166
0.657678 0.709622 0.288950
0.687460 0.709305 0.290734
0.717243 0.708988 0.292519
0.747026 0.708672 0.294303
0.776808 0.708355 0.296087
0.806591 0.708038 0.297871
0.836374 0.707721 0.299655
0.866156 0.707404 0.301439
0.895939 0.707088 0.303224
0.925722 0.706771 0.305008
0.955504 0.706454 0.306792
0.985287 0.706137 0.308576
1.000000 0.705820 0.310360
1.000000 0.705503 0.312144
0.086871 0.745826 0.261053
0.116654 0.745509 0.262837
0.146437 0.745192 0.264621
0.176219 0.744875 0.266405
0.206002 0.744559 0.268190
0.235784 0.744242 0.269974
0.265567 0.743925 0.271758
0.295350 0.743608 0.273542
0.325132 0.743291 0.275326
0.354915 0.742974 0.277111
0.384698 0.742658 0.278895
0.414480 0.742341 0.280679
0.444263 0.742024 0.282463
0.474046 0.741707 0.284247
0.503828 0.741390 0.286031
0.533611 0.741074 0.287816
0.563394 0.740757 0.289600
0.593176 0.740440 0.291384
0.622959 0.740123 0.293168
0.652741 0.739806 0.294952
0.682524 0.739489 0.296736
0.712307 0.739173 0.298521
0.742089 0.738856 0.300305
0.771872 0.738539 0.302089
0.801655 0.738222 0.303873
0.831437 0.737905 0.305657
0.861220 0.737589 0.307441
0.891003 0.737272 0.309226
0.920785 0.736955 0.311010
0.950568 0.736638 0.312794
0.980351 0.736321 0.314578
1.000000 0.736005 0.316362
1.000000 0.735688 0.318147
0.081935 0.776010 0.267055
0.111718 0.775693 0.268839
0.141500 0.775376 0.270623
0.171283 0.775060 0.272408
0.201066 0.774743 0.274192
0.230848 0.774426 0.275976
0.260631 0.774109 0.277760
0.290413 0.773792 0.279544
0.320196 0.773475 0.281328
0.349979 0.773159 0.283113
0.379761 0.772842 0.284897
0.409544 0.772525 0.286681
0.439327 0.772208 0.288465
0.469109 0.771891 0.290249
0.498892 0.771575 0.292033
0.528675 0.771258 0.293818
0.558457 0.770941 0.295602
0.588240 0.770624 0.297386
0.618023 0.770307 0.299170
0.647805 0.769991 0.300954
0.677588 0.769674 0.302739
0.707370 0.769357 0.304523
0.737153 0.769040 0.306307
0.766936 0.768723 0.308091
0.796718 0.768406 0.309875
0.826501 0.768090 0.311659
0.856284 0.767773 0.313444
0.886066 0.767456 0.315228
0.915849 0.767139 0.317012
0.945632 0.766822 0.318796
0.975414 0.766506 0.320580
1.000000 0.766189 0.322364
1.000000 0.765872 0.324149
0.076999 0.806194 0.273057
0.106781 0.805877 0.274841
0.136564 0.805561 0.276625
0.166347 0.805244 0.278410
0.196129 0.804927 0.280194
0.225912 0.804610 0.281978
0.255695 0.804293 0.283762
0.285477 0.803977 0.285546
0.315260 0.803660 0.287331
0.345042 0.803343 0.289115
0.374825 0.803026 0.290899
0.404608 0.802709 0.292683
0.434390 0.802392 0.294467
0.464173 0.802076 0.296251
0.493956 0.801759 0.298036
0.523738 0.801442 0.299820
0.553521 0.801125 0.301604
0.583304 0.800808 0.303388
0.613086 0.800492 0.305172
0.642869 0.800175 0.306956
0.672652 0.799858 0.308741
0.702434 0.799541 0.310525
0.732217 0.799224 0.312309
0.761999 0.798907 0.314093
0.791782 0.798591 0.315877
0.821565 0.798274 0.317661
0.851347 0.797957 0.319446
0.881130 0.797640 0.321230
0.910913 0.797323 0.323014
0.940695 0.797007 0.324798
0.970478 0.796690 0.326582
1.000000 0.796373 0.328366
1.000000 0.796056 0.330151
0.072062 0.836378 0.279059
0.101845 0.836062 0.280843
0.131628 0.835745 0.282628
0.161410 0.835428 0.284412
0.191193 0.835111 0.286196
0.220976 0.834794 0.287980
0.250758 0.834478 0.289764
0.280541 0.834161 0.291548
0.310324 0.833844 0.293333
0.340106 0.833527 0.295117
0.369889 0.833210 0.296901
0.399671 0.832893 0.298685
0.429454 0.832577 0.300469
0.459237 0.832260 0.302253
0.489019 0.831943 0.304038
0.518802 0.831626 0.305822
0.548585 0.831309 0.307606
0.578367 0.830993 0.309390
0.608150 0.830676 0.311174
0.637933 0.830359 0.312958
0.667715 0.830042 0.314743
0.697498 0.829725 0.316527
0.727281 0.829408 0.318311
0.757063 0.829092 0.320095
0.786846 0.828775 0.321879
0.816628 0.828458 0.323664
0.846411 0.828141 0.325448
0.876194 0.827824 0.327232
0.905976 0.827508 0.329016
0.935759 0.827191 0.330800
0.965542 0.826874 0.332584
0.995324 0.826557 0.334369
1.000000 0.826240 0.336153
0.067126 0.866563 0.285061
0.096909 0.866246 0.286845
0.126691 0.865929 0.288630
0.156474 0.865612 0.290414
0.186257 0.865295 0.292198
0.216039 0.864979 0.293982
0.245822 0.864662 0.295766
0.275605 0.864345 0.297550
0.305387 0.864028 0.299335
0.335170 0.863711 0.301119
0.364953 0.863394 0.302903
0.394735 0.863078 0.304687
0.424518 0.862761 0.306471
0.454300 0.862444 0.308256
0.484083 0.862127 0.310040
0.513866 0.861810 0.311824
0.543648 0.861494 0.313608
0.573431 0.861177 0.315392
0.603214 0.860860 0.317176
0.632996 0.860543 0.318961
0.662779 0.860226 0.320745
0.692562 0.859910 0.322529
0.722344 0.859593 0.324313
0.752127 0.859276 0.326097
0.781910 0.858959 0.327881
0.811692 0.858642 0.329666
0.841475 0.858325 0.331450
0.871257 0.858009 0.333234
0.901040 0.857692 0.335018
0.930823 0.857375 0.336802
0.960605 0.857058 0.338586
0.990388 0.856741 0.340371
1.000000 0.856425 0.342155
0.062190 0.896747 0.291063
0.091972 0.896430 0.292848
0.121755 0.896113 0.294632
0.151538 0.895796 0.296416
0.181320 0.895480 0.298200
0.211103 0.895163 0.299984
0.240886 0.894846 0.301768
0.270668 0.894529 0.303553
0.300451 0.894212 0.305337
0.330234 0.893896 0.307121
0.360016 0.893579 0.308905
0.389799 0.893262 0.310689
0.419582 0.892945 0.312473
0.449364 0.892628 0.314258
0.479147 0.892311 0.316042
0.508929 0.891995 0.317826
0.538712 0.891678 0.319610
0.568495 0.891361 0.321394
0.598277 0.891044 0.323178
0.628060 0.890727 0.324963
0.657843 0.890411 0.326747
0.687625 0.890094 0.328531
0.717408 0.889777 0.330315
0.747191 0.889460 0.332099
0.776973 0.889143 0.333883
0.806756 0.888826 0.335668
0.836539 0.888510 0.337452
0.866321 0.888193 0.339236
0.896104 0.887876 0.341020
0.925886 0.887559 0.342804
0.955669 0.887242 0.344589
0.985452 0.886926 0.346373
1.000000 0.886609 0.348157
0.057254 0.926931 0.297065
0.087036 0.926614 0.298850
0.116819 0.926297 0.300634
0.146601 0.925981 0.302418
0.176384 0.925664 0.304202
0.206167 0.925347 0.305986
0.235949 0.925030 0.307770
0.265732 0.924713 0.309555
0.295515 0.924397 0.311339
0.325297 0.924080 0.313123
0.355080 0.923763 0.314907
0.384863 0.923446 0.316691
0.414645 0.923129 0.318475
0.444428 0.922812 0.320260
0.474211 0.922496 0.322044
0.503993 0.922179 0.323828
0.533776 0.921862 0.325612
0.563558 0.921545 0.327396
0.593341 0.921228 0.329181
0.623124 0.920912 0.330965
0.652906 0.920595 0.332749
0.682689 0.920278 0.334533
0.712472 0.919961 0.336317
0.742254 0.919644 0.338101
0.772037 0.919327 0.339886
0.801820 0.919011 0.341670
0.831602 0.918694 0.343454
0.861385 0.918377 0.345238
0.891168 0.918060 0.347022
0.920950 0.917743 0.348806
0.950733 0.917427 0.350591
0.980515 0.917110 0.352375
1.000000 0.916793 0.354159
0.052317 0.957115 0.303067
0.082100 0.956798 0.304852
0.111883 0.956482 0.306636
0.141665 0.956165 0.308420
0.171448 0.955848 0.310204
0.201230 0.955531 0.311988
0.231013 0.955214 0.313773
0.260796 0.954898 0.315557
0.290578 0.954581 0.317341
0.320361 0.954264 0.319125
0.350144 0.953947 0.320909
0.379926 0.953630 0.322693
0.409709 0.953313 0.324478
0.439492 0.952997 0.326262
0.469274 0.952680 0.328046
0.499057 0.952363 0.329830
0.528840 0.952046 0.331614
0.558622 0.951729 0.333398
0.588405 0.951413 0.335183
0.618187 0.951096 0.336967
0.647970 0.950779 0.338751
0.677753 0.950462 0.340535
0.707535 0.950145 0.342319
0.737318 0.949829 0.344103
0.767101 0.949512 0.345888
0.796883 0.949195 0.347672
0.826666 0.948878 0.349456
0.856449 0.948561 0.351240
0.886231 0.948244 0.353024
0.916014 0.947928 0.354808
0.945797 0.947611 0.356593
0.975579 0.947294 0.358377
1.000000 0.946977 0.360161
0.047381 0.987299 0.309070
0.077164 0.986983 0.310854
0.106946 0.986666 0.312638
0.136729 0.986349 0.314422
0.166512 0.986032 0.316206
0.196294 0.985715 0.317990
0.226077 0.985399 0.319775
0.255859 0.985082 0.321559
0.285642 0.984765 0.323343
0.315425 0.984448 0.325127
0.345207 0.984131 0.326911
0.374990 0.983815 0.328695
0.404773 0.983498 0.330480
0.434555 0.983181 0.332264
0.464338 0.982864 0.334048
0.494121 0.982547 0.335832
0.523903 0.982230 0.337616
0.553686 0.981914 0.339400
0.583469 0.981597 0.341185
0.613251 0.981280 0.342969
0.643034 0.980963 0.344753
0.672816 0.980646 0.346537
0.702599 0.980330 0.348321
0.732382 0.980013 0.350106
0.762164 0.979696 0.351890
0.791947 0.979379 0.353674
0.821730 0.979062 0.355458
0.851512 0.978745 0.357242
0.881295 0.978429 0.359026
0.911078 0.978112 0.360811
0.940860 0.977795 0.362595
0.970643 0.977478 0.364379
1.000000 0.977161 0.366163
0.020867 0.001119 0.353014
0.053234 0.001086 0.351931
0.085601 0.001052 0.350847
0.117968 0.001019 0.349763
0.150335 0.000986 0.348679
0.182703 0.000952 0.347595
0.215070 0.000919 0.346511
0.247437 0.000886 0.345428
0.279804 0.000852 0.344344
0.312171 0.000819 0.343260
0.344538 0.000786 0.342176
0.376906 0.000752 0.341092
0.409273 0.000719 0.340008
0.441640 0.000685 0.338924
0.474007 0.000652 0.337841
0.506374 0.000619 0.336757
0.538742 0.000585 0.335673
0.571109 0.000552 0.334589
0.603476 0.000519 0.333505
0.635843 0.000485 0.332421
0.668210 0.000452 0.331338
0.700578 0.000419 0.330254
0.732945 0.000385 0.329170
0.765312 0.000352 0.328086
0.797679 0.000319 0.327002
0.830046 0.000285 0.325918
0.862414 0.000252 0.324835
0.894781 0.000219 0.323751
0.927148 0.000185 0.322667
0.959515 0.000152 0.321583
0.991882 0.000119 0.320499
1.000000 0.000085 0.319415
1.000000 0.000052 0.318331
0.024625 0.032257 0.349368
0.056992 0.032223 0.348284
0.089359 0.032190 0.347201
0.121726 0.032157 0.346117
0.154094 0.032123 0.345033
0.186461 0.032090 0.343949
0.218828 0.032057 0.342865
0.251195 0.032023 0.341781
0.283562 0.031990 0.340698
0.315930 0.031957 0.339614
0.348297 0.031923 0.338530
0.380664 0.031890 0.337446
0.413031 0.031857 0.336362
0.445398 0.031823 0.335278
0.477766 0.031790 0.334195
0.510133 0.031757 0.333111
0.542500 0.031723 0.332027
0.574867 0.031690 0.330943
0.607234 0.031657 0.329859
0.639602 0.031623 0.328775
0.671969 0.031590 0.327691
0.704336 0.031556 0.326608
0.736703 0.031523 0.325524
0.769070 0.031490 0.324440
0.801437 0.031456 0.323356
0.833805 0.031423 0.322272
0.866172 0.031390 0.321188
0.898539 0.031356 0.320105
0.930906 0.031323 0.319021
0.963273 0.031290 0.317937
0.995641 0.031256 0.316853
1.000000 0.031223 0.315769
1.000000 0.031190 0.314685
0.028383 0.063395 0.345722
0.060750 0.063361 0.344638
0.093118 0.063328 0.343555
0.125485 0.063295 0.342471
0.157852 0.063261 0.341387
0.190219 0.063228 0.340303
0.222586 0.063195 0.339219
0.254954 0.063161 0.338135
0.287321 0.063128 0.337051
0.319688 0.063094 0.335968
0.352055 0.063061 0.334884
0.384422 0.063028 0.333800
0.416789 0.062994 0.332716
0.449157 0.062961 0.331632
0.481524 0.062928 0.330548
0.513891 0.062894 0.329465
0.546258 0.062861 0.328381
0.578625 0.062828 0.327297
0.610993 0.062794 0.326213
0.643360 0.062761 0.325129
0.675727 0.062728 0.324045
0.708094 0.062694 0.322961
0.740461 0.062661 0.321878
0.772829 0.062628 0.320794
0.805196 0.062594 0.319710
0.837563 0.062561 0.318626
0.869930 0.062528 0.317542
0.902297 0.062494 0.316458
0.934665 0.062461 0.315375
0.967032 0.062427 0.314291
0.999399 0.062394 0.313207
1.000000 0.062361 0.312123
1.000000 0.062327 0.311039
0.032141 0.094532 0.342076
0.064509 0.094499 0.340992
0.096876 0.094466 0.339908
0.129243 0.094432 0.338825
0.161610 0.094399 0.337741
0.193977 0.094366 0.336657
0.226345 0.094332 0.335573
0.258712 0.094299 0.334489
0.291079 0.094266 0.333405
0.323446 0.094232 0.332321
0.355813 0.094199 0.331238
0.388181 0.094166 0.330154
0.420548 0.094132 0.329070
0.452915 0.094099 0.327986
0.485282 0.094066 0.326902
0.517649 0.094032 0.325818
0.550017 0.093999 0.324735
0.582384 0.093965 0.323651
0.614751 0.093932 0.322567
0.647118 0.093899 0.321483
0.679485 0.093865 0.320399
0.711853 0.093832 0.319315
0.744220 0.093799 0.318232
0.776587 0.093765 0.317148
0.808954 0.093732 0.316064
0.841321 0.093699 0.314980
0.873688 0.093665 0.313896
0.906056 0.093632 0.312812
0.938423 0.093599 0.311728
0.970790 0.093565 0.310645
1.000000 0.093532 0.309561
1.000000 0.093499 0.308477
1.000000 0.093465 0.307393
0.035900 0.125670 0.338430
0.068267 0.125637 0.337346
0.100634 0.125604 0.336262
0.133001 0.125570 0.335178
0.165369 0.125537 0.334095
0.197736 0.125503 0.333011
0.230103 0.125470 0.331927
0.262470 0.125437 0.330843
0.294837 0.125403 0.329759
0.327205 0.125370 0.328675
0.359572 0.125337 0.327592
0.391939 0.125303 0.326508
0.424306 0.125270 0.325424
0.456673 0.125237 0.324340
0.489040 0.125203 0.323256
0.521408 0.125170 0.322172
0.553775 0.125137 0.321088
0.586142 0.125103 0.320005
0.618509 0.125070 0.318921
0.650876 0.125037 0.317837
0.683244 0.125003 0.316753
0.715611 0.124970 0.315669
0.747978 0.124937 0.314585
0.780345 0.124903 0.313502
0.812712 0.124870 0.312418
0.845080 0.124837 0.311334
0.877447 0.124803 0.310250
0.909814 0.124770 0.309166
0.942181 0.124736 0.308082
0.974548 0.124703 0.306999
1.000000 0.124670 0.305915
1.000000 0.124636 0.304831
1.000000 0.124603 0.303747
0.039658 0.156808 0.334784
0.072025 0.156775 0.333700
0.104392 0.156741 0.332616
0.136760 0.156708 0.331532
0.169127 0.156675 0.330448
0.201494 0.156641 0.329365
0.233861 0.156608 0.328281
0.266228 0.156575 0.327197
0.298596 0.156541 0.326113
0.330963 0.156508 0.325029
0.363330 0.156475 0.323945
0.395697 0.156441 0.322862
0.428064 0.156408 0.321778
0.460432 0.156375 0.320694
0.492799 0.156341 0.319610
0.525166 0.156308 0.318526
0.557533 0.156274 0.317442
0.589900 0.156241 0.316359
0.622268 0.156208 0.315275
0.654635 0.156174 0.314191
0.687002 0.156141 0.313107
0.719369 0.156108 0.312023
0.751736 0.156074 0.310939
0.784104 0.156041 0.309855
0.816471 0.156008 0.308772
0.848838 0.155974 0.307688
0.881205 0.155941 0.306604
0.913572 0.155908 0.305520
0.945939 0.155874 0.304436
0.978307 0.155841 0.303352
1.000000 0.155808 0.302269
1.000000 0.155774 0.301185
1.000000 0.155741 0.300101
0.043416 0.187946 0.331138
0.075784 0.187913 0.330054
0.108151 0.187879 0.328970
0.140518 0.187846 0.327886
0.172885 0.187812 0.326802
0.205252 0.187779 0.325719
0.237620 0.187746 0.324635
0.269987 0.187712 0.323551
0.302354 0.187679 0.322467
0.334721 0.187646 0.321383
0.367088 0.187612 0.320299
0.399456 0.187579 0.319215
0.431823 0.187546 0.318132
0.464190 0.187512 0.317048
0.496557 0.187479 0.315964
0.528924 0.187446 0.314880
0.561291 0.187412 0.313796
0.593659 0.187379 0.312712
0.626026 0.187346 0.311629
0.658393 0.187312 0.310545
0.690760 0.187279 0.309461
0.723127 0.187246 0.308377
0.755495 0.187212 0.307293
0.787862 0.187179 0.306209
0.820229 0.187145 0.305125
0.852596 0.187112 0.304042
0.884963 0.187079 0.302958
0.917331 0.187045 0.301874
0.949698 0.187012 0.300790
0.982065 0.186979 0.299706
1.000000 0.186945 0.298622
1.000000 0.186912 0.297539
1.000000 0.186879 0.296455
0.047175 0.219084 0.327492
0.079542 0.219050 0.326408
0.111909 0.219017 0.325324
0.144276 0.218984 0.324240
0.176643 0.218950 0.323156
0.209011 0.218917 0.322072
0.241378 0.218884 0.320989
0.273745 0.218850 0.319905
0.306112 0.218817 0.318821
0.338479 0.218784 0.317737
0.370847 0.218750 0.316653
0.403214 0.218717 0.315569
0.435581 0.218683 0.314485
0.467948 0.218650 0.313402
0.500315 0.218617 0.312318
0.532683 0.218583 0.311234
0.565050 0.218550 0.310150
0.597417 0.218517 0.309066
0.629784 0.218483 0.307982
0.662151 0.218450 0.306899
0.694519 0.218417 0.305815
0.726886 0.218383 0.304731
0.759253 0.218350 0.303647
0.791620 0.218317 0.302563
0.823987 0.218283 0.301479
0.856355 0.218250 0.300396
0.888722 0.218217 0.299312
0.921089 0.218183 0.298228
0.953456 0.218150 0.297144
0.985823 0.218117 0.296060
1.000000 0.218083 0.294976
1.000000 0.218050 0.293892
1.000000 0.218017 0.292809
0.050933 0.250221 0.323845
0.083300 0.250188 0.322762
0.115667 0.250155 0.321678
0.148035 0.250121 0.320594
0.180402 0.250088 0.319510
0.212769 0.250055 0.318426
0.245136 0.250021 0.317342
0.277503 0.249988 0.316259
0.309871 0.249955 0.315175
0.342238 0.249921 0.314091
0.374605 0.249888 0.313007
0.406972 0.249855 0.311923
0.439339 0.249821 0.310839
0.471707 0.249788 0.309756
0.504074 0.249755 0.308672
0.536441 0.249721 0.307588
0.568808 0.249688 0.306504
0.601175 0.249655 0.305420
0.633542 0.249621 0.304336
0.665910 0.249588 0.303252
0.698277 0.249555 0.302169
0.730644 0.249521 0.301085
0.763011 0.249488 0.300001
0.795378 0.249454 0.298917
0.827746 0.249421 0.297833
0.860113 0.249388 0.296749
0.892480 0.249354 0.295666
0.924847 0.249321 0.294582
0.957214 0.249288 0.293498
0.989582 0.249254 0.292414
1.000000 0.249221 0.291330
1.000000 0.249188 0.290246
1.000000 0.249154 0.289163
0.054691 0.281359 0.320199
0.087059 0.281326 0.319116
0.119426 0.281293 0.318032
0.151793 0.281259 0.316948
0.184160 0.281226 0.315864
0.216527 0.281193 0.314780
0.248894 0.281159 0.313696
0.281262 0.281126 0.312612
0.313629 0.281093 0.311529
0.345996 0.281059 0.310445
0.378363 0.281026 0.309361
0.410730 0.280992 0.308277
0.443098 0.280959 0.307193
0.475465 0.280926 0.306109
0.507832 0.280892 0.305026
0.540199 0.280859 0.303942
0.572566 0.280826 0.302858
0.604934 0.280792 0.301774
0.637301 0.280759 0.300690
0.669668 0.280726 0.299606
0.702035 0.280692 0.298523
0.734402 0.280659 0.297439
0.766770 0.280626 0.296355
0.799137 0.280592 0.295271
0.831504 0.280559 0.294187
0.863871 0.280526 0.293103
0.896238 0.280492 0.292019
0.928606 0.280459 0.290936
0.960973 0.280426 0.289852
0.993340 0.280392 0.288768
1.000000 0.280359 0.287684
1.000000 0.280325 0.286600
1.000000 0.280292 0.285516
0.058450 0.312497 0.316553
0.090817 0.312464 0.315469
0.123184 0.312430 0.314386
0.155551 0.312397 0.313302
0.187918 0.312364 0.312218
0.220286 0.312330 0.311134
0.252653 0.312297 0.310050
0.285020 0.312264 0.308966
0.317387 0.312230 0.307883
0.349754 0.312197 0.306799
0.382122 0.312164 0.305715
0.414489 0.312130 0.304631
0.446856 0.312097 0.303547
0.479223 0.312064 0.302463
0.511590 0.312030 0.301379
0.543958 0.311997 0.300296
0.576325 0.311964 0.299212
0.608692 0.311930 0.298128
0.641059 0.311897 0.297044
0.673426 0.311863 0.295960
0.705793 0.311830 0.294876
0.738161 0.311797 0.293793
0.770528 0.311763 0.292709
0.802895 0.311730 0.291625
0.835262 0.311697 0.290541
0.867629 0.311663 0.289457
0.899997 0.311630 0.288373
0.932364 0.311597 0.287289
0.964731 0.311563 0.286206
0.997098 0.311530 0.285122
1.000000 0.311497 0.284038
1.000000 0.311463 0.282954
1.000000 0.311430 0.281870
0.062208 0.343635 0.312907
0.094575 0.343602 0.311823
0.126942 0.343568 0.310739
0.159310 0.343535 0.309656
0.191677 0.343502 0.308572
0.224044 0.343468 0.307488
0.256411 0.343435 0.306404
0.288778 0.343401 0.305320
0.321145 0.343368 0.304236
0.353513 0.343335 0.303153
0.385880 0.343301 0.302069
0.418247 0.343268 0.300985
0.450614 0.343235 0.299901
0.482981 0.343201 0.298817
0.515349 0.343168 0.297733
0.547716 0.343135 0.296649
0.580083 0.343101 0.295566
0.612450 0.343068 0.294482
0.644817 0.343035 0.293398
0.677185 0.343001 0.292314
0.709552 0.342968 0.291230
0.741919 0.342935 0.290146
0.774286 0.342901 0.289063
0.806653 0.342868 0.287979
0.839021 0.342835 0.286895
0.871388 0.342801 0.285811
0.903755 0.342768 0.284727
0.936122 0.342735 0.283643
0.968489 0.342701 0.282560
1.000000 0.342668 0.281476
1.000000 0.342634 0.280392
1.000000 0.342601 0.279308
1.000000 0.342568 0.278224
0.065966 0.374773 0.309261
0.098333 0.374739 0.308177
0.130701 0.374706 0.307093
0.163068 0.374673 0.306009
0.195435 0.374639 0.304926
0.227802 0.374606 0.303842
0.260169 0.374573 0.302758
0.292537 0.374539 0.301674
0.324904 0.374506 0.300590
0.357271 0.374473 0.299506
0.389638 0.374439 0.298423
0.422005 0.374406 0.297339
0.454373 0.374373 0.296255
0.486740 0.374339 0.295171
0.519107 0.374306 0.294087
0.551474 0.374273 0.293003
0.583841 0.374239 0.291920
0.616209 0.374206 0.290836
0.648576 0.374172 0.289752
0.680943 0.374139 0.288668
0.713310 0.374106 0.287584
0.745677 0.374072 0.286500
0.778044 0.374039 0.285416
0.810412 0.374006 0.284333
0.842779 0.373972 0.283249
0.875146 0.373939 0.282165
0.907513 0.373906 0.281081
0.939880 0.373872 0.279997
0.972248 0.373839 0.278913
1.000000 0.373806 0.277830
1.000000 0.373772 0.276746
1.000000 0.373686 0.276193
1.000000 0.373370 0.277978
0.069725 0.405911 0.305615
0.102092 0.405877 0.304531
0.134459 0.405844 0.303447
0.166826 0.405811 0.302363
0.199193 0.405777 0.301280
0.231561 0.405744 0.300196
0.263928 0.405710 0.299112
0.296295 0.405677 0.298028
0.328662 0.405644 0.296944
0.361029 0.405610 0.295860
0.393396 0.405577 0.294776
0.425764 0.405544 0.293693
0.458131 0.405510 0.292609
0.490498 0.405477 0.291525
0.522865 0.405444 0.290441
0.555232 0.405410 0.289357
0.587600 0.405377 0.288273
0.619967 0.405344 0.287190
0.652334 0.405310 0.286106
0.684701 0.405277 0.285022
0.717068 0.405244 0.283938
0.749436 0.405210 0.282854
0.781803 0.405177 0.281770
0.814170 0.405144 0.280687
0.846537 0.405110 0.279603
0.878904 0.405077 0.278519
0.911272 0.405043 0.277435
0.943639 0.405010 0.276351
0.974586 0.404821 0.276843
1.000000 0.404504 0.278627
1.000000 0.404187 0.280411
1.000000 0.403871 0.282195
1.000000 0.403554 0.283980
0.073483 0.437048 0.301969
0.105850 0.437015 0.300885
0.138217 0.436982 0.299801
0.170584 0.436948 0.298717
0.202952 0.436915 0.297633
0.235319 0.436882 0.296550
0.267686 0.436848 0.295466
0.300053 0.436815 0.294382
0.332420 0.436782 0.293298
0.364788 0.436748 0.292214
0.397155 0.436715 0.291130
0.429522 0.436682 0.290047
0.461889 0.436648 0.288963
0.494256 0.436615 0.287879
0.526624 0.436581 0.286795
0.558991 0.436548 0.285711
0.591358 0.436515 0.284627
0.623725 0.436481 0.283543
0.656092 0.436448 0.282460
0.688460 0.436415 0.281376
0.720827 0.436381 0.280292
0.753194 0.436348 0.279208
0.785561 0.436315 0.278124
0.817928 0.436281 0.277040
0.850295 0.436248 0.275957
0.880302 0.435956 0.277493
0.910084 0.435639 0.279277
0.939867 0.435322 0.281061
0.969650 0.435005 0.282845
0.999432 0.434688 0.284629
1.000000 0.434372 0.286413
1.000000 0.434055 0.288198
1.000000 0.433738 0.289982
0.077241 0.468186 0.298323
0.109608 0.468153 0.297239
0.141976 0.468119 0.296155
0.174343 0.468086 0.295071
0.206710 0.468053 0.293987
0.239077 0.468019 0.292903
0.271444 0.467986 0.291820
0.303812 0.467953 0.290736
0.336179 0.467919 0.289652
0.368546 0.467886 0.288568
0.400913 0.467853 0.287484
0.433280 0.467819 0.286400
0.465647 0.467786 0.285317
0.498015 0.467753 0.284233
0.530382 0.467719 0.283149
0.562749 0.467686 0.282065
0.595116 0.467653 0.280981
0.627483 0.467619 0.279897
0.659851 0.467586 0.278813
0.692218 0.467553 0.277730
0.724585 0.467519 0.276646
0.756235 0.467407 0.276358
0.786018 0.467090 0.278142
0.815800 0.466774 0.279926
0.845583 0.466457 0.281710
0.875366 0.466140 0.283495
0.905148 0.465823 0.285279
0.934931 0.465506 0.287063
0.964713 0.465189 0.288847
0.994496 0.464873 0.290631
1.000000 0.464556 0.292415
1.000000 0.464239 0.294200
1.000000 0.463922 0.295984
0.080999 0.499324 0.294677
0.113367 0.499291 0.293593
0.145734 0.499257 0.292509
0.178101 0.499224 0.291425
0.210468 0.499191 0.290341
0.242835 0.499157 0.289257
0.275203 0.499124 0.288173
0.307570 0.499091 0.287090
0.339937 0.499057 0.286006
0.372304 0.499024 0.284922
0.404671 0.498990 0.283838
0.437039 0.498957 0.282754
0.469406 0.498924 0.281670
0.501773 0.498890 0.280587
0.534140 0.498857 0.279503
0.566507 0.498824 0.278419
0.598875 0.498790 0.277335
0.631242 0.498757 0.276251
0.661951 0.498542 0.277007
0.691733 0.498225 0.278792
0.721516 0.497908 0.280576
0.751299 0.497591 0.282360
0.781081 0.497275 0.284144
0.810864 0.496958 0.285928
0.840647 0.496641 0.287712
0.870429 0.496324 0.289497
0.900212 0.496007 0.291281
0.929995 0.495690 0.293065
0.959777 0.495374 0.294849
0.989560 0.495057 0.296633
1.000000 0.494740 0.298418
1.000000 0.494423 0.300202
1.000000 0.494106 0.301986
0.084758 0.530462 0.291030
0.117125 0.530428 0.289947
0.149492 0.530395 0.288863
0.181859 0.530362 0.287779
0.214227 0.530328 0.286695
0.246594 0.530295 0.285611
0.278961 0.530262 0.284527
0.311328 0.530228 0.283444
0.343695 0.530195 0.282360
0.376063 0.530162 0.281276
0.408430 0.530128 0.280192
0.440797 0.530095 0.279108
0.473164 0.530062 0.278024
0.505531 0.530028 0.276940
0.537884 0.529993 0.275873
0.567667 0.529676 0.277657
0.597449 0.529360 0.279441
0.627232 0.529043 0.281225
0.657014 0.528726 0.283010
0.686797 0.528409 0.284794
0.716580 0.528092 0.286578
0.746362 0.527776 0.288362
0.776145 0.527459 0.290146
0.805928 0.527142 0.291930
0.835710 0.526825 0.293715
0.865493 0.526508 0.295499
0.895276 0.526192 0.297283
0.925058 0.525875 0.299067
0.954841 0.525558 0.300851
0.984624 0.525241 0.302635
1.000000 0.524924 0.304420
1.000000 0.524607 0.306204
1.000000 0.524291 0.307988
0.088516 0.561600 0.287384
0.120883 0.561566 0.286300
0.153250 0.561533 0.285217
0.185618 0.561500 0.284133
0.217985 0.561466 0.283049
0.250352 0.561433 0.281965
0.282719 0.561400 0.280881
0.315086 0.561366 0.279797
0.347454 0.561333 0.278714
0.379821 0.561299 0.277630
0.412188 0.561266 0.276546
0.443600 0.561128 0.276522
0.473382 0.560811 0.278307
0.503165 0.560494 0.280091
0.532948 0.560178 0.281875
0.562730 0.559861 0.283659
0.592513 0.559544 0.285443
0.622296 0.559227 0.287227
0.652078 0.558910 0.289012
0.681861 0.558593 0.290796
0.711643 0.558277 0.292580
0.741426 0.557960 0.294364
0.771209 0.557643 0.296148
0.800991 0.557326 0.297932
0.830774 0.557009 0.299717
0.860557 0.556693 0.301501
0.890339 0.556376 0.303285
0.920122 0.556059 0.305069
0.949905 0.555742 0.306853
0.979687 0.555425 0.308637
1.000000 0.555108 0.310422
1.000000 0.554792 0.312206
1.000000 0.554475 0.313990
0.092274 0.592737 0.283738
0.124642 0.592704 0.282654
0.157009 0.592671 0.281571
0.189376 0.592637 0.280487
0.221743 0.592604 0.279403
0.254110 0.592571 0.278319
0.286478 0.592537 0.277235
0.318845 0.592504 0.276151
0.349315 0.592263 0.277172
0.379098 0.591946 0.278956
0.408881 0.591629 0.280740
0.438663 0.591312 0.282524
0.468446 0.590995 0.284309
0.498229 0.590679 0.286093
0.528011 0.590362 0.287877
0.557794 0.590045 0.289661
0.587577 0.589728 0.291445
0.617359 0.589411 0.293229
0.647142 0.589094 0.295014
0.676925 0.588778 0.296798
0.706707 0.588461 0.298582
0.736490 0.588144 0.300366
0.766272 0.587827 0.302150
0.796055 0.587510 0.303935
0.825838 0.587194 0.305719
0.855620 0.586877 0.307503
0.885403 0.586560 0.309287
0.915186 0.586243 0.311071
0.944968 0.585926 0.312855
0.974751 0.585609 0.314640
1.000000 0.585293 0.316424
1.000000 0.584976 0.318208
1.000000 0.584659 0.319992
0.096033 0.623875 0.280092
0.128400 0.623842 0.279008
0.160767 0.623809 0.277924
0.193134 0.623775 0.276841
0.225249 0.623714 0.276037
0.255031 0.623397 0.277821
0.284814 0.623080 0.279606
0.314597 0.622764 0.281390
0.344379 0.622447 0.283174
0.374162 0.622130 0.284958
0.403944 0.621813 0.286742
0.433727 0.621496 0.288527
0.463510 0.621180 0.290311
0.493292 0.620863 0.292095
0.523075 0.620546 0.293879
0.552858 0.620229 0.295663
0.582640 0.619912 0.297447
0.612423 0.619595 0.299232
0.642206 0.619279 0.301016
0.671988 0.618962 0.302800
0.701771 0.618645 0.304584
0.731554 0.618328 0.306368
0.761336 0.618011 0.308152
0.791119 0.617695 0.309937
0.820901 0.617378 0.311721
0.850684 0.617061 0.313505
0.880467 0.616744 0.315289
0.910249 0.616427 0.317073
0.940032 0.616111 0.318857
0.969815 0.615794 0.320642
0.999597 0.615477 0.322426
1.000000 0.615160 0.324210
1.000000 0.614843 0.325994
0.099791 0.655013 0.276446
0.130964 0.654849 0.276687
0.160747 0.654532 0.278471
0.190530 0.654215 0.280255
0.220312 0.653898 0.282039
0.250095 0.653581 0.283824
0.279878 0.653265 0.285608
0.309660 0.652948 0.287392
0.339443 0.652631 0.289176
0.369226 0.652314 0.290960
0.399008 0.651997 0.292744
0.428791 0.651681 0.294529
0.458573 0.651364 0.296313
0.488356 0.651047 0.298097
0.518139 0.650730 0.299881
0.547921 0.650413 0.301665
0.577704 0.650097 0.303449
0.607487 0.649780 0.305234
0.637269 0.649463 0.307018
0.667052 0.649146 0.308802
0.696835 0.648829 0.310586
0.726617 0.648512 0.312370
0.756400 0.648196 0.314154
0.786183 0.647879 0.315939
0.815965 0.647562 0.317723
0.845748 0.647245 0.319507
0.875530 0.646928 0.321291
0.905313 0.646612 0.323075
0.935096 0.646295 0.324860
0.964878 0.645978 0.326644
0.994661 0.645661 0.328428
1.000000 0.645344 0.330212
1.000000 0.645027 0.331996
0.096245 0.685350 0.280905
0.126028 0.685033 0.282689
0.155811 0.684716 0.284473
0.185593 0.684399 0.286257
0.215376 0.684083 0.288041
0.245159 0.683766 0.289826
0.274941 0.683449 0.291610
0.304724 0.683132 0.293394
0.334507 0.682815 0.295178
0.364289 0.682498 0.296962
0.394072 0.682182 0.298746
0.423855 0.681865 0.300531
0.453637 0.681548 0.302315
0.483420 0.681231 0.304099
0.513202 0.680914 0.305883
0.542985 0.680598 0.307667
0.572768 0.680281 0.309452
0.602550 0.679964 0.311236
0.632333 0.679647 0.313020
0.662116 0.679330 0.314804
0.691898 0.679013 0.316588
0.721681 0.678697 0.318372
0.751464 0.678380 0.320157
0.781246 0.678063 0.321941
0.811029 0.677746 0.323725
0.840812 0.677429 0.325509
0.870594 0.677113 0.327293
0.900377 0.676796 0.329077
0.930159 0.676479 0.330862
0.959942 0.676162 0.332646
0.989725 0.675845 0.334430
1.000000 0.675529 0.336214
1.000000 0.675212 0.337998
0.091309 0.715534 0.286907
0.121092 0.715217 0.288691
0.150874 0.714900 0.290475
0.180657 0.714584 0.292259
0.210440 0.714267 0.294044
0.240222 0.713950 0.295828
0.270005 0.713633 0.297612
0.299788 0.713316 0.299396
0.329570 0.712999 0.301180
0.359353 0.712683 0.302964
0.389136 0.712366 0.304749
0.418918 0.712049 0.306533
0.448701 0.711732 0.308317
0.478484 0.711415 0.310101
0.508266 0.711099 0.311885
0.538049 0.710782 0.313669
0.567831 0.710465 0.315454
0.597614 0.710148 0.317238
0.627397 0.709831 0.319022
0.657179 0.709515 0.320806
0.686962 0.709198 0.322590
0.716745 0.708881 0.324374
0.746527 0.708564 0.326159
0.776310 0.708247 0.327943
0.806093 0.707930 0.329727
0.835875 0.707614 0.331511
0.865658 0.707297 0.333295
0.895441 0.706980 0.335079
0.925223 0.706663 0.336864
0.955006 0.706346 0.338648
0.984788 0.706030 0.340432
1.000000 0.705713 0.342216
1.000000 0.705396 0.344000
0.086373 0.745718 0.292909
0.116156 0.745401 0.294693
0.145938 0.745085 0.296477
0.175721 0.744768 0.298261
0.205503 0.744451 0.300046
0.235286 0.744134 0.301830
0.265069 0.743817 0.303614
0.294851 0.743501 0.305398
0.324634 0.743184 0.307182
0.354417 0.742867 0.308966
0.384199 0.742550 0.310751
0.413982 0.742233 0.312535
0.443765 0.741916 0.314319
0.473547 0.741600 0.316103
0.503330 0.741283 0.317887
0.533113 0.740966 0.319671
0.562895 0.740649 0.321456
0.592678 0.740332 0.323240
0.622460 0.740016 0.325024
0.652243 0.739699 0.326808
0.682026 0.739382 0.328592
0.711808 0.739065 0.330377
0.741591 0.738748 0.332161
0.771374 0.738431 0.333945
0.801156 0.738115 0.335729
0.830939 0.737798 0.337513
0.860722 0.737481 0.339297
0.890504 0.737164 0.341082
0.920287 0.736847 0.342866
0.950070 0.736531 0.344650
0.979852 0.736214 0.346434
1.000000 0.735897 0.348218
1.000000 0.735580 0.350002
0.081437 0.775902 0.298911
0.111219 0.775586 0.300695
0.141002 0.775269 0.302479
0.170785 0.774952 0.304263
0.200567 0.774635 0.306048
0.230350 0.774318 0.307832
0.260132 0.774002 0.309616
0.289915 0.773685 0.311400
0.319698 0.773368 0.313184
0.349480 0.773051 0.314969
0.379263 0.772734 0.316753
0.409046 0.772417 0.318537
0.438828 0.772101 0.320321
0.468611 0.771784 0.322105
0.498394 0.771467 0.323889
0.528176 0.771150 0.325674
0.557959 0.770833 0.327458
0.587742 0.770517 0.329242
0.617524 0.770200 0.331026
0.647307 0.769883 0.332810
0.677089 0.769566 0.334594
0.706872 0.769249 0.336379
0.736655 0.768932 0.338163
0.766437 0.768616 0.339947
0.796220 0.768299 0.341731
0.826003 0.767982 0.343515
0.855785 0.767665 0.345299
0.885568 0.767348 0.347084
0.915351 0.767032 0.348868
0.945133 0.766715 0.350652
0.974916 0.766398 0.352436
1.000000 0.766081 0.354220
1.000000 0.765764 0.356004
0.076500 0.806087 0.304913
0.106283 0.805770 0.306697
0.136066 0.805453 0.308481
0.165848 0.805136 0.310266
0.195631 0.804819 0.312050
0.225414 0.804503 0.313834
0.255196 0.804186 0.315618
0.284979 0.803869 0.317402
0.314761 0.803552 0.319186
0.344544 0.803235 0.320971
0.374327 0.802918 0.322755
0.404109 0.802602 0.324539
0.433892 0.802285 0.326323
0.463675 0.801968 0.328107
0.493457 0.801651 0.329891
0.523240 0.801334 0.331676
0.553023 0.801018 0.333460
0.582805 0.800701 0.335244
0.612588 0.800384 0.337028
0.642371 0.800067 0.338812
0.672153 0.799750 0.340596
0.701936 0.799434 0.342381
0.731718 0.799117 0.344165
0.761501 0.798800 0.345949
0.791284 0.798483 0.347733
0.821066 0.798166 0.349517
0.850849 0.797849 0.351302
0.880632 0.797533 0.353086
0.910414 0.797216 0.354870
0.940197 0.796899 0.356654
0.969980 0.796582 0.358438
0.999762 0.796265 0.360222
1.000000 0.795949 0.362007
0.071564 0.836271 0.310915
0.101347 0.835954 0.312699
0.131129 0.835637 0.314483
0.160912 0.835320 0.316268
0.190695 0.835004 0.318052
0.220477 0.834687 0.319836
0.250260 0.834370 0.321620
0.280043 0.834053 0.323404
0.309825 0.833736 0.325188
0.339608 0.833420 0.326973
0.369390 0.833103 0.328757
0.399173 0.832786 0.330541
0.428956 0.832469 0.332325
0.458738 0.832152 0.334109
0.488521 0.831835 0.335894
0.518304 0.831519 0.337678
0.548086 0.831202 0.339462
0.577869 0.830885 0.341246
0.607652 0.830568 0.343030
0.637434 0.830251 0.344814
0.667217 0.829935 0.346599
0.697000 0.829618 0.348383
0.726782 0.829301 0.350167
0.756565 0.828984 0.351951
0.786347 0.828667 0.353735
0.816130 0.828350 0.355519
0.845913 0.828034 0.357304
0.875695 0.827717 0.359088
0.905478 0.827400 0.360872
0.935261 0.827083 0.362656
0.965043 0.826766 0.364440
0.994826 0.826450 0.366224
1.000000 0.826133 0.368009
0.066628 0.866455 0.316917
0.096410 0.866138 0.318701
0.126193 0.865821 0.320486
0.155976 0.865505 0.322270
0.185758 0.865188 0.324054
0.215541 0.864871 0.325838
0.245324 0.864554 0.327622
0.275106 0.864237 0.329406
0.304889 0.863921 0.331191
0.334672 0.863604 0.332975
0.364454 0.863287 0.334759
0.394237 0.862970 0.336543
0.424019 0.862653 0.338327
0.453802 0.862336 0.340111
0.483585 0.862020 0.341896
0.513367 0.861703 0.343680
0.543150 0.861386 0.345464
0.572933 0.861069 0.347248
0.602715 0.860752 0.349032
0.632498 0.860436 0.350816
0.662281 0.860119 0.352601
0.692063 0.859802 0.354385
0.721846 0.859485 0.356169
0.751629 0.859168 0.357953
0.781411 0.858851 0.359737
0.811194 0.858535 0.361521
0.840976 0.858218 0.363306
0.870759 0.857901 0.365090
0.900542 0.857584 0.366874
0.930324 0.857267 0.368658
0.960107 0.856951 0.370442
0.989890 0.856634 0.372227
1.000000 0.856317 0.374011
0.061691 0.896639 0.322919
0.091474 0.896322 0.324703
0.121257 0.896006 0.326488
0.151039 0.895689 0.328272
0.180822 0.895372 0.330056
0.210605 0.895055 0.331840
0.240387 0.894738 0.333624
0.270170 0.894422 0.335408
0.299953 0.894105 0.337193
0.329735 0.893788 0.338977
0.359518 0.893471 0.340761
0.389301 0.893154 0.342545
0.419083 0.892837 0.344329
0.448866 0.892521 0.346113
0.478648 0.892204 0.347898
0.508431 0.891887 0.349682
0.538214 0.891570 0.351466
0.567996 0.891253 0.353250
0.597779 0.890937 0.355034
0.627562 0.890620 0.356819
0.657344 0.890303 0.358603
0.687127 0.889986 0.360387
0.716910 0.889669 0.362171
0.746692 0.889353 0.363955
0.776475 0.889036 0.365739
0.806258 0.888719 0.367524
0.836040 0.888402 0.369308
0.865823 0.888085 0.371092
0.895605 0.887768 0.372876
0.925388 0.887452 0.374660
0.955171 0.887135 0.376444
0.984953 0.886818 0.378229
1.000000 0.886501 0.380013
0.056755 0.926823 0.328921
0.086538 0.926507 0.330705
0.116320 0.926190 0.332490
0.146103 0.925873 0.334274
0.175886 0.925556 0.336058
0.205668 0.925239 0.337842
0.235451 0.924923 0.339626
0.265234 0.924606 0.341411
0.295016 0.924289 0.343195
0.324799 0.923972 0.344979
0.354582 0.923655 0.346763
0.384364 0.923339 0.348547
0.414147 0.923022 0.350331
0.443930 0.922705 0.352116
0.473712 0.922388 0.353900
0.503495 0.922071 0.355684
0.533277 0.921754 0.357468
0.563060 0.921438 0.359252
0.592843 0.921121 0.361036
0.622625 0.920804 0.362821
0.652408 0.920487 0.364605
0.682191 0.920170 0.366389
0.711973 0.919854 0.368173
0.741756 0.919537 0.369957
0.771539 0.919220 0.371741
0.801321 0.918903 0.373526
0.831104 0.918586 0.375310
0.860887 0.918269 0.377094
0.890669 0.917953 0.378878
0.920452 0.917636 0.380662
0.950234 0.917319 0.382446
0.980017 0.917002 0.384231
1.000000 0.916685 0.386015
0.051819 0.957008 0.334923
0.081602 0.956691 0.336708
0.111384 0.956374 0.338492
0.141167 0.956057 0.340276
0.170949 0.955740 0.342060
0.200732 0.955424 0.343844
0.230515 0.955107 0.345628
0.260297 0.954790 0.347413
0.290080 0.954473 0.349197
0.319863 0.954156 0.350981
0.349645 0.953840 0.352765
0.379428 0.953523 0.354549
0.409211 0.953206 0.356333
0.438993 0.952889 0.358118
0.468776 0.952572 0.359902
0.498559 0.952255 0.361686
0.528341 0.951939 0.363470
0.558124 0.951622 0.365254
0.587906 0.951305 0.367038
0.617689 0.950988 0.368823
0.647472 0.950671 0.370607
0.677254 0.950355 0.372391
0.707037 0.950038 0.374175
0.736820 0.949721 0.375959
0.766602 0.949404 0.377744
0.796385 0.949087 0.379528
0.826168 0.948770 0.381312
0.855950 0.948454 0.383096
0.885733 0.948137 0.384880
0.915516 0.947820 0.386664
0.945298 0.947503 0.388449
0.975081 0.947186 0.390233
1.000000 0.946870 0.392017
0.046883 0.987192 0.340925
0.076665 0.986875 0.342710
0.106448 0.986558 0.344494
0.136231 0.986241 0.346278
0.166013 0.985925 0.348062
0.195796 0.985608 0.349846
0.225578 0.985291 0.351630
0.255361 0.984974 0.353415
0.285144 0.984657 0.355199
0.314926 0.984341 0.356983
0.344709 0.984024 0.358767
0.374492 0.983707 0.360551
0.404274 0.983390 0.362336
0.434057 0.983073 0.364120
0.463840 0.982756 0.365904
0.493622 0.982440 0.367688
0.523405 0.982123 0.369472
0.553188 0.981806 0.371256
0.582970 0.981489 0.373041
0.612753 0.981172 0.374825
0.642535 0.980856 0.376609
0.672318 0.980539 0.378393
0.702101 0.980222 0.380177
0.731883 0.979905 0.381961
0.761666 0.979588 0.383746
0.791449 0.979272 0.385530
0.821231 0.978955 0.387314
0.851014 0.978638 0.389098
0.880797 0.978321 0.390882
0.910579 0.978004 0.392666
0.940362 0.977687 0.394451
0.970145 0.977371 0.396235
0.999927 0.977054 0.398019
0.021246 0.001108 0.383896
0.053613 0.001074 0.382813
0.085980 0.001041 0.381729
0.118348 0.001008 0.380645
0.150715 0.000974 0.379561
0.183082 0.000941 0.378477
0.215449 0.000908 0.377393
0.247816 0.000874 0.376309
0.280184 0.000841 0.375226
0.312551 0.000808 0.374142
0.344918 0.000774 0.373058
0.377285 0.000741 0.371974
0.409652 0.000707 0.370890
0.442019 0.000674 0.369806
0.474387 0.000641 0.368723
0.506754 0.000607 0.367639
0.539121 0.000574 0.366555
0.571488 0.000541 0.365471
0.603855 0.000507 0.364387
0.636223 0.000474 0.363303
0.668590 0.000441 0.362219
0.700957 0.000407 0.361136
0.733324 0.000374 0.360052
0.765691 0.000341 0.358968
0.798059 0.000307 0.357884
0.830426 0.000274 0.356800
0.862793 0.000241 0.355716
0.895160 0.000207 0.354633
0.927527 0.000174 0.353549
0.959895 0.000141 0.352465
0.992262 0.000107 0.351381
1.000000 0.000074 0.350297
1.000000 0.000041 0.349213
0.025004 0.032245 0.380250
0.057371 0.032212 0.379166
0.089739 0.032179 0.378083
0.122106 0.032145 0.376999
0.154473 0.032112 0.375915
0.186840 0.032079 0.374831
0.219207 0.032045 0.373747
0.251575 0.032012 0.372663
0.283942 0.031979 0.371579
0.316309 0.031945 0.370496
0.348676 0.031912 0.369412
0.381043 0.031879 0.368328
0.413411 0.031845 0.367244
0.445778 0.031812 0.366160
0.478145 0.031779 0.365076
0.510512 0.031745 0.363993
0.542879 0.031712 0.362909
0.575247 0.031679 0.361825
0.607614 0.031645 0.360741
0.639981 0.031612 0.359657
0.672348 0.031579 0.358573
0.704715 0.031545 0.357490
0.737083 0.031512 0.356406
0.769450 0.031478 0.355322
0.801817 0.031445 0.354238
0.834184 0.031412 0.353154
0.866551 0.031378 0.352070
0.898918 0.031345 0.350986
0.931286 0.031312 0.349903
0.963653 0.031278 0.348819
0.996020 0.031245 0.347735
1.000000 0.031212 0.346651
1.000000 0.031178 0.345567
0.028763 0.063383 0.376604
0.061130 0.063350 0.375520
0.093497 0.063317 0.374436
0.125864 0.063283 0.373353
0.158231 0.063250 0.372269
0.190599 0.063217 0.371185
0.222966 0.063183 0.370101
0.255333 0.063150 0.369017
0.287700 0.063117 0.367933
0.320067 0.063083 0.366850
0.352435 0.063050 0.365766
0.384802 0.063016 0.364682
0.417169 0.062983 0.363598
0.449536 0.062950 0.362514
0.481903 0.062916 0.361430
0.514270 0.062883 0.360346
0.546638 0.062850 0.359263
0.579005 0.062816 0.358179
0.611372 0.062783 0.357095
0.643739 0.062750 0.356011
0.676106 0.062716 0.354927
0.708474 0.062683 0.353843
0.740841 0.062650 0.352760
0.773208 0.062616 0.351676
0.805575 0.062583 0.350592
0.837942 0.062550 0.349508
0.870310 0.062516 0.348424
0.902677 0.062483 0.347340
0.935044 0.062450 0.346257
0.967411 0.062416 0.345173
0.999778 0.062383 0.344089
1.000000 0.062349 0.343005
1.000000 0.062316 0.341921
0.032521 0.094521 0.372958
0.064888 0.094488 0.371874
0.097255 0.094454 0.370790
0.129622 0.094421 0.369706
0.161990 0.094388 0.368623
0.194357 0.094354 0.367539
0.226724 0.094321 0.366455
0.259091 0.094288 0.365371
0.291458 0.094254 0.364287
0.323826 0.094221 0.363203
0.356193 0.094188 0.362120
0.388560 0.094154 0.361036
0.420927 0.094121 0.359952
0.453294 0.094088 0.358868
0.485662 0.094054 0.357784
0.518029 0.094021 0.356700
0.550396 0.093988 0.355617
0.582763 0.093954 0.354533
0.615130 0.093921 0.353449
0.647498 0.093887 0.352365
0.679865 0.093854 0.351281
0.712232 0.093821 0.350197
0.744599 0.093787 0.349113
0.776966 0.093754 0.348030
0.809334 0.093721 0.346946
0.841701 0.093687 0.345862
0.874068 0.093654 0.344778
0.906435 0.093621 0.343694
0.938802 0.093587 0.342610
0.971169 0.093554 0.341527
1.000000 0.093521 0.340443
1.000000 0.093487 0.339359
1.000000 0.093454 0.338275
0.036279 0.125659 0.369312
0.068646 0.125626 0.368228
0.101014 0.125592 0.367144
0.133381 0.125559 0.366060
0.165748 0.125526 0.364977
0.198115 0.125492 0.363893
0.230482 0.125459 0.362809
0.262850 0.125425 0.361725
0.295217 0.125392 0.360641
0.327584 0.125359 0.359557
0.359951 0.125325 0.358473
0.392318 0.125292 0.357390
0.424686 0.125259 0.356306
0.457053 0.125225 0.355222
0.489420 0.125192 0.354138
0.521787 0.125159 0.353054
0.554154 0.125125 0.351970
0.586521 0.125092 0.350887
0.618889 0.125059 0.349803
0.651256 0.125025 0.348719
0.683623 0.124992 0.347635
0.715990 0.124959 0.346551
0.748357 0.124925 0.345467
0.780725 0.124892 0.344383
0.813092 0.124859 0.343300
0.845459 0.124825 0.342216
0.877826 0.124792 0.341132
0.910193 0.124758 0.340048
0.942561 0.124725 0.338964
0.974928 0.124692 0.337880
1.000000 0.124658 0.336797
1.000000 0.124625 0.335713
1.000000 0.124592 0.334629
0.040038 0.156797 0.365666
0.072405 0.156763 0.364582
0.104772 0.156730 0.363498
0.137139 0.156697 0.362414
0.169506 0.156663 0.361330
0.201873 0.156630 0.360247
0.234241 0.156597 0.359163
0.266608 0.156563 0.358079
0.298975 0.156530 0.356995
0.331342 0.156497 0.355911
0.363709 0.156463 0.354827
0.396077 0.156430 0.353743
0.428444 0.156397 0.352660
0.460811 0.156363 0.351576
0.493178 0.156330 0.350492
0.525545 0.156296 0.349408
0.557913 0.156263 0.348324
0.590280 0.156230 0.347240
0.622647 0.156196 0.346157
0.655014 0.156163 0.345073
0.687381 0.156130 0.343989
0.719749 0.156096 0.342905
0.752116 0.156063 0.341821
0.784483 0.156030 0.340737
0.816850 0.155996 0.339654
0.849217 0.155963 0.338570
0.881585 0.155930 0.337486
0.913952 0.155896 0.336402
0.946319 0.155863 0.335318
0.978686 0.155830 0.334234
1.000000 0.155796 0.333150
1.000000 0.155763 0.332067
1.000000 0.155730 0.330983
0.043796 0.187935 0.362020
0.076163 0.187901 0.360936
0.108530 0.187868 0.359852
0.140897 0.187834 0.358768
0.173265 0.187801 0.357684
0.205632 0.187768 0.356600
0.237999 0.187734 0.355517
0.270366 0.187701 0.354433
0.302733 0.187668 0.353349
0.335101 0.187634 0.352265
0.367468 0.187601 0.351181
0.399835 0.187568 0.350097
0.432202 0.187534 0.349014
0.464569 0.187501 0.347930
0.496937 0.187468 0.346846
0.529304 0.187434 0.345762
0.561671 0.187401 0.344678
0.594038 0.187368 0.343594
0.626405 0.187334 0.342510
0.658772 0.187301 0.341427
0.691140 0.187268 0.340343
0.723507 0.187234 0.339259
0.755874 0.187201 0.338175
0.788241 0.187168 0.337091
0.820608 0.187134 0.336007
0.852976 0.187101 0.334924
0.885343 0.187067 0.333840
0.917710 0.187034 0.332756
0.950077 0.187001 0.331672
0.982444 0.186967 0.330588
1.000000 0.186934 0.329504
1.000000 0.186901 0.328421
1.000000 0.186867 0.327337
0.047554 0.219072 0.358374
0.079921 0.219039 0.357290
0.112289 0.219006 0.356206
0.144656 0.218972 0.355122
0.177023 0.218939 0.354038
0.209390 0.218906 0.352954
0.241757 0.218872 0.351870
0.274124 0.218839 0.350787
0.306492 0.218806 0.349703
0.338859 0.218772 0.348619
0.371226 0.218739 0.347535
0.403593 0.218706 0.346451
0.435960 0.218672 0.345367
0.468328 0.218639 0.344284
0.500695 0.218605 0.343200
0.533062 0.218572 0.342116
0.565429 0.218539 0.341032
0.597796 0.218505 0.339948
0.630164 0.218472 0.338864
0.662531 0.218439 0.337781
0.694898 0.218405 0.336697
0.727265 0.218372 0.335613
0.759632 0.218339 0.334529
0.792000 0.218305 0.333445
0.824367 0.218272 0.332361
0.856734 0.218239 0.331277
0.889101 0.218205 0.330194
0.921468 0.218172 0.329110
0.953835 0.218139 0.328026
0.986203 0.218105 0.326942
1.000000 0.218072 0.325858
1.000000 0.218039 0.324774
1.000000 0.218005 0.323691
0.051312 0.250210 0.354727
0.083680 0.250177 0.353644
0.116047 0.250143 0.352560
0.148414 0.250110 0.351476
0.180781 0.250077 0.350392
0.213148 0.250043 0.349308
0.245516 0.250010 0.348224
0.277883 0.249977 0.347141
0.310250 0.249943 0.346057
0.342617 0.249910 0.344973
0.374984 0.249877 0.343889
0.407352 0.249843 0.342805
0.439719 0.249810 0.341721
0.472086 0.249777 0.340637
0.504453 0.249743 0.339554
0.536820 0.249710 0.338470
0.569187 0.249677 0.337386
0.601555 0.249643 0.336302
0.633922 0.249610 0.335218
0.666289 0.249577 0.334134
0.698656 0.249543 0.333051
0.731023 0.249510 0.331967
0.763391 0.249476 0.330883
0.795758 0.249443 0.329799
0.828125 0.249410 0.328715
0.860492 0.249376 0.327631
0.892859 0.249343 0.326547
0.925227 0.249310 0.325464
0.957594 0.249276 0.324380
0.989961 0.249243 0.323296
1.000000 0.249210 0.322212
1.000000 0.249176 0.321128
1.000000 0.249143 0.320044
0.055071 0.281348 0.351081
0.087438 0.281315 0.349997
0.119805 0.281281 0.348914
0.152172 0.281248 0.347830
0.184539 0.281215 0.346746
0.216907 0.281181 0.345662
0.249274 0.281148 0.344578
0.281641 0.281115 0.343494
0.314008 0.281081 0.342411
0.346375 0.281048 0.341327
0.378743 0.281014 0.340243
0.411110 0.280981 0.339159
0.443477 0.280948 0.338075
0.475844 0.280914 0.336991
0.508211 0.280881 0.335907
0.540579 0.280848 0.334824
0.572946 0.280814 0.333740
0.605313 0.280781 0.332656
0.637680 0.280748 0.331572
0.670047 0.280714 0.330488
0.702415 0.280681 0.329404
0.734782 0.280648 0.328321
0.767149 0.280614 0.327237
0.799516 0.280581 0.326153
0.831883 0.280548 0.325069
0.864251 0.280514 0.323985
0.896618 0.280481 0.322901
0.928985 0.280448 0.321818
0.961352 0.280414 0.320734
0.993719 0.280381 0.319650
1.000000 0.280348 0.318566
1.000000 0.280314 0.317482
1.000000 0.280281 0.316398
0.058829 0.312486 0.347435
0.091196 0.312452 0.346351
0.123563 0.312419 0.345267
0.155931 0.312386 0.344184
0.188298 0.312352 0.343100
0.220665 0.312319 0.342016
0.253032 0.312286 0.340932
0.285399 0.312252 0.339848
0.317767 0.312219 0.338764
0.350134 0.312186 0.337681
0.382501 0.312152 0.336597
0.414868 0.312119 0.335513
0.447235 0.312086 0.334429
0.479603 0.312052 0.333345
0.511970 0.312019 0.332261
0.544337 0.311986 0.331178
0.576704 0.311952 0.330094
0.609071 0.311919 0.329010
0.641438 0.311886 0.327926
0.673806 0.311852 0.326842
0.706173 0.311819 0.325758
0.738540 0.311785 0.324674
0.770907 0.311752 0.323591
0.803274 0.311719 0.322507
0.835642 0.311685 0.321423
0.868009 0.311652 0.320339
0.900376 0.311619 0.319255
0.932743 0.311585 0.318171
0.965110 0.311552 0.317088
0.997478 0.311519 0.316004
1.000000 0.311485 0.314920
1.000000 0.311452 0.313836
1.000000 0.311419 0.312752
0.062587 0.343624 0.343789
0.094955 0.343590 0.342705
0.127322 0.343557 0.341621
0.159689 0.343524 0.340538
0.192056 0.343490 0.339454
0.224423 0.343457 0.338370
0.256790 0.343424 0.337286
0.289158 0.343390 0.336202
0.321525 0.343357 0.335118
0.353892 0.343323 0.334034
0.386259 0.343290 0.332951
0.418626 0.343257 0.331867
0.450994 0.343223 0.330783
0.483361 0.343190 0.329699
0.515728 0.343157 0.328615
0.548095 0.343123 0.327531
0.580462 0.343090 0.326448
0.612830 0.343057 0.325364
0.645197 0.343023 0.324280
0.677564 0.342990 0.323196
0.709931 0.342957 0.322112
0.742298 0.342923 0.321028
0.774666 0.342890 0.319945
0.807033 0.342857 0.318861
0.839400 0.342823 0.317777
0.871767 0.342790 0.316693
0.904134 0.342757 0.315609
0.936502 0.342723 0.314525
0.968869 0.342690 0.313441
1.000000 0.342656 0.312358
1.000000 0.342623 0.311274
1.000000 0.342590 0.310190
1.000000 0.342556 0.309106
0.066346 0.374761 0.340143
0.098713 0.374728 0.339059
0.131080 0.374695 0.337975
0.163447 0.374661 0.336891
0.195814 0.374628 0.335808
0.228182 0.374595 0.334724
0.260549 0.374561 0.333640
0.292916 0.374528 0.332556
0.325283 0.374495 0.331472
0.357650 0.374461 0.330388
0.390018 0.374428 0.329305
0.422385 0.374395 0.328221
0.454752 0.374361 0.327137
0.487119 0.374328 0.326053
0.519486 0.374295 0.324969
0.551854 0.374261 0.323885
0.584221 0.374228 0.322801
0.616588 0.374194 0.321718
0.648955 0.374161 0.320634
0.681322 0.374128 0.319550
0.713689 0.374094 0.318466
0.746057 0.374061 0.317382
0.778424 0.374028 0.316298
0.810791 0.373994 0.315215
0.843158 0.373961 0.314131
0.875525 0.373928 0.313047
0.907893 0.373894 0.311963
0.940260 0.373861 0.310879
0.972627 0.373828 0.309795
1.000000 0.373794 0.308711
1.000000 0.373761 0.307628
1.000000 0.373579 0.308049
1.000000 0.373262 0.309833
0.070104 0.405899 0.336497
0.102471 0.405866 0.335413
0.134838 0.405833 0.334329
0.167206 0.405799 0.333245
0.199573 0.405766 0.332161
0.231940 0.405732 0.331078
0.264307 0.405699 0.329994
0.296674 0.405666 0.328910
0.329041 0.405632 0.327826
0.361409 0.405599 0.326742
0.393776 0.405566 0.325658
0.426143 0.405532 0.324575
0.458510 0.405499 0.323491
0.490877 0.405466 0.322407
0.523245 0.405432 0.321323
0.555612 0.405399 0.320239
0.587979 0.405366 0.319155
0.620346 0.405332 0.318071
0.652713 0.405299 0.316988
0.685081 0.405266 0.315904
0.717448 0.405232 0.314820
0.749815 0.405199 0.313736
0.782182 0.405166 0.312652
0.814549 0.405132 0.311568
0.846917 0.405099 0.310485
0.879284 0.405065 0.309401
0.911651 0.405032 0.308317
0.944018 0.404999 0.307233
0.974088 0.404713 0.308699
1.000000 0.404397 0.310483
1.000000 0.404080 0.312267
1.000000 0.403763 0.314051
1.000000 0.403446 0.315836
0.073862 0.437037 0.332851
0.106229 0.437004 0.331767
0.138597 0.436970 0.330683
0.170964 0.436937 0.329599
0.203331 0.436904 0.328515
0.235698 0.436870 0.327431
0.268065 0.436837 0.326348
0.300433 0.436804 0.325264
0.332800 0.436770 0.324180
0.365167 0.436737 0.323096
0.397534 0.436704 0.322012
0.429901 0.436670 0.320928
0.462269 0.436637 0.319845
0.494636 0.436603 0.318761
0.527003 0.436570 0.317677
0.559370 0.436537 0.316593
0.591737 0.436503 0.315509
0.624105 0.436470 0.314425
0.656472 0.436437 0.313342
0.688839 0.436403 0.312258
0.721206 0.436370 0.311174
0.753573 0.436337 0.310090
0.785940 0.436303 0.309006
0.818308 0.436270 0.307922
0.850021 0.436165 0.307564
0.879803 0.435848 0.309348
0.909586 0.435531 0.311133
0.939369 0.435214 0.312917
0.969151 0.434898 0.314701
0.998934 0.434581 0.316485
1.000000 0.434264 0.318269
1.000000 0.433947 0.320053
1.000000 0.433630 0.321838
0.077621 0.468175 0.329205
0.109988 0.468141 0.328121
0.142355 0.468108 0.327037
0.174722 0.468075 0.325953
0.207089 0.468041 0.324869
0.239457 0.468008 0.323785
0.271824 0.467975 0.322702
0.304191 0.467941 0.321618
0.336558 0.467908 0.320534
0.368925 0.467875 0.319450
0.401292 0.467841 0.318366
0.433660 0.467808 0.317282
0.466027 0.467775 0.316198
0.498394 0.467741 0.315115
0.530761 0.467708 0.314031
0.563128 0.467675 0.312947
0.595496 0.467641 0.311863
0.627863 0.467608 0.310779
0.660230 0.467575 0.309695
0.692597 0.467541 0.308612
0.724964 0.467508 0.307528
0.755737 0.467300 0.308214
0.785519 0.466983 0.309998
0.815302 0.466666 0.311782
0.845085 0.466349 0.313566
0.874867 0.466032 0.315350
0.904650 0.465716 0.317135
0.934432 0.465399 0.318919
0.964215 0.465082 0.320703
0.993998 0.464765 0.322487
1.000000 0.464448 0.324271
1.000000 0.464131 0.326056
1.000000 0.463815 0.327840
0.081379 0.499313 0.325558
0.113746 0.499279 0.324475
0.146113 0.499246 0.323391
0.178480 0.499213 0.322307
0.210848 0.499179 0.321223
0.243215 0.499146 0.320139
0.275582 0.499113 0.319055
0.307949 0.499079 0.317972
0.340316 0.499046 0.316888
0.372684 0.499013 0.315804
0.405051 0.498979 0.314720
0.437418 0.498946 0.313636
0.469785 0.498912 0.312552
0.502152 0.498879 0.311469
0.534520 0.498846 0.310385
0.566887 0.498812 0.309301
0.599254 0.498779 0.308217
0.631621 0.498746 0.307133
0.661452 0.498434 0.308863
0.691235 0.498117 0.310648
0.721018 0.497801 0.312432
0.750800 0.497484 0.314216
0.780583 0.497167 0.316000
0.810366 0.496850 0.317784
0.840148 0.496533 0.319568
0.869931 0.496217 0.321353
0.899714 0.495900 0.323137
0.929496 0.495583 0.324921
0.959279 0.495266 0.326705
0.989061 0.494949 0.328489
1.000000 0.494632 0.330273
1.000000 0.494316 0.332058
1.000000 0.493999 0.333842
0.085137 0.530450 0.321912
0.117504 0.530417 0.320829
0.149872 0.530384 0.319745
0.182239 0.530350 0.318661
0.214606 0.530317 0.317577
0.246973 0.530284 0.316493
0.279340 0.530250 0.315409
0.311708 0.530217 0.314325
0.344075 0.530184 0.313242
0.376442 0.530150 0.312158
0.408809 0.530117 0.311074
0.441176 0.530084 0.309990
0.473543 0.530050 0.308906
0.505911 0.530017 0.307822
0.537386 0.529886 0.307729
0.567168 0.529569 0.309513
0.596951 0.529252 0.311297
0.626733 0.528935 0.313081
0.656516 0.528618 0.314865
0.686299 0.528302 0.316650
0.716081 0.527985 0.318434
0.745864 0.527668 0.320218
0.775647 0.527351 0.322002
0.805429 0.527034 0.323786
0.835212 0.526718 0.325570
0.864995 0.526401 0.327355
0.894777 0.526084 0.329139
0.924560 0.525767 0.330923
0.954343 0.525450 0.332707
0.984125 0.525133 0.334491
1.000000 0.524817 0.336275
1.000000 0.524500 0.338060
1.000000 0.524183 0.339844
0.088895 0.561588 0.318266
0.121263 0.561555 0.317182
0.153630 0.561522 0.316099
0.185997 0.561488 0.315015
0.218364 0.561455 0.313931
0.250731 0.561422 0.312847
0.283099 0.561388 0.311763
0.315466 0.561355 0.310679
0.347833 0.561321 0.309595
0.380200 0.561288 0.308512
0.412567 0.561255 0.307428
0.443101 0.561020 0.308378
0.472884 0.560704 0.310162
0.502667 0.560387 0.311947
0.532449 0.560070 0.313731
0.562232 0.559753 0.315515
0.592015 0.559436 0.317299
0.621797 0.559119 0.319083
0.651580 0.558803 0.320867
0.681362 0.558486 0.322652
0.711145 0.558169 0.324436
0.740928 0.557852 0.326220
0.770710 0.557535 0.328004
0.800493 0.557219 0.329788
0.830276 0.556902 0.331573
0.860058 0.556585 0.333357
0.889841 0.556268 0.335141
0.919624 0.555951 0.336925
0.949406 0.555635 0.338709
0.979189 0.555318 0.340493
1.000000 0.555001 0.342278
1.000000 0.554684 0.344062
1.000000 0.554367 0.345846
0.092654 0.592726 0.314620
0.125021 0.592693 0.313536
0.157388 0.592659 0.312452
0.189755 0.592626 0.311369
0.222123 0.592593 0.310285
0.254490 0.592559 0.309201
0.286857 0.592526 0.308117
0.319034 0.592472 0.307244
0.348817 0.592155 0.309028
0.378600 0.591838 0.310812
0.408382 0.591521 0.312596
0.438165 0.591205 0.314380
0.467948 0.590888 0.316165
0.497730 0.590571 0.317949
0.527513 0.590254 0.319733
0.557296 0.589937 0.321517
0.587078 0.589621 0.323301
0.616861 0.589304 0.325085
0.646644 0.588987 0.326870
0.676426 0.588670 0.328654
0.706209 0.588353 0.330438
0.735991 0.588036 0.332222
0.765774 0.587720 0.334006
0.795557 0.587403 0.335790
0.825339 0.587086 0.337575
0.855122 0.586769 0.339359
0.884905 0.586452 0.341143
0.914687 0.586136 0.342927
0.944470 0.585819 0.344711
0.974253 0.585502 0.346495
1.000000 0.585185 0.348280
1.000000 0.584868 0.350064
1.000000 0.584551 0.351848
0.096412 0.623864 0.310974
0.128779 0.623831 0.309890
0.161146 0.623797 0.308806
0.193514 0.623764 0.307722
0.224750 0.623607 0.307893
0.254533 0.623290 0.309677
0.284316 0.622973 0.311462
0.314098 0.622656 0.313246
0.343881 0.622339 0.315030
0.373663 0.622022 0.316814
0.403446 0.621706 0.318598
0.433229 0.621389 0.320382
0.463011 0.621072 0.322167
0.492794 0.620755 0.323951
0.522577 0.620438 0.325735
0.552359 0.620122 0.327519
0.582142 0.619805 0.329303
0.611925 0.619488 0.331087
0.641707 0.619171 0.332872
0.671490 0.618854 0.334656
0.701273 0.618537 0.336440
0.731055 0.618221 0.338224
0.760838 0.617904 0.340008
0.790620 0.617587 0.341792
0.820403 0.617270 0.343577
0.850186 0.616953 0.345361
0.879968 0.616637 0.347145
0.909751 0.616320 0.348929
0.939534 0.616003 0.350713
0.969316 0.615686 0.352498
0.999099 0.615369 0.354282
1.000000 0.615052 0.356066
1.000000 0.614736 0.357850
0.100170 0.655002 0.307328
0.130466 0.654741 0.308543
0.160249 0.654424 0.310327
0.190031 0.654108 0.312111
0.219814 0.653791 0.313895
0.249597 0.653474 0.315679
0.279379 0.653157 0.317464
0.309162 0.652840 0.319248
0.338945 0.652523 0.321032
0.368727 0.652207 0.322816
0.398510 0.651890 0.324600
0.428292 0.651573 0.326384
0.458075 0.651256 0.328169
0.487858 0.650939 0.329953
0.517640 0.650623 0.331737
0.547423 0.650306 0.333521
0.577206 0.649989 0.335305
0.606988 0.649672 0.337090
0.636771 0.649355 0.338874
0.666554 0.649038 0.340658
0.696336 0.648722 0.342442
0.726119 0.648405 0.344226
0.755902 0.648088 0.346010
0.785684 0.647771 0.347795
0.815467 0.647454 0.349579
0.845249 0.647138 0.351363
0.875032 0.646821 0.353147
0.904815 0.646504 0.354931
0.934597 0.646187 0.356715
0.964380 0.645870 0.358500
0.994163 0.645554 0.360284
1.000000 0.645237 0.362068
1.000000 0.644920 0.363852
0.095747 0.685242 0.312761
0.125530 0.684925 0.314545
0.155312 0.684609 0.316329
0.185095 0.684292 0.318113
0.214878 0.683975 0.319897
0.244660 0.683658 0.321682
0.274443 0.683341 0.323466
0.304226 0.683024 0.325250
0.334008 0.682708 0.327034
0.363791 0.682391 0.328818
0.393574 0.682074 0.330602
0.423356 0.681757 0.332387
0.453139 0.681440 0.334171
0.482921 0.681124 0.335955
0.512704 0.680807 0.337739
0.542487 0.680490 0.339523
0.572269 0.680173 0.341307
0.602052 0.679856 0.343092
0.631835 0.679540 0.344876
0.661617 0.679223 0.346660
0.691400 0.678906 0.348444
0.721183 0.678589 0.350228
0.750965 0.678272 0.352012
0.780748 0.677955 0.353797
0.810531 0.677639 0.355581
0.840313 0.677322 0.357365
0.870096 0.677005 0.359149
0.899879 0.676688 0.360933
0.929661 0.676371 0.362717
0.959444 0.676055 0.364502
0.989226 0.675738 0.366286
1.000000 0.675421 0.368070
1.000000 0.675104 0.369854
0.090811 0.715426 0.318763
0.120593 0.715110 0.320547
0.150376 0.714793 0.322331
0.180159 0.714476 0.324115
0.209941 0.714159 0.325899
0.239724 0.713842 0.327684
0.269507 0.713526 0.329468
0.299289 0.713209 0.331252
0.329072 0.712892 0.333036
0.358855 0.712575 0.334820
0.388637 0.712258 0.336604
0.418420 0.711941 0.338389
0.448203 0.711625 0.340173
0.477985 0.711308 0.341957
0.507768 0.710991 0.343741
0.537551 0.710674 0.345525
0.567333 0.710357 0.347309
0.597116 0.710041 0.349094
0.626898 0.709724 0.350878
0.656681 0.709407 0.352662
0.686464 0.709090 0.354446
0.716246 0.708773 0.356230
0.746029 0.708456 0.358015
0.775812 0.708140 0.359799
0.805594 0.707823 0.361583
0.835377 0.707506 0.363367
0.865160 0.707189 0.365151
0.894942 0.706872 0.366935
0.924725 0.706556 0.368720
0.954508 0.706239 0.370504
0.984290 0.705922 0.372288
1.000000 0.705605 0.374072
1.000000 0.705288 0.375856
0.085875 0.745611 0.324765
0.115657 0.745294 0.326549
0.145440 0.744977 0.328333
0.175223 0.744660 0.330117
0.205005 0.744343 0.331901
0.234788 0.744027 0.333686
0.264570 0.743710 0.335470
0.294353 0.743393 0.337254
0.324136 0.743076 0.339038
0.353918 0.742759 0.340822
0.383701 0.742442 0.342607
0.413484 0.742126 0.344391
0.443266 0.741809 0.346175
0.473049 0.741492 0.347959
0.502832 0.741175 0.349743
0.532614 0.740858 0.351527
0.562397 0.740542 0.353312
0.592180 0.740225 0.355096
0.621962 0.739908 0.356880
0.651745 0.739591 0.358664
0.681527 0.739274 0.360448
0.711310 0.738957 0.362232
0.741093 0.738641 0.364017
0.770875 0.738324 0.365801
0.800658 0.738007 0.367585
0.830441 0.737690 0.369369
0.860223 0.737373 0.371153
0.890006 0.737057 0.372937
0.919789 0.736740 0.374722
0.949571 0.736423 0.376506
0.979354 0.736106 0.378290
1.000000 0.735789 0.380074
1.000000 0.735473 0.381858
0.080938 0.775795 0.330767
0.110721 0.775478 0.332551
0.140504 0.775161 0.334335
0.170286 0.774844 0.336119
0.200069 0.774528 0.337904
0.229852 0.774211 0.339688
0.259634 0.773894 0.341472
0.289417 0.773577 0.343256
0.319199 0.773260 0.345040
0.348982 0.772943 0.346824
0.378765 0.772627 0.348609
0.408547 0.772310 0.350393
0.438330 0.771993 0.352177
0.468113 0.771676 0.353961
0.497895 0.771359 0.355745
0.527678 0.771043 0.357529
0.557461 0.770726 0.359314
0.587243 0.770409 0.361098
0.617026 0.770092 0.362882
0.646809 0.769775 0.364666
0.676591 0.769459 0.366450
0.706374 0.769142 0.368235
0.736156 0.768825 0.370019
0.765939 0.768508 0.371803
0.795722 0.768191 0.373587
0.825504 0.767874 0.375371
0.855287 0.767558 0.377155
0.885070 0.767241 0.378940
0.914852 0.766924 0.380724
0.944635 0.766607 0.382508
0.974418 0.766290 0.384292
1.000000 0.765974 0.386076
1.000000 0.765657 0.387860
0.076002 0.805979 0.336769
0.105785 0.805662 0.338553
0.135567 0.805345 0.340337
0.165350 0.805029 0.342121
0.195133 0.804712 0.343906
0.224915 0.804395 0.345690
0.254698 0.804078 0.347474
0.284481 0.803761 0.349258
0.314263 0.803445 0.351042
0.344046 0.803128 0.352827
0.373828 0.802811 0.354611
0.403611 0.802494 0.356395
0.433394 0.802177 0.358179
0.463176 0.801860 0.359963
0.492959 0.801544 0.361747
0.522742 0.801227 0.363532
0.552524 0.800910 0.365316
0.582307 0.800593 0.367100
0.612090 0.800276 0.368884
0.641872 0.799960 0.370668
0.671655 0.799643 0.372452
0.701438 0.799326 0.374237
0.731220 0.799009 0.376021
0.761003 0.798692 0.377805
0.790785 0.798375 0.379589
0.820568 0.798059 0.381373
0.850351 0.797742 0.383157
0.880133 0.797425 0.384942
0.909916 0.797108 0.386726
0.939699 0.796791 0.388510
0.969481 0.796475 0.390294
0.999264 0.796158 0.392078
1.000000 0.795841 0.393862
0.071066 0.836163 0.342771
0.100848 0.835846 0.344555
0.130631 0.835530 0.346339
0.160414 0.835213 0.348124
0.190196 0.834896 0.349908
0.219979 0.834579 0.351692
0.249762 0.834262 0.353476
0.279544 0.833946 0.355260
0.309327 0.833629 0.357044
0.339110 0.833312 0.358829
0.368892 0.832995 0.360613
0.398675 0.832678 0.362397
0.428457 0.832361 0.364181
0.458240 0.832045 0.365965
0.488023 0.831728 0.367749
0.517805 0.831411 0.369534
0.547588 0.831094 0.371318
0.577371 0.830777 0.373102
0.607153 0.830461 0.374886
0.636936 0.830144 0.376670
0.666719 0.829827 0.378454
0.696501 0.829510 0.380239
0.726284 0.829193 0.382023
0.756067 0.828876 0.383807
0.785849 0.828560 0.385591
0.815632 0.828243 0.387375
0.845414 0.827926 0.389160
0.875197 0.827609 0.390944
0.904980 0.827292 0.392728
0.934762 0.826976 0.394512
0.964545 0.826659 0.396296
0.994328 0.826342 0.398080
1.000000 0.826025 0.399865
0.066129 0.866347 0.348773
0.095912 0.866031 0.350557
0.125695 0.865714 0.352341
0.155477 0.865397 0.354126
0.185260 0.865080 0.355910
0.215043 0.864763 0.357694
0.244825 0.864447 0.359478
0.274608 0.864130 0.361262
0.304391 0.863813 0.363046
0.334173 0.863496 0.364831
0.363956 0.863179 0.366615
0.393739 0.862862 0.368399
0.423521 0.862546 0.370183
0.453304 0.862229 0.371967
0.483086 0.861912 0.373752
0.512869 0.861595 0.375536
0.542652 0.861278 0.377320
0.572434 0.860962 0.379104
0.602217 0.860645 0.380888
0.632000 0.860328 0.382672
0.661782 0.860011 0.384457
0.691565 0.859694 0.386241
0.721348 0.859378 0.388025
0.751130 0.859061 0.389809
0.780913 0.858744 0.391593
0.810696 0.858427 0.393377
0.840478 0.858110 0.395162
0.870261 0.857793 0.396946
0.900043 0.857477 0.398730
0.929826 0.857160 0.400514
0.959609 0.856843 0.402298
0.989391 0.856526 0.404082
1.000000 0.856209 0.405867
0.061193 0.896532 0.354775
0.090976 0.896215 0.356559
0.120758 0.895898 0.358344
0.150541 0.895581 0.360128
0.180324 0.895264 0.361912
0.210106 0.894948 0.363696
0.239889 0.894631 0.365480
0.269672 0.894314 0.367264
0.299454 0.893997 0.369049
0.329237 0.893680 0.370833
0.359020 0.893364 0.372617
0.388802 0.893047 0.374401
0.418585 0.892730 0.376185
0.448368 0.892413 0.377969
0.478150 0.892096 0.379754
0.507933 0.891779 0.381538
0.537715 0.891463 0.383322
0.567498 0.891146 0.385106
0.597281 0.890829 0.386890
0.627063 0.890512 0.388674
0.656846 0.890195 0.390459
0.686629 0.889879 0.392243
0.716411 0.889562 0.394027
0.746194 0.889245 0.395811
0.775977 0.888928 0.397595
0.805759 0.888611 0.399379
0.835542 0.888294 0.401164
0.865325 0.887978 0.402948
0.895107 0.887661 0.404732
0.924890 0.887344 0.406516
0.954672 0.887027 0.408300
0.984455 0.886710 0.410085
1.000000 0.886394 0.411869
0.056257 0.926716 0.360777
0.086040 0.926399 0.362561
0.115822 0.926082 0.364346
0.145605 0.925765 0.366130
0.175387 0.925449 0.367914
0.205170 0.925132 0.369698
0.234953 0.924815 0.371482
0.264735 0.924498 0.373266
0.294518 0.924181 0.375051
0.324301 0.923865 0.376835
0.354083 0.923548 0.378619
0.383866 0.923231 0.380403
0.413649 0.922914 0.382187
0.443431 0.922597 0.383971
0.473214 0.922280 0.385756
0.502997 0.921964 0.387540
0.532779 0.921647 0.389324
0.562562 0.921330 0.391108
0.592344 0.921013 0.392892
0.622127 0.920696 0.394677
0.651910 0.920380 0.396461
0.681692 0.920063 0.398245
0.711475 0.919746 0.400029
0.741258 0.919429 0.401813
0.771040 0.919112 0.403597
0.800823 0.918795 0.405382
0.830606 0.918479 0.407166
0.860388 0.918162 0.408950
0.890171 0.917845 0.410734
0.919954 0.917528 0.412518
0.949736 0.917211 0.414302
0.979519 0.916895 0.416087
1.000000 0.916578 0.417871
0.051321 0.956900 0.366779
0.081103 0.956583 0.368563
0.110886 0.956266 0.370348
0.140669 0.955950 0.372132
0.170451 0.955633 0.373916
0.200234 0.955316 0.375700
0.230016 0.954999 0.377484
0.259799 0.954682 0.379269
0.289582 0.954366 0.381053
0.319364 0.954049 0.382837
0.349147 0.953732 0.384621
0.378930 0.953415 0.386405
0.408712 0.953098 0.388189
0.438495 0.952781 0.389974
0.468278 0.952465 0.391758
0.498060 0.952148 0.393542
0.527843 0.951831 0.395326
0.557626 0.951514 0.397110
0.587408 0.951197 0.398894
0.617191 0.950881 0.400679
0.646973 0.950564 0.402463
0.676756 0.950247 0.404247
0.706539 0.949930 0.406031
0.736321 0.949613 0.407815
0.766104 0.949297 0.409599
0.795887 0.948980 0.411384
0.825669 0.948663 0.413168
0.855452 0.948346 0.414952
0.885235 0.948029 0.416736
0.915017 0.947712 0.418520
0.944800 0.947396 0.420304
0.974583 0.947079 0.422089
1.000000 0.946762 0.423873
0.046384 0.987084 0.372781
0.076167 0.986767 0.374566
0.105950 0.986451 0.376350
0.135732 0.986134 0.378134
0.165515 0.985817 0.379918
0.195298 0.985500 0.381702
0.225080 0.985183 0.383486
0.254863 0.984867 0.385271
0.284645 0.984550 0.387055
0.314428 0.984233 0.388839
0.344211 0.983916 0.390623
0.373993 0.983599 0.392407
0.403776 0.983283 0.394191
0.433559 0.982966 0.395976
0.463341 0.982649 0.397760
0.493124 0.982332 0.399544
0.522907 0.982015 0.401328
0.552689 0.981698 0.403112
0.582472 0.981382 0.404896
0.612255 0.981065 0.406681
0.642037 0.980748 0.408465
0.671820 0.980431 0.410249
0.701602 0.980114 0.412033
0.731385 0.979798 0.413817
0.761168 0.979481 0.415602
0.790950 0.979164 0.417386
0.820733 0.978847 0.419170
0.850516 0.978530 0.420954
0.880298 0.978213 0.422738
0.910081 0.977897 0.424522
0.939864 0.977580 0.426307
0.969646 0.977263 0.428091
0.999429 0.976946 0.429875
0.021625 0.001096 0.414778
0.053993 0.001063 0.413694
0.086360 0.001030 0.412611
0.118727 0.000996 0.411527
0.151094 0.000963 0.410443
0.183461 0.000930 0.409359
0.215829 0.000896 0.408275
0.248196 0.000863 0.407191
0.280563 0.000830 0.406108
0.312930 0.000796 0.405024
0.345297 0.000763 0.403940
0.377664 0.000730 0.402856
0.410032 0.000696 0.401772
0.442399 0.000663 0.400688
0.474766 0.000629 0.399604
0.507133 0.000596 0.398521
0.539500 0.000563 0.397437
0.571868 0.000529 0.396353
0.604235 0.000496 0.395269
0.636602 0.000463 0.394185
0.668969 0.000429 0.393101
0.701336 0.000396 0.392018
0.733704 0.000363 0.390934
0.766071 0.000329 0.389850
0.798438 0.000296 0.388766
0.830805 0.000263 0.387682
0.863172 0.000229 0.386598
0.895540 0.000196 0.385515
0.927907 0.000163 0.384431
0.960274 0.000129 0.383347
0.992641 0.000096 0.382263
1.000000 0.000063 0.381179
1.000000 0.000029 0.380095
0.025384 0.032234 0.411132
0.057751 0.032201 0.410048
0.090118 0.032167 0.408964
0.122485 0.032134 0.407881
0.154852 0.032101 0.406797
0.187220 0.032067 0.405713
0.219587 0.032034 0.404629
0.251954 0.032001 0.403545
0.284321 0.031967 0.402461
0.316688 0.031934 0.401378
0.349056 0.031901 0.400294
0.381423 0.031867 0.399210
0.413790 0.031834 0.398126
0.446157 0.031801 0.397042
0.478524 0.031767 0.395958
0.510892 0.031734 0.394875
0.543259 0.031701 0.393791
0.575626 0.031667 0.392707
0.607993 0.031634 0.391623
0.640360 0.031601 0.390539
0.672728 0.031567 0.389455
0.705095 0.031534 0.388371
0.737462 0.031500 0.387288
0.769829 0.031467 0.386204
0.802196 0.031434 0.385120
0.834563 0.031400 0.384036
0.866931 0.031367 0.382952
0.899298 0.031334 0.381868
0.931665 0.031300 0.380785
0.964032 0.031267 0.379701
0.996399 0.031234 0.378617
1.000000 0.031200 0.377533
1.000000 0.031167 0.376449
0.029142 0.063372 0.407486
0.061509 0.063339 0.406402
0.093876 0.063305 0.405318
0.126244 0.063272 0.404235
0.158611 0.063239 0.403151
0.190978 0.063205 0.402067
0.223345 0.063172 0.400983
0.255712 0.063139 0.399899
0.288080 0.063105 0.398815
0.320447 0.063072 0.397731
0.352814 0.063038 0.396648
0.385181 0.063005 0.395564
0.417548 0.062972 0.394480
0.449915 0.062938 0.393396
0.482283 0.062905 0.392312
0.514650 0.062872 0.391228
0.547017 0.062838 0.390145
0.579384 0.062805 0.389061
0.611751 0.062772 0.387977
0.644119 0.062738 0.386893
0.676486 0.062705 0.385809
0.708853 0.062672 0.384725
0.741220 0.062638 0.383641
0.773587 0.062605 0.382558
0.805955 0.062572 0.381474
0.838322 0.062538 0.380390
0.870689 0.062505 0.379306
0.903056 0.062472 0.378222
0.935423 0.062438 0.377138
0.967791 0.062405 0.376055
1.000000 0.062371 0.374971
1.000000 0.062338 0.373887
1.000000 0.062305 0.372803
0.032900 0.094510 0.403840
0.065267 0.094476 0.402756
0.097635 0.094443 0.401672
0.130002 0.094410 0.400588
0.162369 0.094376 0.399505
0.194736 0.094343 0.398421
0.227103 0.094310 0.397337
0.259471 0.094276 0.396253
0.291838 0.094243 0.395169
0.324205 0.094210 0.394085
0.356572 0.094176 0.393001
0.388939 0.094143 0.391918
0.421307 0.094110 0.390834
0.453674 0.094076 0.389750
0.486041 0.094043 0.388666
0.518408 0.094010 0.387582
0.550775 0.093976 0.386498
0.583143 0.093943 0.385415
0.615510 0.093909 0.384331
0.647877 0.093876 0.383247
0.680244 0.093843 0.382163
0.712611 0.093809 0.381079
0.744979 0.093776 0.379995
0.777346 0.093743 0.378912
0.809713 0.093709 0.377828
0.842080 0.093676 0.376744
0.874447 0.093643 0.375660
0.906814 0.093609 0.374576
0.939182 0.093576 0.373492
0.971549 0.093543 0.372408
1.000000 0.093509 0.371325
1.000000 0.093476 0.370241
1.000000 0.093443 0.369157
0.036659 0.125648 0.400194
0.069026 0.125614 0.399110
0.101393 0.125581 0.398026
0.133760 0.125548 0.396942
0.166127 0.125514 0.395858
0.198495 0.125481 0.394775
0.230862 0.125447 0.393691
0.263229 0.125414 0.392607
0.295596 0.125381 0.391523
0.327963 0.125347 0.390439
0.360331 0.125314 0.389355
0.392698 0.125281 0.388272
0.425065 0.125247 0.387188
0.457432 0.125214 0.386104
0.489799 0.125181 0.385020
0.522166 0.125147 0.383936
0.554534 0.125114 0.382852
0.586901 0.125081 0.381768
0.619268 0.125047 0.380685
0.651635 0.125014 0.379601
0.684002 0.124981 0.378517
0.716370 0.124947 0.377433
0.748737 0.124914 0.376349
0.781104 0.124881 0.375265
0.813471 0.124847 0.374182
0.845838 0.124814 0.373098
0.878206 0.124781 0.372014
0.910573 0.124747 0.370930
0.942940 0.124714 0.369846
0.975307 0.124680 0.368762
1.000000 0.124647 0.367679
1.000000 0.124614 0.366595
1.000000 0.124580 0.365511
0.040417 0.156785 0.396548
0.072784 0.156752 0.395464
0.105151 0.156719 0.394380
0.137518 0.156685 0.393296
0.169886 0.156652 0.392212
0.202253 0.156619 0.391128
0.234620 0.156585 0.390045
0.266987 0.156552 0.388961
0.299354 0.156519 0.387877
0.331722 0.156485 0.386793
0.364089 0.156452 0.385709
0.396456 0.156419 0.384625
0.428823 0.156385 0.383542
0.461190 0.156352 0.382458
0.493558 0.156319 0.381374
0.525925 0.156285 0.380290
0.558292 0.156252 0.379206
0.590659 0.156218 0.378122
0.623026 0.156185 0.377039
0.655394 0.156152 0.375955
0.687761 0.156118 0.374871
0.720128 0.156085 0.373787
0.752495 0.156052 0.372703
0.784862 0.156018 0.371619
0.817230 0.155985 0.370535
0.849597 0.155952 0.369452
0.881964 0.155918 0.368368
0.914331 0.155885 0.367284
0.946698 0.155852 0.366200
0.979065 0.155818 0.365116
1.000000 0.155785 0.364032
1.000000 0.155752 0.362949
1.000000 0.155718 0.361865
0.044175 0.187923 0.392902
0.076542 0.187890 0.391818
0.108910 0.187857 0.390734
0.141277 0.187823 0.389650
0.173644 0.187790 0.388566
0.206011 0.187756 0.387482
0.238378 0.187723 0.386399
0.270746 0.187690 0.385315
0.303113 0.187656 0.384231
0.335480 0.187623 0.383147
0.367847 0.187590 0.382063
0.400214 0.187556 0.380979
0.432582 0.187523 0.379895
0.464949 0.187490 0.378812
0.497316 0.187456 0.377728
0.529683 0.187423 0.376644
0.562050 0.187390 0.375560
0.594417 0.187356 0.374476
0.626785 0.187323 0.373392
0.659152 0.187290 0.372309
0.691519 0.187256 0.371225
0.723886 0.187223 0.370141
0.756253 0.187190 0.369057
0.788621 0.187156 0.367973
0.820988 0.187123 0.366889
0.853355 0.187089 0.365805
0.885722 0.187056 0.364722
0.918089 0.187023 0.363638
0.950457 0.186989 0.362554
0.982824 0.186956 0.361470
1.000000 0.186923 0.360386
1.000000 0.186889 0.359302
1.000000 0.186856 0.358219
0.047934 0.219061 0.389255
0.080301 0.219028 0.388172
0.112668 0.218994 0.387088
0.145035 0.218961 0.386004
0.177402 0.218928 0.384920
0.209769 0.218894 0.383836
0.242137 0.218861 0.382752
0.274504 0.218828 0.381669
0.306871 0.218794 0.380585
0.339238 0.218761 0.379501
0.371605 0.218728 0.378417
0.403973 0.218694 0.377333
0.436340 0.218661 0.376249
0.468707 0.218627 0.375165
0.501074 0.218594 0.374082
0.533441 0.218561 0.372998
0.565809 0.218527 0.371914
0.598176 0.218494 0.370830
0.630543 0.218461 0.369746
0.662910 0.218427 0.368662
0.695277 0.218394 0.367579
0.727645 0.218361 0.366495
0.760012 0.218327 0.365411
0.792379 0.218294 0.364327
0.824746 0.218261 0.363243
0.857113 0.218227 0.362159
0.889481 0.218194 0.361076
0.921848 0.218161 0.359992
0.954215 0.218127 0.358908
0.986582 0.218094 0.357824
1.000000 0.218061 0.356740
1.000000 0.218027 0.355656
1.000000 0.217994 0.354572
0.051692 0.250199 0.385609
0.084059 0.250165 0.384525
0.116426 0.250132 0.383442
0.148793 0.250099 0.382358
0.181161 0.250065 0.381274
0.213528 0.250032 0.380190
0.245895 0.249999 0.379106
0.278262 0.249965 0.378022
0.310629 0.249932 0.376939
0.342997 0.249899 0.375855
0.375364 0.249865 0.374771
0.407731 0.249832 0.373687
0.440098 0.249799 0.372603
0.472465 0.249765 0.371519
0.504833 0.249732 0.370436
0.537200 0.249699 0.369352
0.569567 0.249665 0.368268
0.601934 0.249632 0.367184
0.634301 0.249599 0.366100
0.666668 0.249565 0.365016
0.699036 0.249532 0.363932
0.731403 0.249499 0.362849
0.763770 0.249465 0.361765
0.796137 0.249432 0.360681
0.828504 0.249398 0.359597
0.860872 0.249365 0.358513
0.893239 0.249332 0.357429
0.925606 0.249298 0.356346
0.957973 0.249265 0.355262
0.990340 0.249232 0.354178
1.000000 0.249198 0.353094
1.000000 0.249165 0.352010
1.000000 0.249132 0.350926
0.055450 0.281337 0.381963
0.087817 0.281303 0.380879
0.120185 0.281270 0.379796
0.152552 0.281237 0.378712
0.184919 0.281203 0.377628
0.217286 0.281170 0.376544
0.249653 0.281137 0.375460
0.282020 0.281103 0.374376
0.314388 0.281070 0.373292
0.346755 0.281037 0.372209
0.379122 0.281003 0.371125
0.411489 0.280970 0.370041
0.443856 0.280936 0.368957
0.476224 0.280903 0.367873
0.508591 0.280870 0.366789
0.540958 0.280836 0.365706
0.573325 0.280803 0.364622
0.605692 0.280770 0.363538
0.638060 0.280736 0.362454
0.670427 0.280703 0.361370
0.702794 0.280670 0.360286
0.735161 0.280636 0.359203
0.767528 0.280603 0.358119
0.799896 0.280570 0.357035
0.832263 0.280536 0.355951
0.864630 0.280503 0.354867
0.896997 0.280470 0.353783
0.929364 0.280436 0.352699
0.961732 0.280403 0.351616
0.994099 0.280370 0.350532
1.000000 0.280336 0.349448
1.000000 0.280303 0.348364
1.000000 0.280269 0.347280
0.059208 0.312474 0.378317
0.091576 0.312441 0.377233
0.123943 0.312408 0.376149
0.156310 0.312374 0.375066
0.188677 0.312341 0.373982
0.221044 0.312308 0.372898
0.253412 0.312274 0.371814
0.285779 0.312241 0.370730
0.318146 0.312208 0.369646
0.350513 0.312174 0.368563
0.382880 0.312141 0.367479
0.415248 0.312108 0.366395
0.447615 0.312074 0.365311
0.479982 0.312041 0.364227
0.512349 0.312008 0.363143
0.544716 0.311974 0.362059
0.577084 0.311941 0.360976
0.609451 0.311908 0.359892
0.641818 0.311874 0.358808
0.674185 0.311841 0.357724
0.706552 0.311807 0.356640
0.738919 0.311774 0.355556
0.771287 0.311741 0.354473
0.803654 0.311707 0.353389
0.836021 0.311674 0.352305
0.868388 0.311641 0.351221
0.900755 0.311607 0.350137
0.933123 0.311574 0.349053
0.965490 0.311541 0.347969
0.997857 0.311507 0.346886
1.000000 0.311474 0.345802
1.000000 0.311441 0.344718
1.000000 0.311407 0.343634
0.062967 0.343612 0.374671
0.095334 0.343579 0.373587
0.127701 0.343546 0.372503
0.160068 0.343512 0.371419
0.192436 0.343479 0.370336
0.224803 0.343446 0.369252
0.257170 0.343412 0.368168
0.289537 0.343379 0.367084
0.321904 0.343345 0.366000
0.354271 0.343312 0.364916
0.386639 0.343279 0.363833
0.419006 0.343245 0.362749
0.451373 0.343212 0.361665
0.483740 0.343179 0.360581
0.516107 0.343145 0.359497
0.548475 0.343112 0.358413
0.580842 0.343079 0.357329
0.613209 0.343045 0.356246
0.645576 0.343012 0.355162
0.677943 0.342979 0.354078
0.710311 0.342945 0.352994
0.742678 0.342912 0.351910
0.775045 0.342879 0.350826
0.807412 0.342845 0.349743
0.839779 0.342812 0.348659
0.872147 0.342779 0.347575
0.904514 0.342745 0.346491
0.936881 0.342712 0.345407
0.969248 0.342679 0.344323
1.000000 0.342645 0.343240
1.000000 0.342612 0.342156
1.000000 0.342578 0.341072
1.000000 0.342545 0.339988
0.066725 0.374750 0.371025
0.099092 0.374717 0.369941
0.131459 0.374683 0.368857
0.163827 0.374650 0.367773
0.196194 0.374617 0.366689
0.228561 0.374583 0.365606
0.260928 0.374550 0.364522
0.293295 0.374517 0.363438
0.325663 0.374483 0.362354
0.358030 0.374450 0.361270
0.390397 0.374417 0.360186
0.422764 0.374383 0.359103
0.455131 0.374350 0.358019
0.487499 0.374317 0.356935
0.519866 0.374283 0.355851
0.552233 0.374250 0.354767
0.584600 0.374217 0.353683
0.616967 0.374183 0.352600
0.649335 0.374150 0.351516
0.681702 0.374116 0.350432
0.714069 0.374083 0.349348
0.746436 0.374050 0.348264
0.778803 0.374016 0.347180
0.811170 0.373983 0.346096
0.843538 0.373950 0.345013
0.875905 0.373916 0.343929
0.908272 0.373883 0.342845
0.940639 0.373850 0.341761
0.973006 0.373816 0.340677
1.000000 0.373783 0.339593
1.000000 0.373750 0.338510
1.000000 0.373471 0.339905
1.000000 0.373154 0.341689
0.070483 0.405888 0.367379
0.102851 0.405855 0.366295
0.135218 0.405821 0.365211
0.167585 0.405788 0.364127
0.199952 0.405755 0.363043
0.232319 0.405721 0.361960
0.264687 0.405688 0.360876
0.297054 0.405654 0.359792
0.329421 0.405621 0.358708
0.361788 0.405588 0.357624
0.394155 0.405554 0.356540
0.426522 0.405521 0.355456
0.458890 0.405488 0.354373
0.491257 0.405454 0.353289
0.523624 0.405421 0.352205
0.555991 0.405388 0.351121
0.588358 0.405354 0.350037
0.620726 0.405321 0.348953
0.653093 0.405288 0.347870
0.685460 0.405254 0.346786
0.717827 0.405221 0.345702
0.750194 0.405188 0.344618
0.782562 0.405154 0.343534
0.814929 0.405121 0.342450
0.847296 0.405088 0.341367
0.879663 0.405054 0.340283
0.912030 0.405021 0.339199
0.943807 0.404923 0.338771
0.973589 0.404606 0.340555
1.000000 0.404289 0.342339
1.000000 0.403972 0.344123
1.000000 0.403655 0.345907
1.000000 0.403339 0.347691
0.074242 0.437026 0.363733
0.106609 0.436992 0.362649
0.138976 0.436959 0.361565
0.171343 0.436926 0.360481
0.203710 0.436892 0.359397
0.236078 0.436859 0.358313
0.268445 0.436826 0.357230
0.300812 0.436792 0.356146
0.333179 0.436759 0.355062
0.365546 0.436726 0.353978
0.397914 0.436692 0.352894
0.430281 0.436659 0.351810
0.462648 0.436626 0.350727
0.495015 0.436592 0.349643
0.527382 0.436559 0.348559
0.559750 0.436525 0.347475
0.592117 0.436492 0.346391
0.624484 0.436459 0.345307
0.656851 0.436425 0.344223
0.689218 0.436392 0.343140
0.721586 0.436359 0.342056
0.753953 0.436325 0.340972
0.786320 0.436292 0.339888
0.818687 0.436259 0.338804
0.849523 0.436057 0.339420
0.879305 0.435741 0.341204
0.909088 0.435424 0.342989
0.938870 0.435107 0.344773
0.968653 0.434790 0.346557
0.998436 0.434473 0.348341
1.000000 0.434156 0.350125
1.000000 0.433840 0.351909
1.000000 0.433523 0.353694
0.078000 0.468164 0.360087
0.110367 0.468130 0.359003
0.142734 0.468097 0.357919
0.175102 0.468063 0.356835
0.207469 0.468030 0.355751
0.239836 0.467997 0.354667
0.272203 0.467963 0.353583
0.304570 0.467930 0.352500
0.336938 0.467897 0.351416
0.369305 0.467863 0.350332
0.401672 0.467830 0.349248
0.434039 0.467797 0.348164
0.466406 0.467763 0.347080
0.498773 0.467730 0.345997
0.531141 0.467697 0.344913
0.563508 0.467663 0.343829
0.595875 0.467630 0.342745
0.628242 0.467597 0.341661
0.660609 0.467563 0.340577
0.692977 0.467530 0.339493
0.725344 0.467497 0.338410
0.755238 0.467192 0.340070
0.785021 0.466875 0.341854
0.814804 0.466558 0.343638
0.844586 0.466242 0.345422
0.874369 0.465925 0.347206
0.904152 0.465608 0.348991
0.933934 0.465291 0.350775
0.963717 0.464974 0.352559
0.993499 0.464657 0.354343
1.000000 0.464341 0.356127
1.000000 0.464024 0.357911
1.000000 0.463707 0.359696
0.081758 0.499301 0.356440
0.114125 0.499268 0.355357
0.146493 0.499235 0.354273
0.178860 0.499201 0.353189
0.211227 0.499168 0.352105
0.243594 0.499135 0.351021
0.275961 0.499101 0.349937
0.308329 0.499068 0.348853
0.340696 0.499035 0.347770
0.373063 0.499001 0.346686
0.405430 0.498968 0.345602
0.437797 0.498934 0.344518
0.470165 0.498901 0.343434
0.502532 0.498868 0.342350
0.534899 0.498834 0.341267
0.567266 0.498801 0.340183
0.599633 0.498768 0.339099
0.631171 0.498643 0.338935
0.660954 0.498327 0.340719
0.690737 0.498010 0.342503
0.720519 0.497693 0.344288
0.750302 0.497376 0.346072
0.780085 0.497059 0.347856
0.809867 0.496743 0.349640
0.839650 0.496426 0.351424
0.869433 0.496109 0.353208
0.899215 0.495792 0.354993
0.928998 0.495475 0.356777
0.958781 0.495158 0.358561
0.988563 0.494842 0.360345
1.000000 0.494525 0.362129
1.000000 0.494208 0.363914
1.000000 0.493891 0.365698
0.085517 0.530439 0.352794
0.117884 0.530406 0.351710
0.150251 0.530372 0.350627
0.182618 0.530339 0.349543
0.214985 0.530306 0.348459
0.247353 0.530272 0.347375
0.279720 0.530239 0.346291
0.312087 0.530206 0.345207
0.344454 0.530172 0.344124
0.376821 0.530139 0.343040
0.409189 0.530106 0.341956
0.441556 0.530072 0.340872
0.473923 0.530039 0.339788
0.506290 0.530006 0.338704
0.536887 0.529778 0.339585
0.566670 0.529461 0.341369
0.596453 0.529144 0.343153
0.626235 0.528828 0.344937
0.656018 0.528511 0.346721
0.685800 0.528194 0.348506
0.715583 0.527877 0.350290
0.745366 0.527560 0.352074
0.775148 0.527244 0.353858
0.804931 0.526927 0.355642
0.834714 0.526610 0.357426
0.864496 0.526293 0.359211
0.894279 0.525976 0.360995
0.924062 0.525660 0.362779
0.953844 0.525343 0.364563
0.983627 0.525026 0.366347
1.000000 0.524709 0.368131
1.000000 0.524392 0.369916
1.000000 0.524075 0.371700
0.089275 0.561577 0.349148
0.121642 0.561544 0.348064
0.154009 0.561510 0.346980
0.186376 0.561477 0.345897
0.218744 0.561444 0.344813
0.251111 0.561410 0.343729
0.283478 0.561377 0.342645
0.315845 0.561344 0.341561
0.348212 0.561310 0.340477
0.380580 0.561277 0.339394
0.412820 0.561230 0.338450
0.442603 0.560913 0.340234
0.472386 0.560596 0.342018
0.502168 0.560279 0.343803
0.531951 0.559962 0.345587
0.561734 0.559646 0.347371
0.591516 0.559329 0.349155
0.621299 0.559012 0.350939
0.651082 0.558695 0.352723
0.680864 0.558378 0.354508
0.710647 0.558061 0.356292
0.740429 0.557745 0.358076
0.770212 0.557428 0.359860
0.799995 0.557111 0.361644
0.829777 0.556794 0.363428
0.859560 0.556477 0.365213
0.889343 0.556161 0.366997
0.919125 0.555844 0.368781
0.948908 0.555527 0.370565
0.978691 0.555210 0.372349
1.000000 0.554893 0.374133
1.000000 0.554576 0.375918
1.000000 0.554260 0.377702
0.093033 0.592715 0.345502
0.125400 0.592681 0.344418
0.157768 0.592648 0.343334
0.190135 0.592615 0.342251
0.222502 0.592581 0.341167
0.254869 0.592548 0.340083
0.287236 0.592515 0.338999
0.318536 0.592364 0.339100
0.348319 0.592047 0.340884
0.378101 0.591731 0.342668
0.407884 0.591414 0.344452
0.437667 0.591097 0.346236
0.467449 0.590780 0.348020
0.497232 0.590463 0.349805
0.527015 0.590147 0.351589
0.556797 0.589830 0.353373
0.586580 0.589513 0.355157
0.616363 0.589196 0.356941
0.646145 0.588879 0.358725
0.675928 0.588562 0.360510
0.705711 0.588246 0.362294
0.735493 0.587929 0.364078
0.765276 0.587612 0.365862
0.795058 0.587295 0.367646
0.824841 0.586978 0.369431
0.854624 0.586662 0.371215
0.884406 0.586345 0.372999
0.914189 0.586028 0.374783
0.943972 0.585711 0.376567
0.973754 0.585394 0.378351
1.000000 0.585077 0.380136
1.000000 0.584761 0.381920
1.000000 0.584444 0.383704
0.096791 0.623853 0.341856
0.129159 0.623819 0.340772
0.161526 0.623786 0.339688
0.193893 0.623753 0.338604
0.224252 0.623499 0.339749
0.254035 0.623182 0.341533
0.283817 0.622865 0.343317
0.313600 0.622548 0.345102
0.343383 0.622232 0.346886
0.373165 0.621915 0.348670
0.402948 0.621598 0.350454
0.432730 0.621281 0.352238
0.462513 0.620964 0.354023
0.492296 0.620648 0.355807
0.522078 0.620331 0.357591
0.551861 0.620014 0.359375
0.581644 0.619697 0.361159
0.611426 0.619380 0.362943
0.641209 0.619063 0.364728
0.670992 0.618747 0.366512
0.700774 0.618430 0.368296
0.730557 0.618113 0.370080
0.760340 0.617796 0.371864
0.790122 0.617479 0.373648
0.819905 0.617163 0.375433
0.849687 0.616846 0.377217
0.879470 0.616529 0.379001
0.909253 0.616212 0.380785
0.939035 0.615895 0.382569
0.968818 0.615579 0.384353
0.998601 0.615262 0.386138
1.000000 0.614945 0.387922
1.000000 0.614628 0.389706
0.100185 0.654950 0.338615
0.129968 0.654634 0.340399
0.159750 0.654317 0.342183
0.189533 0.654000 0.343967
0.219316 0.653683 0.345751
0.249098 0.653366 0.347535
0.278881 0.653049 0.349320
0.308664 0.652733 0.351104
0.338446 0.652416 0.352888
0.368229 0.652099 0.354672
0.398012 0.651782 0.356456
0.427794 0.651465 0.358240
0.457577 0.651149 0.360025
0.487359 0.650832 0.361809
0.517142 0.650515 0.363593
0.546925 0.650198 0.365377
0.576707 0.649881 0.367161
0.606490 0.649565 0.368945
0.636273 0.649248 0.370730
0.666055 0.648931 0.372514
0.695838 0.648614 0.374298
0.725621 0.648297 0.376082
0.755403 0.647980 0.377866
0.785186 0.647664 0.379650
0.814969 0.647347 0.381435
0.844751 0.647030 0.383219
0.874534 0.646713 0.385003
0.904316 0.646396 0.386787
0.934099 0.646080 0.388571
0.963882 0.645763 0.390356
0.993664 0.645446 0.392140
1.000000 0.645129 0.393924
1.000000 0.644812 0.395708
0.095249 0.685135 0.344617
0.125031 0.684818 0.346401
0.154814 0.684501 0.348185
0.184597 0.684184 0.349969
0.214379 0.683867 0.351753
0.244162 0.683551 0.353537
0.273945 0.683234 0.355322
0.303727 0.682917 0.357106
0.333510 0.682600 0.358890
0.363293 0.682283 0.360674
0.393075 0.681966 0.362458
0.422858 0.681650 0.364242
0.452641 0.681333 0.366027
0.482423 0.681016 0.367811
0.512206 0.680699 0.369595
0.541988 0.680382 0.371379
0.571771 0.680066 0.373163
0.601554 0.679749 0.374948
0.631336 0.679432 0.376732
0.661119 0.679115 0.378516
0.690902 0.678798 0.380300
0.720684 0.678481 0.382084
0.750467 0.678165 0.383868
0.780250 0.677848 0.385653
0.810032 0.677531 0.387437
0.839815 0.677214 0.389221
0.869598 0.676897 0.391005
0.899380 0.676581 0.392789
0.929163 0.676264 0.394573
0.958945 0.675947 0.396358
0.988728 0.675630 0.398142
1.000000 0.675313 0.399926
1.000000 0.674997 0.401710
0.090313 0.715319 0.350619
0.120095 0.715002 0.352403
0.149878 0.714685 0.354187
0.179660 0.714368 0.355971
0.209443 0.714052 0.357755
0.239226 0.713735 0.359540
0.269008 0.713418 0.361324
0.298791 0.713101 0.363108
0.328574 0.712784 0.364892
0.358356 0.712467 0.366676
0.388139 0.712151 0.368460
0.417922 0.711834 0.370245
0.447704 0.711517 0.372029
0.477487 0.711200 0.373813
0.507270 0.710883 0.375597
0.537052 0.710567 0.377381
0.566835 0.710250 0.379165
0.596617 0.709933 0.380950
0.626400 0.709616 0.382734
0.656183 0.709299 0.384518
0.685965 0.708983 0.386302
0.715748 0.708666 0.388086
0.745531 0.708349 0.389870
0.775313 0.708032 0.391655
0.805096 0.707715 0.393439
0.834879 0.707398 0.395223
0.864661 0.707082 0.397007
0.894444 0.706765 0.398791
0.924227 0.706448 0.400575
0.954009 0.706131 0.402360
0.983792 0.705814 0.404144
1.000000 0.705498 0.405928
1.000000 0.705181 0.407712
0.085376 0.745503 0.356621
0.115159 0.745186 0.358405
0.144942 0.744869 0.360189
0.174724 0.744553 0.361973
0.204507 0.744236 0.363757
0.234289 0.743919 0.365542
0.264072 0.743602 0.367326
0.293855 0.743285 0.369110
0.323637 0.742969 0.370894
0.353420 0.742652 0.372678
0.383203 0.742335 0.374462
0.412985 0.742018 0.376247
0.442768 0.741701 0.378031
0.472551 0.741384 0.379815
0.502333 0.741068 0.381599
0.532116 0.740751 0.383383
0.561899 0.740434 0.385167
0.591681 0.740117 0.386952
0.621464 0.739800 0.388736
0.651246 0.739484 0.390520
0.681029 0.739167 0.392304
0.710812 0.738850 0.394088
0.740594 0.738533 0.395873
0.770377 0.738216 0.397657
0.800160 0.737899 0.399441
0.829942 0.737583 0.401225
0.859725 0.737266 0.403009
0.889508 0.736949 0.404793
0.919290 0.736632 0.406578
0.949073 0.736315 0.408362
0.978856 0.735999 0.410146
1.000000 0.735682 0.411930
1.000000 0.735365 0.413714
0.080440 0.775687 0.362623
0.110223 0.775370 0.364407
0.140005 0.775054 0.366191
0.169788 0.774737 0.367975
0.199571 0.774420 0.369759
0.229353 0.774103 0.371544
0.259136 0.773786 0.373328
0.288918 0.773470 0.375112
0.318701 0.773153 0.376896
0.348484 0.772836 0.378680
0.378266 0.772519 0.380465
0.408049 0.772202 0.382249
0.437832 0.771885 0.384033
0.467614 0.771569 0.385817
0.497397 0.771252 0.387601
0.527180 0.770935 0.389385
0.556962 0.770618 0.391170
0.586745 0.770301 0.392954
0.616528 0.769985 0.394738
0.646310 0.769668 0.396522
0.676093 0.769351 0.398306
0.705875 0.769034 0.400090
0.735658 0.768717 0.401875
0.765441 0.768400 0.403659
0.795223 0.768084 0.405443
0.825006 0.767767 0.407227
0.854789 0.767450 0.409011
0.884571 0.767133 0.410795
0.914354 0.766816 0.412580
0.944137 0.766500 0.414364
0.973919 0.766183 0.416148
1.000000 0.765866 0.417932
1.000000 0.765549 0.419716
0.075504 0.805871 0.368625
0.105286 0.805555 0.370409
0.135069 0.805238 0.372193
0.164852 0.804921 0.373977
0.194634 0.804604 0.375762
0.224417 0.804287 0.377546
0.254200 0.803971 0.379330
0.283982 0.803654 0.381114
0.313765 0.803337 0.382898
0.343547 0.803020 0.384682
0.373330 0.802703 0.386467
0.403113 0.802386 0.388251
0.432895 0.802070 0.390035
0.462678 0.801753 0.391819
0.492461 0.801436 0.393603
0.522243 0.801119 0.395387
0.552026 0.800802 0.397172
0.581809 0.800486 0.398956
0.611591 0.800169 0.400740
0.641374 0.799852 0.402524
0.671157 0.799535 0.404308
0.700939 0.799218 0.406092
0.730722 0.798902 0.407877
0.760504 0.798585 0.409661
0.790287 0.798268 0.411445
0.820070 0.797951 0.413229
0.849852 0.797634 0.415013
0.879635 0.797317 0.416798
0.909418 0.797001 0.418582
0.939200 0.796684 0.420366
0.968983 0.796367 0.422150
0.998766 0.796050 0.423934
1.000000 0.795733 0.425718
0.070567 0.836056 0.374627
0.100350 0.835739 0.376411
0.130133 0.835422 0.378195
0.159915 0.835105 0.379979
0.189698 0.834788 0.381764
0.219481 0.834472 0.383548
0.249263 0.834155 0.385332
0.279046 0.833838 0.387116
0.308829 0.833521 0.388900
0.338611 0.833204 0.390684
0.368394 0.832888 0.392469
0.398176 0.832571 0.394253
0.427959 0.832254 0.396037
0.457742 0.831937 0.397821
0.487524 0.831620 0.399605
0.517307 0.831303 0.401390
0.547090 0.830987 0.403174
0.576872 0.830670 0.404958
0.606655 0.830353 0.406742
0.636438 0.830036 0.408526
0.666220 0.829719 0.410310
0.696003 0.829403 0.412095
0.725786 0.829086 0.413879
0.755568 0.828769 0.415663
0.785351 0.828452 0.417447
0.815133 0.828135 0.419231
0.844916 0.827818 0.421015
0.874699 0.827502 0.422800
0.904481 0.827185 0.424584
0.934264 0.826868 0.426368
0.964047 0.826551 0.428152
0.993829 0.826234 0.429936
1.000000 0.825918 0.431720
0.065631 0.866240 0.380629
0.095414 0.865923 0.382413
0.125196 0.865606 0.384197
0.154979 0.865289 0.385982
0.184762 0.864973 0.387766
0.214544 0.864656 0.389550
0.244327 0.864339 0.391334
0.274110 0.864022 0.393118
0.303892 0.863705 0.394902
0.333675 0.863389 0.396687
0.363458 0.863072 0.398471
0.393240 0.862755 0.400255
0.423023 0.862438 0.402039
0.452805 0.862121 0.403823
0.482588 0.861804 0.405607
0.512371 0.861488 0.407392
0.542153 0.861171 0.409176
0.571936 0.860854 0.410960
0.601719 0.860537 0.412744
0.631501 0.860220 0.414528
0.661284 0.859904 0.416312
0.691067 0.859587 0.418097
0.720849 0.859270 0.419881
0.750632 0.858953 0.421665
0.780415 0.858636 0.423449
0.810197 0.858319 0.425233
0.839980 0.858003 0.427017
0.869762 0.857686 0.428802
0.899545 0.857369 0.430586
0.929328 0.857052 0.432370
0.959110 0.856735 0.434154
0.988893 0.856419 0.435938
1.000000 0.856102 0.437723
0.060695 0.896424 0.386631
0.090477 0.896107 0.388415
0.120260 0.895790 0.390199
0.150043 0.895474 0.391984
0.179825 0.895157 0.393768
0.209608 0.894840 0.395552
0.239391 0.894523 0.397336
0.269173 0.894206 0.399120
0.298956 0.893890 0.400904
0.328739 0.893573 0.402689
0.358521 0.893256 0.404473
0.388304 0.892939 0.406257
0.418087 0.892622 0.408041
0.447869 0.892305 0.409825
0.477652 0.891989 0.411609
0.507434 0.891672 0.413394
0.537217 0.891355 0.415178
0.567000 0.891038 0.416962
0.596782 0.890721 0.418746
0.626565 0.890405 0.420530
0.656348 0.890088 0.422315
0.686130 0.889771 0.424099
0.715913 0.889454 0.425883
0.745696 0.889137 0.427667
0.775478 0.888821 0.429451
0.805261 0.888504 0.431235
0.835044 0.888187 0.433020
0.864826 0.887870 0.434804
0.894609 0.887553 0.436588
0.924391 0.887236 0.438372
0.954174 0.886920 0.440156
0.983957 0.886603 0.441940
1.000000 0.886286 0.443725
0.055759 0.926608 0.392633
0.085541 0.926291 0.394417
0.115324 0.925975 0.396201
0.145106 0.925658 0.397986
0.174889 0.925341 0.399770
0.204672 0.925024 0.401554
0.234454 0.924707 0.403338
0.264237 0.924391 0.405122
0.294020 0.924074 0.406907
0.323802 0.923757 0.408691
0.353585 0.923440 0.410475
0.383368 0.923123 0.412259
0.413150 0.922807 0.414043
0.442933 0.922490 0.415827
0.472716 0.922173 0.417612
0.502498 0.921856 0.419396
0.532281 0.921539 0.421180
0.562063 0.921222 0.422964
0.591846 0.920906 0.424748
0.621629 0.920589 0.426532
0.651411 0.920272 0.428317
0.681194 0.919955 0.430101
0.710977 0.919638 0.431885
0.740759 0.919322 0.433669
0.770542 0.919005 0.435453
0.800325 0.918688 0.437237
0.830107 0.918371 0.439022
0.859890 0.918054 0.440806
0.889673 0.917737 0.442590
0.919455 0.917421 0.444374
0.949238 0.917104 0.446158
0.979020 0.916787 0.447942
1.000000 0.916470 0.449727
0.050822 0.956793 0.398635
0.080605 0.956476 0.400419
0.110388 0.956159 0.402204
0.140170 0.955842 0.403988
0.169953 0.955525 0.405772
0.199735 0.955208 0.407556
0.229518 0.954892 0.409340
0.259301 0.954575 0.411124
0.289083 0.954258 0.412909
0.318866 0.953941 0.414693
0.348649 0.953624 0.416477
0.378431 0.953308 0.418261
0.408214 0.952991 0.420045
0.437997 0.952674 0.421829
0.467779 0.952357 0.423614
0.497562 0.952040 0.425398
0.527345 0.951723 0.427182
0.557127 0.951407 0.428966
0.586910 0.951090 0.430750
0.616692 0.950773 0.432534
0.646475 0.950456 0.434319
0.676258 0.950139 0.436103
0.706040 0.949823 0.437887
0.735823 0.949506 0.439671
0.765606 0.949189 0.441455
0.795388 0.948872 0.443240
0.825171 0.948555 0.445024
0.854954 0.948238 0.446808
0.884736 0.947922 0.448592
0.914519 0.947605 0.450376
0.944302 0.947288 0.452160
0.974084 0.946971 0.453945
1.000000 0.946654 0.455729
0.045886 0.986977 0.404637
0.075669 0.986660 0.406421
0.105451 0.986343 0.408206
0.135234 0.986026 0.409990
0.165017 0.985709 0.411774
0.194799 0.985393 0.413558
0.224582 0.985076 0.415342
0.254364 0.984759 0.417126
0.284147 0.984442 0.418911
0.313930 0.984125 0.420695
0.343712 0.983809 0.422479
0.373495 0.983492 0.424263
0.403278 0.983175 0.426047
0.433060 0.982858 0.427832
0.462843 0.982541 0.429616
0.492626 0.982224 0.431400
0.522408 0.981908 0.433184
0.552191 0.981591 0.434968
0.581974 0.981274 0.436752
0.611756 0.980957 0.438537
0.641539 0.980640 0.440321
0.671321 0.980324 0.442105
0.701104 0.980007 0.443889
0.730887 0.979690 0.445673
0.760669 0.979373 0.447457
0.790452 0.979056 0.449242
0.820235 0.978740 0.451026
0.850017 0.978423 0.452810
0.879800 0.978106 0.454594
0.909583 0.977789 0.456378
0.939365 0.977472 0.458162
0.969148 0.977155 0.459947
0.998931 0.976839 0.461731
0.022005 0.001085 0.445660
0.054372 0.001052 0.444576
0.086739 0.001018 0.443493
0.119106 0.000985 0.442409
0.151474 0.000952 0.441325
0.183841 0.000918 0.440241
0.216208 0.000885 0.439157
0.248575 0.000852 0.438073
0.280942 0.000818 0.436989
0.313310 0.000785 0.435906
0.345677 0.000752 0.434822
0.378044 0.000718 0.433738
0.410411 0.000685 0.432654
0.442778 0.000651 0.431570
0.475145 0.000618 0.430486
0.507513 0.000585 0.429403
0.539880 0.000551 0.428319
0.572247 0.000518 0.427235
0.604614 0.000485 0.426151
0.636981 0.000451 0.425067
0.669349 0.000418 0.423983
0.701716 0.000385 0.422899
0.734083 0.000351 0.421816
0.766450 0.000318 0.420732
0.798817 0.000285 0.419648
0.831185 0.000251 0.418564
0.863552 0.000218 0.417480
0.895919 0.000185 0.416396
0.928286 0.000151 0.415313
0.960653 0.000118 0.414229
0.993021 0.000085 0.413145
1.000000 0.000051 0.412061
1.000000 0.000018 0.410977
0.025763 0.032223 0.442014
0.058130 0.032189 0.440930
0.090497 0.032156 0.439846
0.122865 0.032123 0.438763
0.155232 0.032089 0.437679
0.187599 0.032056 0.436595
0.219966 0.032023 0.435511
0.252333 0.031989 0.434427
0.284701 0.031956 0.433343
0.317068 0.031923 0.432259
0.349435 0.031889 0.431176
0.381802 0.031856 0.430092
0.414169 0.031823 0.429008
0.446537 0.031789 0.427924
0.478904 0.031756 0.426840
0.511271 0.031723 0.425756
0.543638 0.031689 0.424673
0.576005 0.031656 0.423589
0.608373 0.031623 0.422505
0.640740 0.031589 0.421421
0.673107 0.031556 0.420337
0.705474 0.031523 0.419253
0.737841 0.031489 0.418170
0.770209 0.031456 0.417086
0.802576 0.031422 0.416002
0.834943 0.031389 0.414918
0.867310 0.031356 0.413834
0.899677 0.031322 0.412750
0.932044 0.031289 0.411666
0.964412 0.031256 0.410583
0.996779 0.031222 0.409499
1.000000 0.031189 0.408415
1.000000 0.031156 0.407331
0.029521 0.063361 0.438368
0.061889 0.063327 0.437284
0.094256 0.063294 0.436200
0.126623 0.063261 0.435116
0.158990 0.063227 0.434033
0.191357 0.063194 0.432949
0.223725 0.063161 0.431865
0.256092 0.063127 0.430781
0.288459 0.063094 0.429697
0.320826 0.063061 0.428613
0.353193 0.063027 0.427530
0.385561 0.062994 0.426446
0.417928 0.062960 0.425362
0.450295 0.062927 0.424278
0.482662 0.062894 0.423194
0.515029 0.062860 0.422110
0.547396 0.062827 0.421026
0.579764 0.062794 0.419943
0.612131 0.062760 0.418859
0.644498 0.062727 0.417775
0.676865 0.062694 0.416691
0.709232 0.062660 0.415607
0.741600 0.062627 0.414523
0.773967 0.062594 0.413440
0.806334 0.062560 0.412356
0.838701 0.062527 0.411272
0.871068 0.062494 0.410188
0.903436 0.062460 0.409104
0.935803 0.062427 0.408020
0.968170 0.062394 0.406937
1.000000 0.062360 0.405853
1.000000 0.062327 0.404769
1.000000 0.062293 0.403685
0.033280 0.094498 0.434722
0.065647 0.094465 0.433638
0.098014 0.094432 0.432554
0.130381 0.094398 0.431470
0.162748 0.094365 0.430386
0.195116 0.094332 0.429303
0.227483 0.094298 0.428219
0.259850 0.094265 0.427135
0.292217 0.094232 0.426051
0.324584 0.094198 0.424967
0.356952 0.094165 0.423883
0.389319 0.094132 0.422800
0.421686 0.094098 0.421716
0.454053 0.094065 0.420632
0.486420 0.094032 0.419548
0.518788 0.093998 0.418464
0.551155 0.093965 0.417380
0.583522 0.093932 0.416297
0.615889 0.093898 0.415213
0.648256 0.093865 0.414129
0.680624 0.093831 0.413045
0.712991 0.093798 0.411961
0.745358 0.093765 0.410877
0.777725 0.093731 0.409793
0.810092 0.093698 0.408710
0.842460 0.093665 0.407626
0.874827 0.093631 0.406542
0.907194 0.093598 0.405458
0.939561 0.093565 0.404374
0.971928 0.093531 0.403290
1.000000 0.093498 0.402207
1.000000 0.093465 0.401123
1.000000 0.093431 0.400039
0.037038 0.125636 0.431076
0.069405 0.125603 0.429992
0.101772 0.125570 0.428908
0.134140 0.125536 0.427824
0.166507 0.125503 0.426740
0.198874 0.125470 0.425657
0.231241 0.125436 0.424573
0.263608 0.125403 0.423489
0.295976 0.125369 0.422405
0.328343 0.125336 0.421321
0.360710 0.125303 0.420237
0.393077 0.125269 0.419153
0.425444 0.125236 0.418070
0.457812 0.125203 0.416986
0.490179 0.125169 0.415902
0.522546 0.125136 0.414818
0.554913 0.125103 0.413734
0.587280 0.125069 0.412650
0.619647 0.125036 0.411567
0.652015 0.125003 0.410483
0.684382 0.124969 0.409399
0.716749 0.124936 0.408315
0.749116 0.124903 0.407231
0.781483 0.124869 0.406147
0.813851 0.124836 0.405063
0.846218 0.124803 0.403980
0.878585 0.124769 0.402896
0.910952 0.124736 0.401812
0.943319 0.124702 0.400728
0.975687 0.124669 0.399644
1.000000 0.124636 0.398560
1.000000 0.124602 0.397477
1.000000 0.124569 0.396393
0.040796 0.156774 0.427430
0.073164 0.156741 0.426346
0.105531 0.156707 0.425262
0.137898 0.156674 0.424178
0.170265 0.156641 0.423094
0.202632 0.156607 0.422010
0.234999 0.156574 0.420927
0.267367 0.156541 0.419843
0.299734 0.156507 0.418759
0.332101 0.156474 0.417675
0.364468 0.156441 0.416591
0.396835 0.156407 0.415507
0.429203 0.156374 0.414423
0.461570 0.156341 0.413340
0.493937 0.156307 0.412256
0.526304 0.156274 0.411172
0.558671 0.156240 0.410088
0.591039 0.156207 0.409004
0.623406 0.156174 0.407920
0.655773 0.156140 0.406837
0.688140 0.156107 0.405753
0.720507 0.156074 0.404669
0.752875 0.156040 0.403585
0.785242 0.156007 0.402501
0.817609 0.155974 0.401417
0.849976 0.155940 0.400334
0.882343 0.155907 0.399250
0.914711 0.155874 0.398166
0.947078 0.155840 0.397082
0.979445 0.155807 0.395998
1.000000 0.155774 0.394914
1.000000 0.155740 0.393830
1.000000 0.155707 0.392747
0.044555 0.187912 0.423783
0.076922 0.187879 0.422700
0.109289 0.187845 0.421616
0.141656 0.187812 0.420532
0.174023 0.187778 0.419448
0.206391 0.187745 0.418364
0.238758 0.187712 0.417280
0.271125 0.187678 0.416197
0.303492 0.187645 0.415113
0.335859 0.187612 0.414029
0.368227 0.187578 0.412945
0.400594 0.187545 0.411861
0.432961 0.187512 0.410777
0.465328 0.187478 0.409694
0.497695 0.187445 0.408610
0.530063 0.187412 0.407526
0.562430 0.187378 0.406442
0.594797 0.187345 0.405358
0.627164 0.187312 0.404274
0.659531 0.187278 0.403190
0.691898 0.187245 0.402107
0.724266 0.187212 0.401023
0.756633 0.187178 0.399939
0.789000 0.187145 0.398855
0.821367 0.187112 0.397771
0.853734 0.187078 0.396687
0.886102 0.187045 0.395604
0.918469 0.187011 0.394520
0.950836 0.186978 0.393436
0.983203 0.186945 0.392352
1.000000 0.186911 0.391268
1.000000 0.186878 0.390184
1.000000 0.186845 0.389101
0.048313 0.219050 0.420137
0.080680 0.219016 0.419054
0.113047 0.218983 0.417970
0.145415 0.218950 0.416886
0.177782 0.218916 0.415802
0.210149 0.218883 0.414718
0.242516 0.218850 0.413634
0.274883 0.218816 0.412550
0.307250 0.218783 0.411467
0.339618 0.218750 0.410383
0.371985 0.218716 0.409299
0.404352 0.218683 0.408215
0.436719 0.218650 0.407131
0.469086 0.218616 0.406047
0.501454 0.218583 0.404964
0.533821 0.218549 0.403880
0.566188 0.218516 0.402796
0.598555 0.218483 0.401712
0.630922 0.218449 0.400628
0.663290 0.218416 0.399544
0.695657 0.218383 0.398461
0.728024 0.218349 0.397377
0.760391 0.218316 0.396293
0.792758 0.218283 0.395209
0.825126 0.218249 0.394125
0.857493 0.218216 0.393041
0.889860 0.218183 0.391957
0.922227 0.218149 0.390874
0.954594 0.218116 0.389790
0.986961 0.218083 0.388706
1.000000 0.218049 0.387622
1.000000 0.218016 0.386538
1.000000 0.217983 0.385454
0.052071 0.250188 0.416491
0.084438 0.250154 0.415407
0.116806 0.250121 0.414324
0.149173 0.250087 0.413240
0.181540 0.250054 0.412156
0.213907 0.250021 0.411072
0.246274 0.249987 0.409988
0.278642 0.249954 0.408904
0.311009 0.249921 0.407821
0.343376 0.249887 0.406737
0.375743 0.249854 0.405653
0.408110 0.249821 0.404569
0.440478 0.249787 0.403485
0.472845 0.249754 0.402401
0.505212 0.249721 0.401317
0.537579 0.249687 0.400234
0.569946 0.249654 0.399150
0.602313 0.249621 0.398066
0.634681 0.249587 0.396982
0.667048 0.249554 0.395898
0.699415 0.249521 0.394814
0.731782 0.249487 0.393731
0.764149 0.249454 0.392647
0.796517 0.249420 0.391563
0.828884 0.249387 0.390479
0.861251 0.249354 0.389395
0.893618 0.249320 0.388311
0.925985 0.249287 0.387227
0.958353 0.249254 0.386144
0.990720 0.249220 0.385060
1.000000 0.249187 0.383976
1.000000 0.249154 0.382892
1.000000 0.249120 0.381808
0.055830 0.281325 0.412845
0.088197 0.281292 0.411761
0.120564 0.281259 0.410677
0.152931 0.281225 0.409594
0.185298 0.281192 0.408510
0.217665 0.281159 0.407426
0.250033 0.281125 0.406342
0.282400 0.281092 0.405258
0.314767 0.281059 0.404174
0.347134 0.281025 0.403091
0.379501 0.280992 0.402007
0.411869 0.280958 0.400923
0.444236 0.280925 0.399839
0.476603 0.280892 0.398755
0.508970 0.280858 0.397671
0.541337 0.280825 0.396587
0.573705 0.280792 0.395504
0.606072 0.280758 0.394420
0.638439 0.280725 0.393336
0.670806 0.280692 0.392252
0.703173 0.280658 0.391168
0.735541 0.280625 0.390084
0.767908 0.280592 0.389001
0.800275 0.280558 0.387917
0.832642 0.280525 0.386833
0.865009 0.280492 0.385749
0.897377 0.280458 0.384665
0.929744 0.280425 0.383581
0.962111 0.280392 0.382498
0.994478 0.280358 0.381414
1.000000 0.280325 0.380330
1.000000 0.280292 0.379246
1.000000 0.280258 0.378162
0.059588 0.312463 0.409199
0.091955 0.312430 0.408115
0.124322 0.312396 0.407031
0.156689 0.312363 0.405947
0.189057 0.312330 0.404864
0.221424 0.312296 0.403780
0.253791 0.312263 0.402696
0.286158 0.312230 0.401612
0.318525 0.312196 0.400528
0.350893 0.312163 0.399444
0.383260 0.312130 0.398361
0.415627 0.312096 0.397277
0.447994 0.312063 0.396193
0.480361 0.312030 0.395109
0.512729 0.311996 0.394025
0.545096 0.311963 0.392941
0.577463 0.311930 0.391858
0.609830 0.311896 0.390774
0.642197 0.311863 0.389690
0.674564 0.311830 0.388606
0.706932 0.311796 0.387522
0.739299 0.311763 0.386438
0.771666 0.311729 0.385354
0.804033 0.311696 0.384271
0.836400 0.311663 0.383187
0.868768 0.311629 0.382103
0.901135 0.311596 0.381019
0.933502 0.311563 0.379935
0.965869 0.311529 0.378851
0.998236 0.311496 0.377768
1.000000 0.311463 0.376684
1.000000 0.311429 0.375600
1.000000 0.311396 0.374516
0.063346 0.343601 0.405553
0.095713 0.343568 0.404469
0.128081 0.343534 0.403385
0.160448 0.343501 0.402301
0.192815 0.343468 0.401218
0.225182 0.343434 0.400134
0.257549 0.343401 0.399050
0.289916 0.343368 0.397966
0.322284 0.343334 0.396882
0.354651 0.343301 0.395798
0.387018 0.343267 0.394714
0.419385 0.343234 0.393631
0.451752 0.343201 0.392547
0.484120 0.343167 0.391463
0.516487 0.343134 0.390379
0.548854 0.343101 0.389295
0.581221 0.343067 0.388211
0.613588 0.343034 0.387128
0.645956 0.343001 0.386044
0.678323 0.342967 0.384960
0.710690 0.342934 0.383876
0.743057 0.342901 0.382792
0.775424 0.342867 0.381708
0.807792 0.342834 0.380625
0.840159 0.342801 0.379541
0.872526 0.342767 0.378457
0.904893 0.342734 0.377373
0.937260 0.342701 0.376289
0.969628 0.342667 0.375205
1.000000 0.342634 0.374121
1.000000 0.342600 0.373038
1.000000 0.342567 0.371954
1.000000 0.342534 0.370870
0.067104 0.374739 0.401907
0.099472 0.374705 0.400823
0.131839 0.374672 0.399739
0.164206 0.374639 0.398655
0.196573 0.374605 0.397571
0.228940 0.374572 0.396488
0.261308 0.374539 0.395404
0.293675 0.374505 0.394320
0.326042 0.374472 0.393236
0.358409 0.374439 0.392152
0.390776 0.374405 0.391068
0.423144 0.374372 0.389985
0.455511 0.374339 0.388901
0.487878 0.374305 0.387817
0.520245 0.374272 0.386733
0.552612 0.374239 0.385649
0.584980 0.374205 0.384565
0.617347 0.374172 0.383481
0.649714 0.374138 0.382398
0.682081 0.374105 0.381314
0.714448 0.374072 0.380230
0.746815 0.374038 0.379146
0.779183 0.374005 0.378062
0.811550 0.373972 0.376978
0.843917 0.373938 0.375895
0.876284 0.373905 0.374811
0.908651 0.373872 0.373727
0.941019 0.373838 0.372643
0.973386 0.373805 0.371559
1.000000 0.373772 0.370475
1.000000 0.373680 0.369977
1.000000 0.373364 0.371761
1.000000 0.373047 0.373545
0.070863 0.405877 0.398261
0.103230 0.405843 0.397177
0.135597 0.405810 0.396093
0.167964 0.405777 0.395009
0.200332 0.405743 0.393925
0.232699 0.405710 0.392841
0.265066 0.405676 0.391758
0.297433 0.405643 0.390674
0.329800 0.405610 0.389590
0.362167 0.405576 0.388506
0.394535 0.405543 0.387422
0.426902 0.405510 0.386338
0.459269 0.405476 0.385255
0.491636 0.405443 0.384171
0.524003 0.405410 0.383087
0.556371 0.405376 0.382003
0.588738 0.405343 0.380919
0.621105 0.405310 0.379835
0.653472 0.405276 0.378751
0.685839 0.405243 0.377668
0.718207 0.405210 0.376584
0.750574 0.405176 0.375500
0.782941 0.405143 0.374416
0.815308 0.405110 0.373332
0.847675 0.405076 0.372248
0.880043 0.405043 0.371165
0.912410 0.405009 0.370081
0.943308 0.404815 0.370627
0.973091 0.404498 0.372411
1.000000 0.404181 0.374195
1.000000 0.403865 0.375979
1.000000 0.403548 0.377763
1.000000 0.403231 0.379547
0.074621 0.437014 0.394615
0.106988 0.436981 0.393531
0.139355 0.436948 0.392447
0.171723 0.436914 0.391363
0.204090 0.436881 0.390279
0.236457 0.436848 0.389195
0.268824 0.436814 0.388111
0.301191 0.436781 0.387028
0.333559 0.436748 0.385944
0.365926 0.436714 0.384860
0.398293 0.436681 0.383776
0.430660 0.436648 0.382692
0.463027 0.436614 0.381608
0.495395 0.436581 0.380525
0.527762 0.436547 0.379441
0.560129 0.436514 0.378357
0.592496 0.436481 0.377273
0.624863 0.436447 0.376189
0.657231 0.436414 0.375105
0.689598 0.436381 0.374022
0.721965 0.436347 0.372938
0.754332 0.436314 0.371854
0.786699 0.436281 0.370770
0.819066 0.436247 0.369686
0.849024 0.435950 0.371276
0.878807 0.435633 0.373060
0.908589 0.435316 0.374844
0.938372 0.434999 0.376629
0.968155 0.434682 0.378413
0.997937 0.434366 0.380197
1.000000 0.434049 0.381981
1.000000 0.433732 0.383765
1.000000 0.433415 0.385549
0.078379 0.468152 0.390968
0.110747 0.468119 0.389885
0.143114 0.468085 0.388801
0.175481 0.468052 0.387717
0.207848 0.468019 0.386633
0.240215 0.467985 0.385549
0.272583 0.467952 0.384465
0.304950 0.467919 0.383382
0.337317 0.467885 0.382298
0.369684 0.467852 0.381214
0.402051 0.467819 0.380130
0.434418 0.467785 0.379046
0.466786 0.467752 0.377962
0.499153 0.467719 0.376878
0.531520 0.467685 0.375795
0.563887 0.467652 0.374711
0.596254 0.467619 0.373627
0.628622 0.467585 0.372543
0.660989 0.467552 0.371459
0.693356 0.467519 0.370375
0.724957 0.467401 0.370141
0.754740 0.467084 0.371926
0.784523 0.466768 0.373710
0.814305 0.466451 0.375494
0.844088 0.466134 0.377278
0.873871 0.465817 0.379062
0.903653 0.465500 0.380846
0.933436 0.465184 0.382631
0.963218 0.464867 0.384415
0.993001 0.464550 0.386199
1.000000 0.464233 0.387983
1.000000 0.463916 0.389767
1.000000 0.463599 0.391552
0.082138 0.499290 0.387322
0.114505 0.499257 0.386238
0.146872 0.499223 0.385155
0.179239 0.499190 0.384071
0.211606 0.499157 0.382987
0.243974 0.499123 0.381903
0.276341 0.499090 0.380819
0.308708 0.499057 0.379735
0.341075 0.499023 0.378652
0.373442 0.498990 0.377568
0.405810 0.498957 0.376484
0.438177 0.498923 0.375400
0.470544 0.498890 0.374316
0.502911 0.498856 0.373232
0.535278 0.498823 0.372149
0.567646 0.498790 0.371065
0.600013 0.498756 0.369981
0.630673 0.498536 0.370791
0.660456 0.498219 0.372575
0.690238 0.497902 0.374359
0.720021 0.497585 0.376144
0.749804 0.497269 0.377928
0.779586 0.496952 0.379712
0.809369 0.496635 0.381496
0.839152 0.496318 0.383280
0.868934 0.496001 0.385064
0.898717 0.495685 0.386849
0.928500 0.495368 0.388633
0.958282 0.495051 0.390417
0.988065 0.494734 0.392201
1.000000 0.494417 0.393985
1.000000 0.494100 0.395769
1.000000 0.493784 0.397554
0.085896 0.530428 0.383676
0.118263 0.530394 0.382592
0.150630 0.530361 0.381509
0.182998 0.530328 0.380425
0.215365 0.530294 0.379341
0.247732 0.530261 0.378257
0.280099 0.530228 0.377173
0.312466 0.530194 0.376089
0.344834 0.530161 0.375005
0.377201 0.530128 0.373922
0.409568 0.530094 0.372838
0.441935 0.530061 0.371754
0.474302 0.530028 0.370670
0.506606 0.529987 0.369656
0.536389 0.529671 0.371441
0.566172 0.529354 0.373225
0.595954 0.529037 0.375009
0.625737 0.528720 0.376793
0.655519 0.528403 0.378577
0.685302 0.528086 0.380361
0.715085 0.527770 0.382146
0.744867 0.527453 0.383930
0.774650 0.527136 0.385714
0.804433 0.526819 0.387498
0.834215 0.526502 0.389282
0.863998 0.526186 0.391066
0.893781 0.525869 0.392851
0.923563 0.525552 0.394635
0.953346 0.525235 0.396419
0.983129 0.524918 0.398203
1.000000 0.524601 0.399987
1.000000 0.524285 0.401771
1.000000 0.523968 0.403556
0.089654 0.561566 0.380030
0.122021 0.561532 0.378946
0.154389 0.561499 0.377862
0.186756 0.561466 0.376779
0.219123 0.561432 0.375695
0.251490 0.561399 0.374611
0.283857 0.561366 0.373527
0.316225 0.561332 0.372443
0.348592 0.561299 0.371359
0.380959 0.561265 0.370275
0.412322 0.561122 0.370306
0.442105 0.560805 0.372090
0.471887 0.560488 0.373874
0.501670 0.560172 0.375658
0.531453 0.559855 0.377443
0.561235 0.559538 0.379227
0.591018 0.559221 0.381011
0.620801 0.558904 0.382795
0.650583 0.558587 0.384579
0.680366 0.558271 0.386363
0.710148 0.557954 0.388148
0.739931 0.557637 0.389932
0.769714 0.557320 0.391716
0.799496 0.557003 0.393500
0.829279 0.556687 0.395284
0.859062 0.556370 0.397069
0.888844 0.556053 0.398853
0.918627 0.555736 0.400637
0.948410 0.555419 0.402421
0.978192 0.555103 0.404205
1.000000 0.554786 0.405989
1.000000 0.554469 0.407774
1.000000 0.554152 0.409558
0.093413 0.592703 0.376384
0.125780 0.592670 0.375300
0.158147 0.592637 0.374216
0.190514 0.592603 0.373132
0.222881 0.592570 0.372049
0.255249 0.592537 0.370965
0.287616 0.592503 0.369881
0.318038 0.592257 0.370955
0.347820 0.591940 0.372740
0.377603 0.591623 0.374524
0.407386 0.591306 0.376308
0.437168 0.590989 0.378092
0.466951 0.590673 0.379876
0.496734 0.590356 0.381661
0.526516 0.590039 0.383445
0.556299 0.589722 0.385229
0.586082 0.589405 0.387013
0.615864 0.589089 0.388797
0.645647 0.588772 0.390581
0.675430 0.588455 0.392366
0.705212 0.588138 0.394150
0.734995 0.587821 0.395934
0.764777 0.587504 0.397718
0.794560 0.587188 0.399502
0.824343 0.586871 0.401286
0.854125 0.586554 0.403071
0.883908 0.586237 0.404855
0.913691 0.585920 0.406639
0.943473 0.585604 0.408423
0.973256 0.585287 0.410207
1.000000 0.584970 0.411991
1.000000 0.584653 0.413776
1.000000 0.584336 0.415560
0.097171 0.623841 0.372738
0.129538 0.623808 0.371654
0.161905 0.623775 0.370570
0.193971 0.623708 0.369821
0.223754 0.623391 0.371605
0.253536 0.623075 0.373389
0.283319 0.622758 0.375173
0.313102 0.622441 0.376958
0.342884 0.622124 0.378742
0.372667 0.621807 0.380526
0.402449 0.621490 0.382310
0.432232 0.621174 0.384094
0.462015 0.620857 0.385878
0.491797 0.620540 0.387663
0.521580 0.620223 0.389447
0.551363 0.619906 0.391231
0.581145 0.619590 0.393015
0.610928 0.619273 0.394799
0.640711 0.618956 0.396583
0.670493 0.618639 0.398368
0.700276 0.618322 0.400152
0.730059 0.618005 0.401936
0.759841 0.617689 0.403720
0.789624 0.617372 0.405504
0.819406 0.617055 0.407288
0.849189 0.616738 0.409073
0.878972 0.616421 0.410857
0.908754 0.616105 0.412641
0.938537 0.615788 0.414425
0.968320 0.615471 0.416209
0.998102 0.615154 0.417994
1.000000 0.614837 0.419778
1.000000 0.614520 0.421562
0.099687 0.654843 0.370470
0.129469 0.654526 0.372255
0.159252 0.654209 0.374039
0.189035 0.653892 0.375823
0.218817 0.653576 0.377607
0.248600 0.653259 0.379391
0.278383 0.652942 0.381175
0.308165 0.652625 0.382960
0.337948 0.652308 0.384744
0.367731 0.651991 0.386528
0.397513 0.651675 0.388312
0.427296 0.651358 0.390096
0.457078 0.651041 0.391880
0.486861 0.650724 0.393665
0.516644 0.650407 0.395449
0.546426 0.650091 0.397233
0.576209 0.649774 0.399017
0.605992 0.649457 0.400801
0.635774 0.649140 0.402586
0.665557 0.648823 0.404370
0.695340 0.648506 0.406154
0.725122 0.648190 0.407938
0.754905 0.647873 0.409722
0.784688 0.647556 0.411506
0.814470 0.647239 0.413291
0.844253 0.646922 0.415075
0.874035 0.646606 0.416859
0.903818 0.646289 0.418643
0.933601 0.645972 0.420427
0.963383 0.645655 0.422211
0.993166 0.645338 0.423996
1.000000 0.645022 0.425780
1.000000 0.644705 0.427564
0.094750 0.685027 0.376472
0.124533 0.684710 0.378257
0.154316 0.684393 0.380041
0.184098 0.684077 0.381825
0.213881 0.683760 0.383609
0.243664 0.683443 0.385393
0.273446 0.683126 0.387178
0.303229 0.682809 0.388962
0.333012 0.682492 0.390746
0.362794 0.682176 0.392530
0.392577 0.681859 0.394314
0.422360 0.681542 0.396098
0.452142 0.681225 0.397883
0.481925 0.680908 0.399667
0.511707 0.680592 0.401451
0.541490 0.680275 0.403235
0.571273 0.679958 0.405019
0.601055 0.679641 0.406803
0.630838 0.679324 0.408588
0.660621 0.679008 0.410372
0.690403 0.678691 0.412156
0.720186 0.678374 0.413940
0.749969 0.678057 0.415724
0.779751 0.677740 0.417508
0.809534 0.677423 0.419293
0.839317 0.677107 0.421077
0.869099 0.676790 0.422861
0.898882 0.676473 0.424645
0.928665 0.676156 0.426429
0.958447 0.675839 0.428213
0.988230 0.675523 0.429998
1.000000 0.675206 0.431782
1.000000 0.674889 0.433566
0.089814 0.715211 0.382475
0.119597 0.714894 0.384259
0.149379 0.714578 0.386043
0.179162 0.714261 0.387827
0.208945 0.713944 0.389611
0.238727 0.713627 0.391395
0.268510 0.713310 0.393180
0.298293 0.712994 0.394964
0.328075 0.712677 0.396748
0.357858 0.712360 0.398532
0.387641 0.712043 0.400316
0.417423 0.711726 0.402100
0.447206 0.711409 0.403885
0.476989 0.711093 0.405669
0.506771 0.710776 0.407453
0.536554 0.710459 0.409237
0.566337 0.710142 0.411021
0.596119 0.709825 0.412805
0.625902 0.709509 0.414590
0.655684 0.709192 0.416374
0.685467 0.708875 0.418158
0.715250 0.708558 0.419942
0.745032 0.708241 0.421726
0.774815 0.707924 0.423511
0.804598 0.707608 0.425295
0.834380 0.707291 0.427079
0.864163 0.706974 0.428863
0.893946 0.706657 0.430647
0.923728 0.706340 0.432431
0.953511 0.706024 0.434216
0.983294 0.705707 0.436000
1.000000 0.705390 0.437784
1.000000 0.705073 0.439568
0.084878 0.745395 0.388477
0.114661 0.745079 0.390261
0.144443 0.744762 0.392045
0.174226 0.744445 0.393829
0.204009 0.744128 0.395613
0.233791 0.743811 0.397397
0.263574 0.743495 0.399182
0.293356 0.743178 0.400966
0.323139 0.742861 0.402750
0.352922 0.742544 0.404534
0.382704 0.742227 0.406318
0.412487 0.741910 0.408103
0.442270 0.741594 0.409887
0.472052 0.741277 0.411671
0.501835 0.740960 0.413455
0.531618 0.740643 0.415239
0.561400 0.740326 0.417023
0.591183 0.740010 0.418808
0.620966 0.739693 0.420592
0.650748 0.739376 0.422376
0.680531 0.739059 0.424160
0.710313 0.738742 0.425944
0.740096 0.738425 0.427728
0.769879 0.738109 0.429513
0.799661 0.737792 0.431297
0.829444 0.737475 0.433081
0.859227 0.737158 0.434865
0.889009 0.736841 0.436649
0.918792 0.736525 0.438433
0.948575 0.736208 0.440218
0.978357 0.735891 0.442002
1.000000 0.735574 0.443786
1.000000 0.735257 0.445570
0.079942 0.775580 0.394479
0.109724 0.775263 0.396263
0.139507 0.774946 0.398047
0.169290 0.774629 0.399831
0.199072 0.774312 0.401615
0.228855 0.773996 0.403400
0.258638 0.773679 0.405184
0.288420 0.773362 0.406968
0.318203 0.773045 0.408752
0.347985 0.772728 0.410536
0.377768 0.772411 0.412320
0.407551 0.772095 0.414105
0.437333 0.771778 0.415889
0.467116 0.771461 0.417673
0.496899 0.771144 0.419457
0.526681 0.770827 0.421241
0.556464 0.770511 0.423025
0.586247 0.770194 0.424810
0.616029 0.769877 0.426594
0.645812 0.769560 0.428378
0.675595 0.769243 0.430162
0.705377 0.768927 0.431946
0.735160 0.768610 0.433731
0.764942 0.768293 0.435515
0.794725 0.767976 0.437299
0.824508 0.767659 0.439083
0.854290 0.767342 0.440867
0.884073 0.767026 0.442651
0.913856 0.766709 0.444436
0.943638 0.766392 0.446220
0.973421 0.766075 0.448004
1.000000 0.765758 0.449788
1.000000 0.765442 0.451572
0.075005 0.805764 0.400481
0.104788 0.805447 0.402265
0.134571 0.805130 0.404049
0.164353 0.804813 0.405833
0.194136 0.804497 0.407617
0.223919 0.804180 0.409402
0.253701 0.803863 0.411186
0.283484 0.803546 0.412970
0.313267 0.803229 0.414754
0.343049 0.802913 0.416538
0.372832 0.802596 0.418323
0.402614 0.802279 0.420107
0.432397 0.801962 0.421891
0.462180 0.801645 0.423675
0.491962 0.801328 0.425459
0.521745 0.801012 0.427243
0.551528 0.800695 0.429028
0.581310 0.800378 0.430812
0.611093 0.800061 0.432596
0.640876 0.799744 0.434380
0.670658 0.799428 0.436164
0.700441 0.799111 0.437948
0.730224 0.798794 0.439733
0.760006 0.798477 0.441517
0.789789 0.798160 0.443301
0.819571 0.797843 0.445085
0.849354 0.797527 0.446869
0.879137 0.797210 0.448653
0.908919 0.796893 0.450438
0.938702 0.796576 0.452222
0.968485 0.796259 0.454006
0.998267 0.795943 0.455790
1.000000 0.795626 0.457574
0.070069 0.835948 0.406483
0.099852 0.835631 0.408267
0.129634 0.835314 0.410051
0.159417 0.834998 0.411835
0.189200 0.834681 0.413620
0.218982 0.834364 0.415404
0.248765 0.834047 0.417188
0.278548 0.833730 0.418972
0.308330 0.833414 0.420756
0.338113 0.833097 0.422540
0.367896 0.832780 0.424325
0.397678 0.832463 0.426109
0.427461 0.832146 0.427893
0.457243 0.831829 0.429677
0.487026 0.831513 0.431461
0.516809 0.831196 0.433245
0.546591 0.830879 0.435030
0.576374 0.830562 0.436814
0.606157 0.830245 0.438598
0.635939 0.829929 0.440382
0.665722 0.829612 0.442166
0.695505 0.829295 0.443950
0.725287 0.828978 0.445735
0.755070 0.828661 0.447519
0.784853 0.828344 0.449303
0.814635 0.828028 0.451087
0.844418 0.827711 0.452871
0.874200 0.827394 0.454656
0.903983 0.827077 0.456440
0.933766 0.826760 0.458224
0.963548 0.826444 0.460008
0.993331 0.826127 0.461792
1.000000 0.825810 0.463576
0.065133 0.866132 0.412485
0.094915 0.865815 0.414269
0.124698 0.865499 0.416053
0.154481 0.865182 0.417837
0.184263 0.864865 0.419622
0.214046 0.864548 0.421406
0.243829 0.864231 0.423190
0.273611 0.863915 0.424974
0.303394 0.863598 0.426758
0.333177 0.863281 0.428542
0.362959 0.862964 0.430327
0.392742 0.862647 0.432111
0.422525 0.862330 0.433895
0.452307 0.862014 0.435679
0.482090 0.861697 0.437463
0.511872 0.861380 0.439248
0.541655 0.861063 0.441032
0.571438 0.860746 0.442816
0.601220 0.860430 0.444600
0.631003 0.860113 0.446384
0.660786 0.859796 0.448168
0.690568 0.859479 0.449953
0.720351 0.859162 0.451737
0.750134 0.858846 0.453521
0.779916 0.858529 0.455305
0.809699 0.858212 0.457089
0.839482 0.857895 0.458873
0.869264 0.857578 0.460658
0.899047 0.857261 0.462442
0.928829 0.856945 0.464226
0.958612 0.856628 0.466010
0.988395 0.856311 0.467794
1.000000 0.855994 0.469578
0.060197 0.896316 0.418487
0.089979 0.896000 0.420271
0.119762 0.895683 0.422055
0.149544 0.895366 0.423840
0.179327 0.895049 0.425624
0.209110 0.894732 0.427408
0.238892 0.894416 0.429192
0.268675 0.894099 0.430976
0.298458 0.893782 0.432760
0.328240 0.893465 0.434545
0.358023 0.893148 0.436329
0.387806 0.892832 0.438113
0.417588 0.892515 0.439897
0.447371 0.892198 0.441681
0.477154 0.891881 0.443465
0.506936 0.891564 0.445250
0.536719 0.891247 0.447034
0.566501 0.890931 0.448818
0.596284 0.890614 0.450602
0.626067 0.890297 0.452386
0.655849 0.889980 0.454170
0.685632 0.889663 0.455955
0.715415 0.889347 0.457739
0.745197 0.889030 0.459523
0.774980 0.888713 0.461307
0.804763 0.888396 0.463091
0.834545 0.888079 0.464875
0.864328 0.887762 0.466660
0.894111 0.887446 0.468444
0.923893 0.887129 0.470228
0.953676 0.886812 0.472012
0.983458 0.886495 0.473796
1.000000 0.886178 0.475581
0.055260 0.926501 0.424489
0.085043 0.926184 0.426273
0.114826 0.925867 0.428057
0.144608 0.925550 0.429842
0.174391 0.925233 0.431626
0.204173 0.924917 0.433410
0.233956 0.924600 0.435194
0.263739 0.924283 0.436978
0.293521 0.923966 0.438762
0.323304 0.923649 0.440547
0.353087 0.923333 0.442331
0.382869 0.923016 0.444115
0.412652 0.922699 0.445899
0.442435 0.922382 0.447683
0.472217 0.922065 0.449467
0.502000 0.921748 0.451252
0.531783 0.921432 0.453036
0.561565 0.921115 0.454820
0.591348 0.920798 0.456604
0.621130 0.920481 0.458388
0.650913 0.920164 0.460173
0.680696 0.919848 0.461957
0.710478 0.919531 0.463741
0.740261 0.919214 0.465525
0.770044 0.918897 0.467309
0.799826 0.918580 0.469093
0.829609 0.918263 0.470878
0.859392 0.917947 0.472662
0.889174 0.917630 0.474446
0.918957 0.917313 0.476230
0.948740 0.916996 0.478014
0.978522 0.916679 0.479798
1.000000 0.916363 0.481583
0.050324 0.956685 0.430491
0.080107 0.956368 0.432275
0.109889 0.956051 0.434059
0.139672 0.955734 0.435844
0.169455 0.955418 0.437628
0.199237 0.955101 0.439412
0.229020 0.954784 0.441196
0.258802 0.954467 0.442980
0.288585 0.954150 0.444765
0.318368 0.953834 0.446549
0.348150 0.953517 0.448333
0.377933 0.953200 0.450117
0.407716 0.952883 0.451901
0.437498 0.952566 0.453685
0.467281 0.952249 0.455470
0.497064 0.951933 0.457254
0.526846 0.951616 0.459038
0.556629 0.951299 0.460822
0.586412 0.950982 0.462606
0.616194 0.950665 0.464390
0.645977 0.950349 0.466175
0.675759 0.950032 0.467959
0.705542 0.949715 0.469743
0.735325 0.949398 0.471527
0.765107 0.949081 0.473311
0.794890 0.948765 0.475095
0.824673 0.948448 0.476880
0.854455 0.948131 0.478664
0.884238 0.947814 0.480448
0.914021 0.947497 0.482232
0.943803 0.947180 0.484016
0.973586 0.946864 0.485800
1.000000 0.946547 0.487585
0.045388 0.986869 0.436493
0.075170 0.986552 0.438277
0.104953 0.986235 0.440062
0.134736 0.985919 0.441846
0.164518 0.985602 0.443630
0.194301 0.985285 0.445414
0.224084 0.984968 0.447198
0.253866 0.984651 0.448982
0.283649 0.984335 0.450767
0.313431 0.984018 0.452551
0.343214 0.983701 0.454335
0.372997 0.983384 0.456119
0.402779 0.983067 0.457903
0.432562 0.982751 0.459687
0.462345 0.982434 0.461472
0.492127 0.982117 0.463256
0.521910 0.981800 0.465040
0.551693 0.981483 0.466824
0.581475 0.981166 0.468608
0.611258 0.980850 0.470392
0.641041 0.980533 0.472177
0.670823 0.980216 0.473961
0.700606 0.979899 0.475745
0.730388 0.979582 0.477529
0.760171 0.979266 0.479313
0.789954 0.978949 0.481098
0.819736 0.978632 0.482882
0.849519 0.978315 0.484666
0.879302 0.977998 0.486450
0.909084 0.977681 0.488234
0.938867 0.977365 0.490018
0.968650 0.977048 0.491803
0.998432 0.976731 0.493587
0.022384 0.001074 0.476542
0.054751 0.001040 0.475458
0.087119 0.001007 0.474374
0.119486 0.000974 0.473291
0.151853 0.000940 0.472207
0.184220 0.000907 0.471123
0.216587 0.000874 0.470039
0.248955 0.000840 0.468955
0.281322 0.000807 0.467871
0.313689 0.000774 0.466788
0.346056 0.000740 0.465704
0.378423 0.000707 0.464620
0.410790 0.000674 0.463536
0.443158 0.000640 0.462452
0.475525 0.000607 0.461368
0.507892 0.000573 0.460284
0.540259 0.000540 0.459201
0.572626 0.000507 0.458117
0.604994 0.000473 0.457033
0.637361 0.000440 0.455949
0.669728 0.000407 0.454865
0.702095 0.000373 0.453781
0.734462 0.000340 0.452698
0.766830 0.000307 0.451614
0.799197 0.000273 0.450530
0.831564 0.000240 0.449446
0.863931 0.000207 0.448362
0.896298 0.000173 0.447278
0.928666 0.000140 0.446195
0.961033 0.000107 0.445111
0.993400 0.000073 0.444027
1.000000 0.000040 0.442943
1.000000 0.000007 0.441859
0.026142 0.032212 0.472896
0.058510 0.032178 0.471812
0.090877 0.032145 0.470728
0.123244 0.032111 0.469644
0.155611 0.032078 0.468561
0.187978 0.032045 0.467477
0.220346 0.032011 0.466393
0.252713 0.031978 0.465309
0.285080 0.031945 0.464225
0.317447 0.031911 0.463141
0.349814 0.031878 0.462058
0.382182 0.031845 0.460974
0.414549 0.031811 0.459890
0.446916 0.031778 0.458806
0.479283 0.031745 0.457722
0.511650 0.031711 0.456638
0.544018 0.031678 0.455555
0.576385 0.031645 0.454471
0.608752 0.031611 0.453387
0.641119 0.031578 0.452303
0.673486 0.031545 0.451219
0.705854 0.031511 0.450135
0.738221 0.031478 0.449051
0.770588 0.031444 0.447968
0.802955 0.031411 0.446884
0.835322 0.031378 0.445800
0.867689 0.031344 0.444716
0.900057 0.031311 0.443632
0.932424 0.031278 0.442548
0.964791 0.031244 0.441465
0.997158 0.031211 0.440381
1.000000 0.031178 0.439297
1.000000 0.031144 0.438213
0.029901 0.063349 0.469250
0.062268 0.063316 0.468166
0.094635 0.063283 0.467082
0.127002 0.063249 0.465998
0.159370 0.063216 0.464915
0.191737 0.063183 0.463831
0.224104 0.063149 0.462747
0.256471 0.063116 0.461663
0.288838 0.063083 0.460579
0.321206 0.063049 0.459495
0.353573 0.063016 0.458411
0.385940 0.062982 0.457328
0.418307 0.062949 0.456244
0.450674 0.062916 0.455160
0.483041 0.062882 0.454076
0.515409 0.062849 0.452992
0.547776 0.062816 0.451908
0.580143 0.062782 0.450825
0.612510 0.062749 0.449741
0.644877 0.062716 0.448657
0.677245 0.062682 0.447573
0.709612 0.062649 0.446489
0.741979 0.062616 0.445405
0.774346 0.062582 0.444321
0.806713 0.062549 0.443238
0.839081 0.062516 0.442154
0.871448 0.062482 0.441070
0.903815 0.062449 0.439986
0.936182 0.062416 0.438902
0.968549 0.062382 0.437818
1.000000 0.062349 0.436735
1.000000 0.062315 0.435651
1.000000 0.062282 0.434567
0.033659 0.094487 0.465604
0.066026 0.094454 0.464520
0.098393 0.094420 0.463436
0.130761 0.094387 0.462352
0.163128 0.094354 0.461268
0.195495 0.094320 0.460185
0.227862 0.094287 0.459101
0.260229 0.094254 0.458017
0.292597 0.094220 0.456933
0.324964 0.094187 0.455849
0.357331 0.094154 0.454765
0.389698 0.094120 0.453681
0.422065 0.094087 0.452598
0.454433 0.094054 0.451514
0.486800 0.094020 0.450430
0.519167 0.093987 0.449346
0.551534 0.093954 0.448262
0.583901 0.093920 0.447178
0.616269 0.093887 0.446095
0.648636 0.093853 0.445011
0.681003 0.093820 0.443927
0.713370 0.093787 0.442843
0.745737 0.093753 0.441759
0.778105 0.093720 0.440675
0.810472 0.093687 0.439592
0.842839 0.093653 0.438508
0.875206 0.093620 0.437424
0.907573 0.093587 0.436340
0.939940 0.093553 0.435256
0.972308 0.093520 0.434172
1.000000 0.093487 0.433088
1.000000 0.093453 0.432005
1.000000 0.093420 0.430921
0.037417 0.125625 0.461958
0.069785 0.125592 0.460874
0.102152 0.125558 0.459790
0.134519 0.125525 0.458706
0.166886 0.125492 0.457622
0.199253 0.125458 0.456538
0.231621 0.125425 0.455455
0.263988 0.125391 0.454371
0.296355 0.125358 0.453287
0.328722 0.125325 0.452203
0.361089 0.125291 0.451119
0.393457 0.125258 0.450035
0.425824 0.125225 0.448952
0.458191 0.125191 0.447868
0.490558 0.125158 0.446784
0.522925 0.125125 0.445700
0.555292 0.125091 0.444616
0.587660 0.125058 0.443532
0.620027 0.125025 0.442448
0.652394 0.124991 0.441365
0.684761 0.124958 0.440281
0.717128 0.124925 0.439197
0.749496 0.124891 0.438113
0.781863 0.124858 0.437029
0.814230 0.124825 0.435945
0.846597 0.124791 0.434862
0.878964 0.124758 0.433778
0.911332 0.124725 0.432694
0.943699 0.124691 0.431610
0.976066 0.124658 0.430526
1.000000 0.124624 0.429442
1.000000 0.124591 0.428359
1.000000 0.124558 0.427275
0.041176 0.156763 0.458312
0.073543 0.156729 0.457228
0.105910 0.156696 0.456144
0.138277 0.156663 0.455060
0.170644 0.156629 0.453976
0.203012 0.156596 0.452892
0.235379 0.156563 0.451808
0.267746 0.156529 0.450725
0.300113 0.156496 0.449641
0.332480 0.156463 0.448557
0.364848 0.156429 0.447473
0.397215 0.156396 0.446389
0.429582 0.156363 0.445305
0.461949 0.156329 0.444222
0.494316 0.156296 0.443138
0.526684 0.156263 0.442054
0.559051 0.156229 0.440970
0.591418 0.156196 0.439886
0.623785 0.156162 0.438802
0.656152 0.156129 0.437719
0.688520 0.156096 0.436635
0.720887 0.156062 0.435551
0.753254 0.156029 0.434467
0.785621 0.155996 0.433383
0.817988 0.155962 0.432299
0.850356 0.155929 0.431215
0.882723 0.155896 0.430132
0.915090 0.155862 0.429048
0.947457 0.155829 0.427964
0.979824 0.155796 0.426880
1.000000 0.155762 0.425796
1.000000 0.155729 0.424712
1.000000 0.155696 0.423629
0.044934 0.187901 0.454665
0.077301 0.187867 0.453582
0.109668 0.187834 0.452498
0.142036 0.187801 0.451414
0.174403 0.187767 0.450330
0.206770 0.187734 0.449246
0.239137 0.187700 0.448162
0.271504 0.187667 0.447079
0.303872 0.187634 0.445995
0.336239 0.187600 0.444911
0.368606 0.187567 0.443827
0.400973 0.187534 0.442743
0.433340 0.187500 0.441659
0.465708 0.187467 0.440575
0.498075 0.187434 0.439492
0.530442 0.187400 0.438408
0.562809 0.187367 0.437324
0.595176 0.187334 0.436240
0.627543 0.187300 0.435156
0.659911 0.187267 0.434072
0.692278 0.187234 0.432989
0.724645 0.187200 0.431905
0.757012 0.187167 0.430821
0.789379 0.187134 0.429737
0.821747 0.187100 0.428653
0.854114 0.187067 0.427569
0.886481 0.187033 0.426485
0.918848 0.187000 0.425402
0.951215 0.186967 0.424318
0.983583 0.186933 0.423234
1.000000 0.186900 0.422150
1.000000 0.186867 0.421066
1.000000 0.186833 0.419982
0.048692 0.219038 0.451019
0.081060 0.219005 0.449935
0.113427 0.218972 0.448852
0.145794 0.218938 0.447768
0.178161 0.218905 0.446684
0.210528 0.218872 0.445600
0.242895 0.218838 0.444516
0.275263 0.218805 0.443432
0.307630 0.218772 0.442349
0.339997 0.218738 0.441265
0.372364 0.218705 0.440181
0.404731 0.218672 0.439097
0.437099 0.218638 0.438013
0.469466 0.218605 0.436929
0.501833 0.218571 0.435845
0.534200 0.218538 0.434762
0.566567 0.218505 0.433678
0.598935 0.218471 0.432594
0.631302 0.218438 0.431510
0.663669 0.218405 0.430426
0.696036 0.218371 0.429342
0.728403 0.218338 0.428259
0.760771 0.218305 0.427175
0.793138 0.218271 0.426091
0.825505 0.218238 0.425007
0.857872 0.218205 0.423923
0.890239 0.218171 0.422839
0.922607 0.218138 0.421756
0.954974 0.218105 0.420672
0.987341 0.218071 0.419588
1.000000 0.218038 0.418504
1.000000 0.218005 0.417420
1.000000 0.217971 0.416336
0.052451 0.250176 0.447373
0.084818 0.250143 0.446289
0.117185 0.250109 0.445205
0.149552 0.250076 0.444122
0.181919 0.250043 0.443038
0.214287 0.250009 0.441954
0.246654 0.249976 0.440870
0.279021 0.249943 0.439786
0.311388 0.249909 0.438702
0.343755 0.249876 0.437619
0.376123 0.249843 0.436535
0.408490 0.249809 0.435451
0.440857 0.249776 0.434367
0.473224 0.249743 0.433283
0.505591 0.249709 0.432199
0.537959 0.249676 0.431116
0.570326 0.249643 0.430032
0.602693 0.249609 0.428948
0.635060 0.249576 0.427864
0.667427 0.249543 0.426780
0.699794 0.249509 0.425696
0.732162 0.249476 0.424612
0.764529 0.249443 0.423529
0.796896 0.249409 0.422445
0.829263 0.249376 0.421361
0.861630 0.249342 0.420277
0.893998 0.249309 0.419193
0.926365 0.249276 0.418109
0.958732 0.249242 0.417026
0.991099 0.249209 0.415942
1.000000 0.249176 0.414858
1.000000 0.249142 0.413774
1.000000 0.249109 0.412690
0.056209 0.281314 0.443727
0.088576 0.281281 0.442643
0.120943 0.281247 0.441559
0.153311 0.281214 0.440476
0.185678 0.281181 0.439392
0.218045 0.281147 0.438308
0.250412 0.281114 0.437224
0.282779 0.281081 0.436140
0.315146 0.281047 0.435056
0.347514 0.281014 0.433972
0.379881 0.280981 0.432889
0.412248 0.280947 0.431805
0.444615 0.280914 0.430721
0.476982 0.280880 0.429637
0.509350 0.280847 0.428553
0.541717 0.280814 0.427469
0.574084 0.280780 0.426386
0.606451 0.280747 0.425302
0.638818 0.280714 0.424218
0.671186 0.280680 0.423134
0.703553 0.280647 0.422050
0.735920 0.280614 0.420966
0.768287 0.280580 0.419883
0.800654 0.280547 0.418799
0.833022 0.280514 0.417715
0.865389 0.280480 0.416631
0.897756 0.280447 0.415547
0.930123 0.280414 0.414463
0.962490 0.280380 0.413379
0.994858 0.280347 0.412296
1.000000 0.280314 0.411212
1.000000 0.280280 0.410128
1.000000 0.280247 0.409044
0.059967 0.312452 0.440081
0.092334 0.312418 0.438997
0.124702 0.312385 0.437913
0.157069 0.312352 0.436829
0.189436 0.312318 0.435746
0.221803 0.312285 0.434662
0.254170 0.312252 0.433578
0.286538 0.312218 0.432494
0.318905 0.312185 0.431410
0.351272 0.312152 0.430326
0.383639 0.312118 0.429243
0.416006 0.312085 0.428159
0.448374 0.312052 0.427075
0.480741 0.312018 0.425991
0.513108 0.311985 0.424907
0.545475 0.311952 0.423823
0.577842 0.311918 0.422739
0.610210 0.311885 0.421656
0.642577 0.311852 0.420572
0.674944 0.311818 0.419488
0.707311 0.311785 0.418404
0.739678 0.311751 0.417320
0.772045 0.311718 0.416236
0.804413 0.311685 0.415153
0.836780 0.311651 0.414069
0.869147 0.311618 0.412985
0.901514 0.311585 0.411901
0.933881 0.311551 0.410817
0.966249 0.311518 0.409733
0.998616 0.311485 0.408649
1.000000 0.311451 0.407566
1.000000 0.311418 0.406482
1.000000 0.311385 0.405398
0.063726 0.343590 0.436435
0.096093 0.343556 0.435351
0.128460 0.343523 0.434267
0.160827 0.343490 0.433183
0.193194 0.343456 0.432099
0.225562 0.343423 0.431016
0.257929 0.343390 0.429932
0.290296 0.343356 0.428848
0.322663 0.343323 0.427764
0.355030 0.343289 0.426680
0.387397 0.343256 0.425596
0.419765 0.343223 0.424513
0.452132 0.343189 0.423429
0.484499 0.343156 0.422345
0.516866 0.343123 0.421261
0.549233 0.343089 0.420177
0.581601 0.343056 0.419093
0.613968 0.343023 0.418009
0.646335 0.342989 0.416926
0.678702 0.342956 0.415842
0.711069 0.342923 0.414758
0.743437 0.342889 0.413674
0.775804 0.342856 0.412590
0.808171 0.342823 0.411506
0.840538 0.342789 0.410423
0.872905 0.342756 0.409339
0.905273 0.342723 0.408255
0.937640 0.342689 0.407171
0.970007 0.342656 0.406087
1.000000 0.342623 0.405003
1.000000 0.342589 0.403920
1.000000 0.342556 0.402836
1.000000 0.342522 0.401752
0.067484 0.374727 0.432789
0.099851 0.374694 0.431705
0.132218 0.374661 0.430621
0.164585 0.374627 0.429537
0.196953 0.374594 0.428453
0.229320 0.374561 0.427369
0.261687 0.374527 0.426286
0.294054 0.374494 0.425202
0.326421 0.374461 0.424118
0.358789 0.374427 0.423034
0.391156 0.374394 0.421950
0.423523 0.374361 0.420866
0.455890 0.374327 0.419783
0.488257 0.374294 0.418699
0.520625 0.374261 0.417615
0.552992 0.374227 0.416531
0.585359 0.374194 0.415447
0.617726 0.374161 0.414363
0.650093 0.374127 0.413280
0.682461 0.374094 0.412196
0.714828 0.374060 0.411112
0.747195 0.374027 0.410028
0.779562 0.373994 0.408944
0.811929 0.373960 0.407860
0.844296 0.373927 0.406776
0.876664 0.373894 0.405693
0.909031 0.373860 0.404609
0.941398 0.373827 0.403525
0.973765 0.373794 0.402441
1.000000 0.373760 0.401357
1.000000 0.373573 0.401833
1.000000 0.373256 0.403617
1.000000 0.372939 0.405401
0.071242 0.405865 0.429143
0.103609 0.405832 0.428059
0.135977 0.405799 0.426975
0.168344 0.405765 0.425891
0.200711 0.405732 0.424807
0.233078 0.405699 0.423723
0.265445 0.405665 0.422640
0.297813 0.405632 0.421556
0.330180 0.405598 0.420472
0.362547 0.405565 0.419388
0.394914 0.405532 0.418304
0.427281 0.405498 0.417220
0.459648 0.405465 0.416136
0.492016 0.405432 0.415053
0.524383 0.405398 0.413969
0.556750 0.405365 0.412885
0.589117 0.405332 0.411801
0.621484 0.405298 0.410717
0.653852 0.405265 0.409633
0.686219 0.405232 0.408550
0.718586 0.405198 0.407466
0.750953 0.405165 0.406382
0.783320 0.405132 0.405298
0.815688 0.405098 0.404214
0.848055 0.405065 0.403130
0.880422 0.405032 0.402047
0.912789 0.404998 0.400963
0.942810 0.404707 0.402482
0.972593 0.404391 0.404267
1.000000 0.404074 0.406051
1.000000 0.403757 0.407835
1.000000 0.403440 0.409619
1.000000 0.403123 0.411403
0.075000 0.437003 0.425496
0.107368 0.436970 0.424413
0.139735 0.436936 0.423329
0.172102 0.436903 0.422245
0.204469 0.436870 0.421161
0.236836 0.436836 0.420077
0.269204 0.436803 0.418993
0.301571 0.436770 0.417910
0.333938 0.436736 0.416826
0.366305 0.436703 0.415742
0.398672 0.436670 0.414658
0.431040 0.436636 0.413574
0.463407 0.436603 0.412490
0.495774 0.436570 0.411407
0.528141 0.436536 0.410323
0.560508 0.436503 0.409239
0.592876 0.436469 0.408155
0.625243 0.436436 0.407071
0.657610 0.436403 0.405987
0.689977 0.436369 0.404903
0.722344 0.436336 0.403820
0.754712 0.436303 0.402736
0.787079 0.436269 0.401652
0.818743 0.436159 0.401348
0.848526 0.435842 0.403132
0.878309 0.435525 0.404916
0.908091 0.435209 0.406700
0.937874 0.434892 0.408485
0.967656 0.434575 0.410269
0.997439 0.434258 0.412053
1.000000 0.433941 0.413837
1.000000 0.433624 0.415621
1.000000 0.433308 0.417405
0.078759 0.468141 0.421850
0.111126 0.468108 0.420767
0.143493 0.468074 0.419683
0.175860 0.468041 0.418599
0.208228 0.468007 0.417515
0.240595 0.467974 0.416431
0.272962 0.467941 0.415347
0.305329 0.467907 0.414263
0.337696 0.467874 0.413180
0.370064 0.467841 0.412096
0.402431 0.467807 0.411012
0.434798 0.467774 0.409928
0.467165 0.467741 0.408844
0.499532 0.467707 0.407760
0.531899 0.467674 0.406677
0.564267 0.467641 0.405593
0.596634 0.467607 0.404509
0.629001 0.467574 0.403425
0.661368 0.467541 0.402341
0.693735 0.467507 0.401257
0.724459 0.467294 0.401997
0.754242 0.466977 0.403782
0.784024 0.466660 0.405566
0.813807 0.466343 0.407350
0.843590 0.466026 0.409134
0.873372 0.465710 0.410918
0.903155 0.465393 0.412702
0.932938 0.465076 0.414487
0.962720 0.464759 0.416271
0.992503 0.464442 0.418055
1.000000 0.464125 0.419839
1.000000 0.463809 0.421623
1.000000 0.463492 0.423407
0.082517 0.499279 0.418204
0.114884 0.499245 0.417120
0.147251 0.499212 0.416037
0.179619 0.499179 0.414953
0.211986 0.499145 0.413869
0.244353 0.499112 0.412785
0.276720 0.499079 0.411701
0.309087 0.499045 0.410617
0.341455 0.499012 0.409533
0.373822 0.498979 0.408450
0.406189 0.498945 0.407366
0.438556 0.498912 0.406282
0.470923 0.498878 0.405198
0.503291 0.498845 0.404114
0.535658 0.498812 0.403030
0.568025 0.498778 0.401947
0.600392 0.498745 0.400863
0.630175 0.498428 0.402647
0.659957 0.498111 0.404431
0.689740 0.497795 0.406215
0.719523 0.497478 0.407999
0.749305 0.497161 0.409784
0.779088 0.496844 0.411568
0.808871 0.496527 0.413352
0.838653 0.496211 0.415136
0.868436 0.495894 0.416920
0.898219 0.495577 0.418704
0.928001 0.495260 0.420489
0.957784 0.494943 0.422273
0.987567 0.494626 0.424057
1.000000 0.494310 0.425841
1.000000 0.493993 0.427625
1.000000 0.493676 0.429410
0.086275 0.530416 0.414558
0.118643 0.530383 0.413474
0.151010 0.530350 0.412390
0.183377 0.530316 0.411307
0.215744 0.530283 0.410223
0.248111 0.530250 0.409139
0.280479 0.530216 0.408055
0.312846 0.530183 0.406971
0.345213 0.530150 0.405887
0.377580 0.530116 0.404804
0.409947 0.530083 0.403720
0.442315 0.530050 0.402636
0.474682 0.530016 0.401552
0.506108 0.529880 0.401512
0.535891 0.529563 0.403296
0.565673 0.529246 0.405081
0.595456 0.528929 0.406865
0.625239 0.528612 0.408649
0.655021 0.528296 0.410433
0.684804 0.527979 0.412217
0.714586 0.527662 0.414002
0.744369 0.527345 0.415786
0.774152 0.527028 0.417570
0.803934 0.526712 0.419354
0.833717 0.526395 0.421138
0.863500 0.526078 0.422922
0.893282 0.525761 0.424707
0.923065 0.525444 0.426491
0.952848 0.525128 0.428275
0.982630 0.524811 0.430059
1.000000 0.524494 0.431843
1.000000 0.524177 0.433627
1.000000 0.523860 0.435412
0.090034 0.561554 0.410912
0.122401 0.561521 0.409828
0.154768 0.561488 0.408744
0.187135 0.561454 0.407660
0.219502 0.561421 0.406577
0.251870 0.561388 0.405493
0.284237 0.561354 0.404409
0.316604 0.561321 0.403325
0.348971 0.561288 0.402241
0.381338 0.561254 0.401157
0.411824 0.561014 0.402162
0.441606 0.560698 0.403946
0.471389 0.560381 0.405730
0.501172 0.560064 0.407514
0.530954 0.559747 0.409299
0.560737 0.559430 0.411083
0.590520 0.559114 0.412867
0.620302 0.558797 0.414651
0.650085 0.558480 0.416435
0.679868 0.558163 0.418219
0.709650 0.557846 0.420004
0.739433 0.557529 0.421788
0.769215 0.557213 0.423572
0.798998 0.556896 0.425356
0.828781 0.556579 0.427140
0.858563 0.556262 0.428924
0.888346 0.555945 0.430709
0.918129 0.555629 0.432493
0.947911 0.555312 0.434277
0.977694 0.554995 0.436061
1.000000 0.554678 0.437845
1.000000 0.554361 0.439629
1.000000 0.554044 0.441414
0.093792 0.592692 0.407266
0.126159 0.592659 0.406182
0.158526 0.592625 0.405098
0.190894 0.592592 0.404014
0.223261 0.592559 0.402931
0.255628 0.592525 0.401847
0.287757 0.592466 0.401027
0.317540 0.592149 0.402811
0.347322 0.591832 0.404596
0.377105 0.591515 0.406380
0.406887 0.591199 0.408164
0.436670 0.590882 0.409948
0.466453 0.590565 0.411732
0.496235 0.590248 0.413516
0.526018 0.589931 0.415301
0.555801 0.589615 0.417085
0.585583 0.589298 0.418869
0.615366 0.588981 0.420653
0.645149 0.588664 0.422437
0.674931 0.588347 0.424221
0.704714 0.588030 0.426006
0.734497 0.587714 0.427790
0.764279 0.587397 0.429574
0.794062 0.587080 0.431358
0.823844 0.586763 0.433142
0.853627 0.586446 0.434927
0.883410 0.586130 0.436711
0.913192 0.585813 0.438495
0.942975 0.585496 0.440279
0.972758 0.585179 0.442063
1.000000 0.584862 0.443847
1.000000 0.584545 0.445632
1.000000 0.584229 0.447416
0.097550 0.623830 0.403620
0.129917 0.623797 0.402536
0.162285 0.623763 0.401452
0.193473 0.623601 0.401677
0.223255 0.623284 0.403461
0.253038 0.622967 0.405245
0.282821 0.622650 0.407029
0.312603 0.622333 0.408813
0.342386 0.622016 0.410598
0.372169 0.621700 0.412382
0.401951 0.621383 0.414166
0.431734 0.621066 0.415950
0.461516 0.620749 0.417734
0.491299 0.620432 0.419519
0.521082 0.620116 0.421303
0.550864 0.619799 0.423087
0.580647 0.619482 0.424871
0.610430 0.619165 0.426655
0.640212 0.618848 0.428439
0.669995 0.618531 0.430224
0.699778 0.618215 0.432008
0.729560 0.617898 0.433792
0.759343 0.617581 0.435576
0.789126 0.617264 0.437360
0.818908 0.616947 0.439144
0.848691 0.616631 0.440929
0.878473 0.616314 0.442713
0.908256 0.615997 0.444497
0.938039 0.615680 0.446281
0.967821 0.615363 0.448065
0.997604 0.615047 0.449849
1.000000 0.614730 0.451634
1.000000 0.614413 0.453418
0.099188 0.654735 0.402326
0.128971 0.654418 0.404111
0.158754 0.654102 0.405895
0.188536 0.653785 0.407679
0.218319 0.653468 0.409463
0.248102 0.653151 0.411247
0.277884 0.652834 0.413031
0.307667 0.652517 0.414816
0.337450 0.652201 0.416600
0.367232 0.651884 0.418384
0.397015 0.651567 0.420168
0.426798 0.651250 0.421952
0.456580 0.650933 0.423736
0.486363 0.650617 0.425521
0.516145 0.650300 0.427305
0.545928 0.649983 0.429089
0.575711 0.649666 0.430873
0.605493 0.649349 0.432657
0.635276 0.649033 0.434441
0.665059 0.648716 0.436226
0.694841 0.648399 0.438010
0.724624 0.648082 0.439794
0.754407 0.647765 0.441578
0.784189 0.647448 0.443362
0.813972 0.647132 0.445146
0.843755 0.646815 0.446931
0.873537 0.646498 0.448715
0.903320 0.646181 0.450499
0.933102 0.645864 0.452283
0.962885 0.645548 0.454067
0.992668 0.645231 0.455852
1.000000 0.644914 0.457636
1.000000 0.644597 0.459420
0.094252 0.684919 0.408328
0.124035 0.684603 0.410113
0.153817 0.684286 0.411897
0.183600 0.683969 0.413681
0.213383 0.683652 0.415465
0.243165 0.683335 0.417249
0.272948 0.683019 0.419033
0.302731 0.682702 0.420818
0.332513 0.682385 0.422602
0.362296 0.682068 0.424386
0.392079 0.681751 0.426170
0.421861 0.681434 0.427954
0.451644 0.681118 0.429738
0.481427 0.680801 0.431523
0.511209 0.680484 0.433307
0.540992 0.680167 0.435091
0.570774 0.679850 0.436875
0.600557 0.679534 0.438659
0.630340 0.679217 0.440444
0.660122 0.678900 0.442228
0.689905 0.678583 0.444012
0.719688 0.678266 0.445796
0.749470 0.677949 0.447580
0.779253 0.677633 0.449364
0.809036 0.677316 0.451149
0.838818 0.676999 0.452933
0.868601 0.676682 0.454717
0.898384 0.676365 0.456501
0.928166 0.676049 0.458285
0.957949 0.675732 0.460069
0.987731 0.675415 0.461854
1.000000 0.675098 0.463638
1.000000 0.674781 0.465422
0.089316 0.715104 0.414330
0.119099 0.714787 0.416115
0.148881 0.714470 0.417899
0.178664 0.714153 0.419683
0.208446 0.713836 0.421467
0.238229 0.713520 0.423251
0.268012 0.713203 0.425036
0.297794 0.712886 0.426820
0.327577 0.712569 0.428604
0.357360 0.712252 0.430388
0.387142 0.711935 0.432172
0.416925 0.711619 0.433956
0.446708 0.711302 0.435741
0.476490 0.710985 0.437525
0.506273 0.710668 0.439309
0.536056 0.710351 0.441093
0.565838 0.710035 0.442877
0.595621 0.709718 0.444661
0.625403 0.709401 0.446446
0.655186 0.709084 0.448230
0.684969 0.708767 0.450014
0.714751 0.708451 0.451798
0.744534 0.708134 0.453582
0.774317 0.707817 0.455366
0.804099 0.707500 0.457151
0.833882 0.707183 0.458935
0.863665 0.706866 0.460719
0.893447 0.706550 0.462503
0.923230 0.706233 0.464287
0.953013 0.705916 0.466071
0.982795 0.705599 0.467856
1.000000 0.705282 0.469640
1.000000 0.704966 0.471424
0.084380 0.745288 0.420333
0.114162 0.744971 0.422117
0.143945 0.744654 0.423901
0.173728 0.744337 0.425685
0.203510 0.744021 0.427469
0.233293 0.743704 0.429253
0.263075 0.743387 0.431038
0.292858 0.743070 0.432822
0.322641 0.742753 0.434606
0.352423 0.742437 0.436390
0.382206 0.742120 0.438174
0.411989 0.741803 0.439958
0.441771 0.741486 0.441743
0.471554 0.741169 0.443527
0.501337 0.740852 0.445311
0.531119 0.740536 0.447095
0.560902 0.740219 0.448879
0.590685 0.739902 0.450663
0.620467 0.739585 0.452448
0.650250 0.739268 0.454232
0.680032 0.738952 0.456016
0.709815 0.738635 0.457800
0.739598 0.738318 0.459584
0.769380 0.738001 0.461369
0.799163 0.737684 0.463153
0.828946 0.737367 0.464937
0.858728 0.737051 0.466721
0.888511 0.736734 0.468505
0.918294 0.736417 0.470289
0.948076 0.736100 0.472074
0.977859 0.735783 0.473858
1.000000 0.735467 0.475642
1.000000 0.735150 0.477426
0.079443 0.775472 0.426335
0.109226 0.775155 0.428119
0.139009 0.774838 0.429903
0.168791 0.774522 0.431687
0.198574 0.774205 0.433471
0.228357 0.773888 0.435255
0.258139 0.773571 0.437040
0.287922 0.773254 0.438824
0.317704 0.772938 0.440608
0.347487 0.772621 0.442392
0.377270 0.772304 0.444176
0.407052 0.771987 0.445961
0.436835 0.771670 0.447745
0.466618 0.771353 0.449529
0.496400 0.771037 0.451313
0.526183 0.770720 0.453097
0.555966 0.770403 0.454881
0.585748 0.770086 0.456666
0.615531 0.769769 0.458450
0.645314 0.769453 0.460234
0.675096 0.769136 0.462018
0.704879 0.768819 0.463802
0.734661 0.768502 0.465586
0.764444 0.768185 0.467371
0.794227 0.767868 0.469155
0.824009 0.767552 0.470939
0.853792 0.767235 0.472723
0.883575 0.766918 0.474507
0.913357 0.766601 0.476291
0.943140 0.766284 0.478076
0.972923 0.765968 0.479860
1.000000 0.765651 0.481644
1.000000 0.765334 0.483428
0.074507 0.805656 0.432337
0.104290 0.805339 0.434121
0.134072 0.805023 0.435905
0.163855 0.804706 0.437689
0.193638 0.804389 0.439473
0.223420 0.804072 0.441258
0.253203 0.803755 0.443042
0.282986 0.803439 0.444826
0.312768 0.803122 0.446610
0.342551 0.802805 0.448394
0.372333 0.802488 0.450178
0.402116 0.802171 0.451963
0.431899 0.801854 0.453747
0.461681 0.801538 0.455531
0.491464 0.801221 0.457315
0.521247 0.800904 0.459099
0.551029 0.800587 0.460883
0.580812 0.800270 0.462668
0.610595 0.799954 0.464452
0.640377 0.799637 0.466236
0.670160 0.799320 0.468020
0.699943 0.799003 0.469804
0.729725 0.798686 0.471588
0.759508 0.798370 0.473373
0.789290 0.798053 0.475157
0.819073 0.797736 0.476941
0.848856 0.797419 0.478725
0.878638 0.797102 0.480509
0.908421 0.796785 0.482294
0.938204 0.796469 0.484078
0.967986 0.796152 0.485862
0.997769 0.795835 0.487646
1.000000 0.795518 0.489430
0.069571 0.835840 0.438339
0.099353 0.835524 0.440123
0.129136 0.835207 0.441907
0.158919 0.834890 0.443691
0.188701 0.834573 0.445475
0.218484 0.834256 0.447260
0.248267 0.833940 0.449044
0.278049 0.833623 0.450828
0.307832 0.833306 0.452612
0.337615 0.832989 0.454396
0.367397 0.832672 0.456180
0.397180 0.832356 0.457965
0.426962 0.832039 0.459749
0.456745 0.831722 0.461533
0.486528 0.831405 0.463317
0.516310 0.831088 0.465101
0.546093 0.830771 0.466886
0.575876 0.830455 0.468670
0.605658 0.830138 0.470454
0.635441 0.829821 0.472238
0.665224 0.829504 0.474022
0.695006 0.829187 0.475806
0.724789 0.828871 0.477591
0.754572 0.828554 0.479375
0.784354 0.828237 0.481159
0.814137 0.827920 0.482943
0.843919 0.827603 0.484727
0.873702 0.827286 0.486511
0.903485 0.826970 0.488296
0.933267 0.826653 0.490080
0.963050 0.826336 0.491864
0.992833 0.826019 0.493648
1.000000 0.825702 0.495432
0.064634 0.866025 0.444341
0.094417 0.865708 0.446125
0.124200 0.865391 0.447909
0.153982 0.865074 0.449693
0.183765 0.864757 0.451478
0.213548 0.864441 0.453262
0.243330 0.864124 0.455046
0.273113 0.863807 0.456830
0.302896 0.863490 0.458614
0.332678 0.863173 0.460398
0.362461 0.862857 0.462183
0.392244 0.862540 0.463967
0.422026 0.862223 0.465751
0.451809 0.861906 0.467535
0.481591 0.861589 0.469319
0.511374 0.861272 0.471103
0.541157 0.860956 0.472888
0.570939 0.860639 0.474672
0.600722 0.860322 0.476456
0.630505 0.860005 0.478240
0.660287 0.859688 0.480024
0.690070 0.859372 0.481808
0.719853 0.859055 0.483593
0.749635 0.858738 0.485377
0.779418 0.858421 0.487161
0.809201 0.858104 0.488945
0.838983 0.857787 0.490729
0.868766 0.857471 0.492513
0.898548 0.857154 0.494298
0.928331 0.856837 0.496082
0.958114 0.856520 0.497866
0.987896 0.856203 0.499650
1.000000 0.855887 0.501434
0.059698 0.896209 0.450343
0.089481 0.895892 0.452127
0.119263 0.895575 0.453911
0.149046 0.895258 0.455695
0.178829 0.894942 0.457480
0.208611 0.894625 0.459264
0.238394 0.894308 0.461048
0.268177 0.893991 0.462832
0.297959 0.893674 0.464616
0.327742 0.893358 0.466400
0.357525 0.893041 0.468185
0.387307 0.892724 0.469969
0.417090 0.892407 0.471753
0.446873 0.892090 0.473537
0.476655 0.891773 0.475321
0.506438 0.891457 0.477105
0.536220 0.891140 0.478890
0.566003 0.890823 0.480674
0.595786 0.890506 0.482458
0.625568 0.890189 0.484242
0.655351 0.889873 0.486026
0.685134 0.889556 0.487811
0.714916 0.889239 0.489595
0.744699 0.888922 0.491379
0.774482 0.888605 0.493163
0.804264 0.888289 0.494947
0.834047 0.887972 0.496731
0.863830 0.887655 0.498516
0.893612 0.887338 0.500300
0.923395 0.887021 0.502084
0.953177 0.886704 0.503868
0.982960 0.886388 0.505652
1.000000 0.886071 0.507436
0.054762 0.926393 0.456345
0.084545 0.926076 0.458129
0.114327 0.925759 0.459913
0.144110 0.925443 0.461697
0.173892 0.925126 0.463482
0.203675 0.924809 0.465266
0.233458 0.924492 0.467050
0.263240 0.924175 0.468834
0.293023 0.923859 0.470618
0.322806 0.923542 0.472403
0.352588 0.923225 0.474187
0.382371 0.922908 0.475971
0.412154 0.922591 0.477755
0.441936 0.922275 0.479539
0.471719 0.921958 0.481323
0.501502 0.921641 0.483108
0.531284 0.921324 0.484892
0.561067 0.921007 0.486676
0.590849 0.920690 0.488460
0.620632 0.920374 0.490244
0.650415 0.920057 0.492028
0.680197 0.919740 0.493813
0.709980 0.919423 0.495597
0.739763 0.919106 0.497381
0.769545 0.918790 0.499165
0.799328 0.918473 0.500949
0.829111 0.918156 0.502733
0.858893 0.917839 0.504518
0.888676 0.917522 0.506302
0.918459 0.917205 0.508086
0.948241 0.916889 0.509870
0.978024 0.916572 0.511654
1.000000 0.916255 0.513438
0.049826 0.956577 0.462347
0.079608 0.956261 0.464131
0.109391 0.955944 0.465915
0.139174 0.955627 0.467700
0.168956 0.955310 0.469484
0.198739 0.954993 0.471268
0.228521 0.954676 0.473052
0.258304 0.954360 0.474836
0.288087 0.954043 0.476620
0.317869 0.953726 0.478405
0.347652 0.953409 0.480189
0.377435 0.953092 0.481973
0.407217 0.952776 0.483757
0.437000 0.952459 0.485541
0.466783 0.952142 0.487325
0.496565 0.951825 0.489110
0.526348 0.951508 0.490894
0.556131 0.951191 0.492678
0.585913 0.950875 0.494462
0.615696 0.950558 0.496246
0.645478 0.950241 0.498030
0.675261 0.949924 0.499815
0.705044 0.949607 0.501599
0.734826 0.949291 0.503383
0.764609 0.948974 0.505167
0.794392 0.948657 0.506951
0.824174 0.948340 0.508736
0.853957 0.948023 0.510520
0.883740 0.947706 0.512304
0.913522 0.947390 0.514088
0.943305 0.947073 0.515872
0.973088 0.946756 0.517656
1.000000 0.946439 0.519441
0.044889 0.986762 0.468349
0.074672 0.986445 0.470133
0.104455 0.986128 0.471917
0.134237 0.985811 0.473702
0.164020 0.985494 0.475486
0.193803 0.985177 0.477270
0.223585 0.984861 0.479054
0.253368 0.984544 0.480838
0.283150 0.984227 0.482622
0.312933 0.983910 0.484407
0.342716 0.983593 0.486191
0.372498 0.983277 0.487975
0.402281 0.982960 0.489759
0.432064 0.982643 0.491543
0.461846 0.982326 0.493328
0.491629 0.982009 0.495112
0.521412 0.981692 0.496896
0.551194 0.981376 0.498680
0.580977 0.981059 0.500464
0.610760 0.980742 0.502248
0.640542 0.980425 0.504033
0.670325 0.980108 0.505817
0.700107 0.979792 0.507601
0.729890 0.979475 0.509385
0.759673 0.979158 0.511169
0.789455 0.978841 0.512953
0.819238 0.978524 0.514738
0.849021 0.978208 0.516522
0.878803 0.977891 0.518306
0.908586 0.977574 0.520090
0.938369 0.977257 0.521874
0.968151 0.976940 0.523658
0.997934 0.976623 0.525443
0.022764 0.001062 0.507424
0.055131 0.001029 0.506340
0.087498 0.000996 0.505256
0.119865 0.000962 0.504173
0.152232 0.000929 0.503089
0.184600 0.000896 0.502005
0.216967 0.000862 0.500921
0.249334 0.000829 0.499837
0.281701 0.000796 0.498753
0.314068 0.000762 0.497669
0.346436 0.000729 0.496586
0.378803 0.000696 0.495502
0.411170 0.000662 0.494418
0.443537 0.000629 0.493334
0.475904 0.000595 0.492250
0.508271 0.000562 0.491166
0.540639 0.000529 0.490083
0.573006 0.000495 0.488999
0.605373 0.000462 0.487915
0.637740 0.000429 0.486831
0.670107 0.000395 0.485747
0.702475 0.000362 0.484663
0.734842 0.000329 0.483579
0.767209 0.000295 0.482496
0.799576 0.000262 0.481412
0.831943 0.000229 0.480328
0.864311 0.000195 0.479244
0.896678 0.000162 0.478160
0.929045 0.000129 0.477076
0.961412 0.000095 0.475993
0.993779 0.000062 0.474909
1.000000 0.000029 0.473825
1.000000 0.000000 0.472741
0.026522 0.032200 0.503778
0.058889 0.032167 0.502694
0.091256 0.032133 0.501610
0.123623 0.032100 0.500526
0.155991 0.032067 0.499443
0.188358 0.032033 0.498359
0.220725 0.032000 0.497275
0.253092 0.031967 0.496191
0.285459 0.031933 0.495107
0.317827 0.031900 0.494023
0.350194 0.031867 0.492939
0.382561 0.031833 0.491856
0.414928 0.031800 0.490772
0.447295 0.031767 0.489688
0.479663 0.031733 0.488604
0.512030 0.031700 0.487520
0.544397 0.031667 0.486436
0.576764 0.031633 0.485353
0.609131 0.031600 0.484269
0.641499 0.031567 0.483185
0.673866 0.031533 0.482101
0.706233 0.031500 0.481017
0.738600 0.031467 0.479933
0.770967 0.031433 0.478850
0.803335 0.031400 0.477766
0.835702 0.031366 0.476682
0.868069 0.031333 0.475598
0.900436 0.031300 0.474514
0.932803 0.031266 0.473430
0.965170 0.031233 0.472346
0.997538 0.031200 0.471263
1.000000 0.031166 0.470179
1.000000 0.031133 0.469095
0.030280 0.063338 0.500132
0.062647 0.063305 0.499048
0.095015 0.063271 0.497964
0.127382 0.063238 0.496880
0.159749 0.063205 0.495796
0.192116 0.063171 0.494713
0.224483 0.063138 0.493629
0.256851 0.063105 0.492545
0.289218 0.063071 0.491461
0.321585 0.063038 0.490377
0.353952 0.063005 0.489293
0.386319 0.062971 0.488210
0.418687 0.062938 0.487126
0.451054 0.062904 0.486042
0.483421 0.062871 0.484958
0.515788 0.062838 0.483874
0.548155 0.062804 0.482790
0.580522 0.062771 0.481706
0.612890 0.062738 0.480623
0.645257 0.062704 0.479539
0.677624 0.062671 0.478455
0.709991 0.062638 0.477371
0.742358 0.062604 0.476287
0.774726 0.062571 0.475203
0.807093 0.062538 0.474120
0.839460 0.062504 0.473036
0.871827 0.062471 0.471952
0.904194 0.062438 0.470868
0.936562 0.062404 0.469784
0.968929 0.062371 0.468700
1.000000 0.062338 0.467617
1.000000 0.062304 0.466533
1.000000 0.062271 0.465449
0.034039 0.094476 0.496486
0.066406 0.094442 0.495402
0.098773 0.094409 0.494318
0.131140 0.094376 0.493234
0.163507 0.094342 0.492150
0.195874 0.094309 0.491066
0.228242 0.094276 0.489983
0.260609 0.094242 0.488899
0.292976 0.094209 0.487815
0.325343 0.094176 0.486731
0.357710 0.094142 0.485647
0.390078 0.094109 0.484563
0.422445 0.094076 0.483480
0.454812 0.094042 0.482396
0.487179 0.094009 0.481312
0.519546 0.093976 0.480228
0.551914 0.093942 0.479144
0.584281 0.093909 0.478060
0.616648 0.093876 0.476977
0.649015 0.093842 0.475893
0.681382 0.093809 0.474809
0.713750 0.093775 0.473725
0.746117 0.093742 0.472641
0.778484 0.093709 0.471557
0.810851 0.093675 0.470473
0.843218 0.093642 0.469390
0.875586 0.093609 0.468306
0.907953 0.093575 0.467222
0.940320 0.093542 0.466138
0.972687 0.093509 0.465054
1.000000 0.093475 0.463970
1.000000 0.093442 0.462887
1.000000 0.093409 0.461803
0.037797 0.125614 0.492840
0.070164 0.125580 0.491756
0.102531 0.125547 0.490672
0.134898 0.125514 0.489588
0.167266 0.125480 0.488504
0.199633 0.125447 0.487420
0.232000 0.125414 0.486337
0.264367 0.125380 0.485253
0.296734 0.125347 0.484169
0.329102 0.125313 0.483085
0.361469 0.125280 0.482001
0.393836 0.125247 0.480917
0.426203 0.125213 0.479833
0.458570 0.125180 0.478750
0.490938 0.125147 0.477666
0.523305 0.125113 0.476582
0.555672 0.125080 0.475498
0.588039 0.125047 0.474414
0.620406 0.125013 0.473330
0.652773 0.124980 0.472247
0.685141 0.124947 0.471163
0.717508 0.124913 0.470079
0.749875 0.124880 0.468995
0.782242 0.124847 0.467911
0.814609 0.124813 0.466827
0.846977 0.124780 0.465743
0.879344 0.124747 0.464660
0.911711 0.124713 0.463576
0.944078 0.124680 0.462492
0.976445 0.124646 0.461408
1.000000 0.124613 0.460324
1.000000 0.124580 0.459240
1.000000 0.124546 0.458157
0.041555 0.156751 0.489193
0.073922 0.156718 0.488110
0.106290 0.156685 0.487026
0.138657 0.156651 0.485942
0.171024 0.156618 0.484858
0.203391 0.156585 0.483774
0.235758 0.156551 0.482690
0.268125 0.156518 0.481607
0.300493 0.156485 0.480523
0.332860 0.156451 0.479439
0.365227 0.156418 0.478355
0.397594 0.156385 0.477271
0.429961 0.156351 0.476187
0.462329 0.156318 0.475103
0.494696 0.156285 0.474020
0.527063 0.156251 0.472936
0.559430 0.156218 0.471852
0.591797 0.156184 0.470768
0.624165 0.156151 0.469684
0.656532 0.156118 0.468600
0.688899 0.156084 0.467517
0.721266 0.156051 0.466433
0.753633 0.156018 0.465349
0.786001 0.155984 0.464265
0.818368 0.155951 0.463181
0.850735 0.155918 0.462097
0.883102 0.155884 0.461014
0.915469 0.155851 0.459930
0.947837 0.155818 0.458846
0.980204 0.155784 0.457762
1.000000 0.155751 0.456678
1.000000 0.155718 0.455594
1.000000 0.155684 0.454510
0.045313 0.187889 0.485547
0.077681 0.187856 0.484463
0.110048 0.187823 0.483380
0.142415 0.187789 0.482296
0.174782 0.187756 0.481212
0.207149 0.187722 0.480128
0.239517 0.187689 0.479044
0.271884 0.187656 0.477960
0.304251 0.187622 0.476877
0.336618 0.187589 0.475793
0.368985 0.187556 0.474709
0.401353 0.187522 0.473625
0.433720 0.187489 0.472541
0.466087 0.187456 0.471457
0.498454 0.187422 0.470374
0.530821 0.187389 0.469290
0.563189 0.187356 0.468206
0.595556 0.187322 0.467122
0.627923 0.187289 0.466038
0.660290 0.187256 0.464954
0.692657 0.187222 0.463870
0.725024 0.187189 0.462787
0.757392 0.187156 0.461703
0.789759 0.187122 0.460619
0.822126 0.187089 0.459535
0.854493 0.187056 0.458451
0.886860 0.187022 0.457367
0.919228 0.186989 0.456284
0.951595 0.186955 0.455200
0.983962 0.186922 0.454116
1.000000 0.186889 0.453032
1.000000 0.186855 0.451948
1.000000 0.186822 0.450864
0.049072 0.219027 0.481901
0.081439 0.218994 0.480817
0.113806 0.218960 0.479734
0.146173 0.218927 0.478650
0.178541 0.218894 0.477566
0.210908 0.218860 0.476482
0.243275 0.218827 0.475398
0.275642 0.218794 0.474314
0.308009 0.218760 0.473230
0.340376 0.218727 0.472147
0.372744 0.218694 0.471063
0.405111 0.218660 0.469979
0.437478 0.218627 0.468895
0.469845 0.218594 0.467811
0.502212 0.218560 0.466727
0.534580 0.218527 0.465644
0.566947 0.218493 0.464560
0.599314 0.218460 0.463476
0.631681 0.218427 0.462392
0.664048 0.218393 0.461308
0.696416 0.218360 0.460224
0.728783 0.218327 0.459141
0.761150 0.218293 0.458057
0.793517 0.218260 0.456973
0.825884 0.218227 0.455889
0.858252 0.218193 0.454805
0.890619 0.218160 0.453721
0.922986 0.218127 0.452637
0.955353 0.218093 0.451554
0.987720 0.218060 0.450470
1.000000 0.218027 0.449386
1.000000 0.217993 0.448302
1.000000 0.217960 0.447218
0.052830 0.250165 0.478255
0.085197 0.250132 0.477171
0.117564 0.250098 0.476087
0.149932 0.250065 0.475004
0.182299 0.250031 0.473920
0.214666 0.249998 0.472836
0.247033 0.249965 0.471752
0.279400 0.249931 0.470668
0.311768 0.249898 0.469584
0.344135 0.249865 0.468501
0.376502 0.249831 0.467417
0.408869 0.249798 0.466333
0.441236 0.249765 0.465249
0.473604 0.249731 0.464165
0.505971 0.249698 0.463081
0.538338 0.249665 0.461997
0.570705 0.249631 0.460914
0.603072 0.249598 0.459830
0.635439 0.249565 0.458746
0.667807 0.249531 0.457662
0.700174 0.249498 0.456578
0.732541 0.249465 0.455494
0.764908 0.249431 0.454411
0.797275 0.249398 0.453327
0.829643 0.249364 0.452243
0.862010 0.249331 0.451159
0.894377 0.249298 0.450075
0.926744 0.249264 0.448991
0.959111 0.249231 0.447907
0.991479 0.249198 0.446824
1.000000 0.249164 0.445740
1.000000 0.249131 0.444656
1.000000 0.249098 0.443572
0.056588 0.281303 0.474609
0.088956 0.281269 0.473525
0.121323 0.281236 0.472441
0.153690 0.281203 0.471357
0.186057 0.281169 0.470274
0.218424 0.281136 0.469190
0.250791 0.281103 0.468106
0.283159 0.281069 0.467022
0.315526 0.281036 0.465938
0.347893 0.281003 0.464854
0.380260 0.280969 0.463771
0.412627 0.280936 0.462687
0.444995 0.280902 0.461603
0.477362 0.280869 0.460519
0.509729 0.280836 0.459435
0.542096 0.280802 0.458351
0.574463 0.280769 0.457267
0.606831 0.280736 0.456184
0.639198 0.280702 0.455100
0.671565 0.280669 0.454016
0.703932 0.280636 0.452932
0.736299 0.280602 0.451848
0.768667 0.280569 0.450764
0.801034 0.280536 0.449681
0.833401 0.280502 0.448597
0.865768 0.280469 0.447513
0.898135 0.280436 0.446429
0.930503 0.280402 0.445345
0.962870 0.280369 0.444261
0.995237 0.280336 0.443178
1.000000 0.280302 0.442094
1.000000 0.280269 0.441010
1.000000 0.280236 0.439926
0.060347 0.312440 0.470963
0.092714 0.312407 0.469879
0.125081 0.312374 0.468795
0.157448 0.312340 0.467711
0.189815 0.312307 0.466627
0.222183 0.312274 0.465544
0.254550 0.312240 0.464460
0.286917 0.312207 0.463376
0.319284 0.312174 0.462292
0.351651 0.312140 0.461208
0.384019 0.312107 0.460124
0.416386 0.312074 0.459041
0.448753 0.312040 0.457957
0.481120 0.312007 0.456873
0.513487 0.311974 0.455789
0.545855 0.311940 0.454705
0.578222 0.311907 0.453621
0.610589 0.311874 0.452538
0.642956 0.311840 0.451454
0.675323 0.311807 0.450370
0.707690 0.311774 0.449286
0.740058 0.311740 0.448202
0.772425 0.311707 0.447118
0.804792 0.311673 0.446034
0.837159 0.311640 0.444951
0.869526 0.311607 0.443867
0.901894 0.311573 0.442783
0.934261 0.311540 0.441699
0.966628 0.311507 0.440615
0.998995 0.311473 0.439531
1.000000 0.311440 0.438448
1.000000 0.311407 0.437364
1.000000 0.311373 0.436280
0.064105 0.343578 0.467317
0.096472 0.343545 0.466233
0.128839 0.343512 0.465149
0.161207 0.343478 0.464065
0.193574 0.343445 0.462981
0.225941 0.343412 0.461898
0.258308 0.343378 0.460814
0.290675 0.343345 0.459730
0.323042 0.343312 0.458646
0.355410 0.343278 0.457562
0.387777 0.343245 0.456478
0.420144 0.343211 0.455394
0.452511 0.343178 0.454311
0.484878 0.343145 0.453227
0.517246 0.343111 0.452143
0.549613 0.343078 0.451059
0.581980 0.343045 0.449975
0.614347 0.343011 0.448891
0.646714 0.342978 0.447808
0.679082 0.342945 0.446724
0.711449 0.342911 0.445640
0.743816 0.342878 0.444556
0.776183 0.342845 0.443472
0.808550 0.342811 0.442388
0.840918 0.342778 0.441305
0.873285 0.342745 0.440221
0.905652 0.342711 0.439137
0.938019 0.342678 0.438053
0.970386 0.342645 0.436969
1.000000 0.342611 0.435885
1.000000 0.342578 0.434801
1.000000 0.342544 0.433718
1.000000 0.342511 0.432634
0.067863 0.374716 0.463671
0.100230 0.374683 0.462587
0.132598 0.374649 0.461503
0.164965 0.374616 0.460419
0.197332 0.374583 0.459335
0.229699 0.374549 0.458251
0.262066 0.374516 0.457168
0.294434 0.374483 0.456084
0.326801 0.374449 0.455000
0.359168 0.374416 0.453916
0.391535 0.374383 0.452832
0.423902 0.374349 0.451748
0.456270 0.374316 0.450665
0.488637 0.374283 0.449581
0.521004 0.374249 0.448497
0.553371 0.374216 0.447413
0.585738 0.374183 0.446329
0.618106 0.374149 0.445245
0.650473 0.374116 0.444161
0.682840 0.374082 0.443078
0.715207 0.374049 0.441994
0.747574 0.374016 0.440910
0.779941 0.373982 0.439826
0.812309 0.373949 0.438742
0.844676 0.373916 0.437658
0.877043 0.373882 0.436575
0.909410 0.373849 0.435491
0.941777 0.373816 0.434407
0.974145 0.373782 0.433323
1.000000 0.373749 0.432239
1.000000 0.373465 0.433689
1.000000 0.373148 0.435473
1.000000 0.372832 0.437257
0.071622 0.405854 0.460025
0.103989 0.405821 0.458941
0.136356 0.405787 0.457857
0.168723 0.405754 0.456773
0.201090 0.405721 0.455689
0.233458 0.405687 0.454605
0.265825 0.405654 0.453521
0.298192 0.405620 0.452438
0.330559 0.405587 0.451354
0.362926 0.405554 0.450270
0.395293 0.405520 0.449186
0.427661 0.405487 0.448102
0.460028 0.405454 0.447018
0.492395 0.405420 0.445935
0.524762 0.405387 0.444851
0.557129 0.405354 0.443767
0.589497 0.405320 0.442683
0.621864 0.405287 0.441599
0.654231 0.405254 0.440515
0.686598 0.405220 0.439431
0.718965 0.405187 0.438348
0.751333 0.405154 0.437264
0.783700 0.405120 0.436180
0.816067 0.405087 0.435096
0.848434 0.405054 0.434012
0.880801 0.405020 0.432928
0.912529 0.404917 0.432554
0.942312 0.404600 0.434338
0.972094 0.404283 0.436123
1.000000 0.403966 0.437907
1.000000 0.403649 0.439691
1.000000 0.403333 0.441475
1.000000 0.403016 0.443259
0.075380 0.436992 0.456378
0.107747 0.436958 0.455295
0.140114 0.436925 0.454211
0.172481 0.436892 0.453127
0.204849 0.436858 0.452043
0.237216 0.436825 0.450959
0.269583 0.436792 0.449875
0.301950 0.436758 0.448791
0.334317 0.436725 0.447708
0.366685 0.436692 0.446624
0.399052 0.436658 0.445540
0.431419 0.436625 0.444456
0.463786 0.436592 0.443372
0.496153 0.436558 0.442288
0.528521 0.436525 0.441205
0.560888 0.436491 0.440121
0.593255 0.436458 0.439037
0.625622 0.436425 0.437953
0.657989 0.436391 0.436869
0.690357 0.436358 0.435785
0.722724 0.436325 0.434702
0.755091 0.436291 0.433618
0.787458 0.436258 0.432534
0.818245 0.436051 0.433204
0.848028 0.435735 0.434988
0.877810 0.435418 0.436772
0.907593 0.435101 0.438556
0.937375 0.434784 0.440340
0.967158 0.434467 0.442125
0.996941 0.434150 0.443909
1.000000 0.433834 0.445693
1.000000 0.433517 0.447477
1.000000 0.433200 0.449261
0.079138 0.468130 0.452732
0.111505 0.468096 0.451648
0.143873 0.468063 0.450565
0.176240 0.468029 0.449481
0.208607 0.467996 0.448397
0.240974 0.467963 0.447313
0.273341 0.467929 0.446229
0.305709 0.467896 0.445145
0.338076 0.467863 0.444062
0.370443 0.467829 0.442978
0.402810 0.467796 0.441894
0.435177 0.467763 0.440810
0.467544 0.467729 0.439726
0.499912 0.467696 0.438642
0.532279 0.467663 0.437558
0.564646 0.467629 0.436475
0.597013 0.467596 0.435391
0.629380 0.467563 0.434307
0.661748 0.467529 0.433223
0.694115 0.467496 0.432139
0.723961 0.467186 0.433853
0.753743 0.466869 0.435637
0.783526 0.466552 0.437422
0.813309 0.466236 0.439206
0.843091 0.465919 0.440990
0.872874 0.465602 0.442774
0.902657 0.465285 0.444558
0.932439 0.464968 0.446342
0.962222 0.464652 0.448127
0.992004 0.464335 0.449911
1.000000 0.464018 0.451695
1.000000 0.463701 0.453479
1.000000 0.463384 0.455263
0.082896 0.499267 0.449086
0.115264 0.499234 0.448002
0.147631 0.499201 0.446918
0.179998 0.499167 0.445835
0.212365 0.499134 0.444751
0.244732 0.499101 0.443667
0.277100 0.499067 0.442583
0.309467 0.499034 0.441499
0.341834 0.499001 0.440415
0.374201 0.498967 0.439332
0.406568 0.498934 0.438248
0.438936 0.498901 0.437164
0.471303 0.498867 0.436080
0.503670 0.498834 0.434996
0.536037 0.498800 0.433912
0.568404 0.498767 0.432829
0.599894 0.498638 0.432719
0.629676 0.498321 0.434503
0.659459 0.498004 0.436287
0.689242 0.497687 0.438071
0.719024 0.497370 0.439855
0.748807 0.497053 0.441640
0.778590 0.496737 0.443424
0.808372 0.496420 0.445208
0.838155 0.496103 0.446992
0.867938 0.495786 0.448776
0.897720 0.495469 0.450560
0.927503 0.495153 0.452345
0.957286 0.494836 0.454129
0.987068 0.494519 0.455913
1.000000 0.494202 0.457697
1.000000 0.493885 0.459481
1.000000 0.493568 0.461265
0.086655 0.530405 0.445440
0.119022 0.530372 0.444356
0.151389 0.530338 0.443272
0.183756 0.530305 0.442189
0.216124 0.530272 0.441105
0.248491 0.530238 0.440021
0.280858 0.530205 0.438937
0.313225 0.530172 0.437853
0.345592 0.530138 0.436769
0.377960 0.530105 0.435685
0.410327 0.530072 0.434602
0.442694 0.530038 0.433518
0.475061 0.530005 0.432434
0.505610 0.529772 0.433368
0.535392 0.529455 0.435152
0.565175 0.529139 0.436937
0.594958 0.528822 0.438721
0.624740 0.528505 0.440505
0.654523 0.528188 0.442289
0.684305 0.527871 0.444073
0.714088 0.527554 0.445857
0.743871 0.527238 0.447642
0.773653 0.526921 0.449426
0.803436 0.526604 0.451210
0.833219 0.526287 0.452994
0.863001 0.525970 0.454778
0.892784 0.525654 0.456562
0.922567 0.525337 0.458347
0.952349 0.525020 0.460131
0.982132 0.524703 0.461915
1.000000 0.524386 0.463699
1.000000 0.524069 0.465483
1.000000 0.523753 0.467267
0.090413 0.561543 0.441794
0.122780 0.561510 0.440710
0.155147 0.561476 0.439626
0.187515 0.561443 0.438542
0.219882 0.561410 0.437459
0.252249 0.561376 0.436375
0.284616 0.561343 0.435291
0.316983 0.561310 0.434207
0.349351 0.561276 0.433123
0.381543 0.561224 0.432234
0.411325 0.560907 0.434018
0.441108 0.560590 0.435802
0.470891 0.560273 0.437586
0.500673 0.559956 0.439370
0.530456 0.559640 0.441154
0.560239 0.559323 0.442939
0.590021 0.559006 0.444723
0.619804 0.558689 0.446507
0.649587 0.558372 0.448291
0.679369 0.558055 0.450075
0.709152 0.557739 0.451859
0.738934 0.557422 0.453644
0.768717 0.557105 0.455428
0.798500 0.556788 0.457212
0.828282 0.556471 0.458996
0.858065 0.556155 0.460780
0.887848 0.555838 0.462565
0.917630 0.555521 0.464349
0.947413 0.555204 0.466133
0.977196 0.554887 0.467917
1.000000 0.554571 0.469701
1.000000 0.554254 0.471485
1.000000 0.553937 0.473270
0.094171 0.592681 0.438148
0.126539 0.592647 0.437064
0.158906 0.592614 0.435980
0.191273 0.592581 0.434896
0.223640 0.592547 0.433812
0.256007 0.592514 0.432729
0.287259 0.592358 0.432883
0.317041 0.592041 0.434667
0.346824 0.591725 0.436451
0.376606 0.591408 0.438236
0.406389 0.591091 0.440020
0.436172 0.590774 0.441804
0.465954 0.590457 0.443588
0.495737 0.590141 0.445372
0.525520 0.589824 0.447157
0.555302 0.589507 0.448941
0.585085 0.589190 0.450725
0.614868 0.588873 0.452509
0.644650 0.588557 0.454293
0.674433 0.588240 0.456077
0.704216 0.587923 0.457862
0.733998 0.587606 0.459646
0.763781 0.587289 0.461430
0.793563 0.586972 0.463214
0.823346 0.586656 0.464998
0.853129 0.586339 0.466782
0.882911 0.586022 0.468567
0.912694 0.585705 0.470351
0.942477 0.585388 0.472135
0.972259 0.585072 0.473919
1.000000 0.584755 0.475703
1.000000 0.584438 0.477487
1.000000 0.584121 0.479272
0.097930 0.623819 0.434502
0.130297 0.623785 0.433418
0.162664 0.623752 0.432334
0.192974 0.623493 0.433533
0.222757 0.623176 0.435317
0.252540 0.622859 0.437101
0.282322 0.622543 0.438885
0.312105 0.622226 0.440669
0.341888 0.621909 0.442454
0.371670 0.621592 0.444238
0.401453 0.621275 0.446022
0.431235 0.620958 0.447806
0.461018 0.620642 0.449590
0.490801 0.620325 0.451374
0.520583 0.620008 0.453159
0.550366 0.619691 0.454943
0.580149 0.619374 0.456727
0.609931 0.619058 0.458511
0.639714 0.618741 0.460295
0.669497 0.618424 0.462079
0.699279 0.618107 0.463864
0.729062 0.617790 0.465648
0.758845 0.617473 0.467432
0.788627 0.617157 0.469216
0.818410 0.616840 0.471000
0.848192 0.616523 0.472784
0.877975 0.616206 0.474569
0.907758 0.615889 0.476353
0.937540 0.615573 0.478137
0.967323 0.615256 0.479921
0.997106 0.614939 0.481705
1.000000 0.614622 0.483490
1.000000 0.614305 0.485274
0.098690 0.654628 0.434182
0.128473 0.654311 0.435966
0.158255 0.653994 0.437751
0.188038 0.653677 0.439535
0.217821 0.653360 0.441319
0.247603 0.653044 0.443103
0.277386 0.652727 0.444887
0.307169 0.652410 0.446671
0.336951 0.652093 0.448456
0.366734 0.651776 0.450240
0.396517 0.651459 0.452024
0.426299 0.651143 0.453808
0.456082 0.650826 0.455592
0.485864 0.650509 0.457376
0.515647 0.650192 0.459161
0.545430 0.649875 0.460945
0.575212 0.649559 0.462729
0.604995 0.649242 0.464513
0.634778 0.648925 0.466297
0.664560 0.648608 0.468082
0.694343 0.648291 0.469866
0.724126 0.647974 0.471650
0.753908 0.647658 0.473434
0.783691 0.647341 0.475218
0.813474 0.647024 0.477002
0.843256 0.646707 0.478787
0.873039 0.646390 0.480571
0.902821 0.646074 0.482355
0.932604 0.645757 0.484139
0.962387 0.645440 0.485923
0.992169 0.645123 0.487707
1.000000 0.644806 0.489492
1.000000 0.644490 0.491276
0.093754 0.684812 0.440184
0.123536 0.684495 0.441968
0.153319 0.684178 0.443753
0.183102 0.683861 0.445537
0.212884 0.683545 0.447321
0.242667 0.683228 0.449105
0.272450 0.682911 0.450889
0.302232 0.682594 0.452674
0.332015 0.682277 0.454458
0.361798 0.681960 0.456242
0.391580 0.681644 0.458026
0.421363 0.681327 0.459810
0.451146 0.681010 0.461594
0.480928 0.680693 0.463379
0.510711 0.680376 0.465163
0.540493 0.680060 0.466947
0.570276 0.679743 0.468731
0.600059 0.679426 0.470515
0.629841 0.679109 0.472299
0.659624 0.678792 0.474084
0.689407 0.678476 0.475868
0.719189 0.678159 0.477652
0.748972 0.677842 0.479436
0.778755 0.677525 0.481220
0.808537 0.677208 0.483004
0.838320 0.676891 0.484789
0.868103 0.676575 0.486573
0.897885 0.676258 0.488357
0.927668 0.675941 0.490141
0.957451 0.675624 0.491925
0.987233 0.675307 0.493709
1.000000 0.674991 0.495494
1.000000 0.674674 0.497278
0.088818 0.714996 0.446186
0.118600 0.714679 0.447971
0.148383 0.714362 0.449755
0.178165 0.714046 0.451539
0.207948 0.713729 0.453323
0.237731 0.713412 0.455107
0.267513 0.713095 0.456891
0.297296 0.712778 0.458676
0.327079 0.712462 0.460460
0.356861 0.712145 0.462244
0.386644 0.711828 0.464028
0.416427 0.711511 0.465812
0.446209 0.711194 0.467596
0.475992 0.710877 0.469381
0.505775 0.710561 0.471165
0.535557 0.710244 0.472949
0.565340 0.709927 0.474733
0.595123 0.709610 0.476517
0.624905 0.709293 0.478301
0.654688 0.708977 0.480086
0.684470 0.708660 0.481870
0.714253 0.708343 0.483654
0.744036 0.708026 0.485438
0.773818 0.707709 0.487222
0.803601 0.707392 0.489007
0.833384 0.707076 0.490791
0.863166 0.706759 0.492575
0.892949 0.706442 0.494359
0.922732 0.706125 0.496143
0.952514 0.705808 0.497927
0.982297 0.705492 0.499712
1.000000 0.705175 0.501496
1.000000 0.704858 0.503280
0.083881 0.745180 0.452188
0.113664 0.744863 0.453973
0.143447 0.744547 0.455757
0.173229 0.744230 0.457541
0.203012 0.743913 0.459325
0.232795 0.743596 0.461109
0.262577 0.743279 0.462893
0.292360 0.742963 0.464678
0.322142 0.742646 0.466462
0.351925 0.742329 0.468246
0.381708 0.742012 0.470030
0.411490 0.741695 0.471814
0.441273 0.741378 0.473599
0.471056 0.741062 0.475383
0.500838 0.740745 0.477167
0.530621 0.740428 0.478951
0.560404 0.740111 0.480735
0.590186 0.739794 0.482519
0.619969 0.739478 0.484304
0.649752 0.739161 0.486088
0.679534 0.738844 0.487872
0.709317 0.738527 0.489656
0.739099 0.738210 0.491440
0.768882 0.737893 0.493224
0.798665 0.737577 0.495009
0.828447 0.737260 0.496793
0.858230 0.736943 0.498577
0.888013 0.736626 0.500361
0.917795 0.736309 0.502145
0.947578 0.735993 0.503929
0.977361 0.735676 0.505714
1.000000 0.735359 0.507498
1.000000 0.735042 0.509282
0.078945 0.775364 0.458191
0.108728 0.775048 0.459975
0.138510 0.774731 0.461759
0.168293 0.774414 0.463543
0.198076 0.774097 0.465327
0.227858 0.773780 0.467111
0.257641 0.773464 0.468896
0.287424 0.773147 0.470680
0.317206 0.772830 0.472464
0.346989 0.772513 0.474248
0.376771 0.772196 0.476032
0.406554 0.771879 0.477816
0.436337 0.771563 0.479601
0.466119 0.771246 0.481385
0.495902 0.770929 0.483169
0.525685 0.770612 0.484953
0.555467 0.770295 0.486737
0.585250 0.769979 0.488521
0.615033 0.769662 0.490306
0.644815 0.769345 0.492090
0.674598 0.769028 0.493874
0.704381 0.768711 0.495658
0.734163 0.768395 0.497442
0.763946 0.768078 0.499227
0.793728 0.767761 0.501011
0.823511 0.767444 0.502795
0.853294 0.767127 0.504579
0.883076 0.766810 0.506363
0.912859 0.766494 0.508147
0.942642 0.766177 0.509932
0.972424 0.765860 0.511716
1.000000 0.765543 0.513500
1.000000 0.765226 0.515284
0.074009 0.805549 0.464193
0.103791 0.805232 0.465977
0.133574 0.804915 0.467761
0.163357 0.804598 0.469545
0.193139 0.804281 0.471329
0.222922 0.803965 0.473113
0.252705 0.803648 0.474898
0.282487 0.803331 0.476682
0.312270 0.803014 0.478466
0.342053 0.802697 0.480250
0.371835 0.802381 0.482034
0.401618 0.802064 0.483819
0.431400 0.801747 0.485603
0.461183 0.801430 0.487387
0.490966 0.801113 0.489171
0.520748 0.800796 0.490955
0.550531 0.800480 0.492739
0.580314 0.800163 0.494524
0.610096 0.799846 0.496308
0.639879 0.799529 0.498092
0.669662 0.799212 0.499876
0.699444 0.798896 0.501660
0.729227 0.798579 0.503444
0.759010 0.798262 0.505229
0.788792 0.797945 0.507013
0.818575 0.797628 0.508797
0.848357 0.797311 0.510581
0.878140 0.796995 0.512365
0.907923 0.796678 0.514149
0.937705 0.796361 0.515934
0.967488 0.796044 0.517718
0.997271 0.795727 0.519502
1.000000 0.795411 0.521286
0.069072 0.835733 0.470195
0.098855 0.835416 0.471979
0.128638 0.835099 0.473763
0.158420 0.834782 0.475547
0.188203 0.834466 0.477331
0.217986 0.834149 0.479116
0.247768 0.833832 0.480900
0.277551 0.833515 0.482684
0.307334 0.833198 0.484468
0.337116 0.832882 0.486252
0.366899 0.832565 0.488036
0.396682 0.832248 0.489821
0.426464 0.831931 0.491605
0.456247 0.831614 0.493389
0.486029 0.831297 0.495173
0.515812 0.830981 0.496957
0.545595 0.830664 0.498741
0.575377 0.830347 0.500526
0.605160 0.830030 0.502310
0.634943 0.829713 0.504094
0.664725 0.829397 0.505878
0.694508 0.829080 0.507662
0.724291 0.828763 0.509446
0.754073 0.828446 0.511231
0.783856 0.828129 0.513015
0.813639 0.827812 0.514799
0.843421 0.827496 0.516583
0.873204 0.827179 0.518367
0.902986 0.826862 0.520152
0.932769 0.826545 0.521936
0.962552 0.826228 0.523720
0.992334 0.825912 0.525504
1.000000 0.825595 0.527288
0.064136 0.865917 0.476197
0.093919 0.865600 0.477981
0.123701 0.865283 0.479765
0.153484 0.864967 0.481549
0.183267 0.864650 0.483333
0.213049 0.864333 0.485118
0.242832 0.864016 0.486902
0.272615 0.863699 0.488686
0.302397 0.863383 0.490470
0.332180 0.863066 0.492254
0.361963 0.862749 0.494038
0.391745 0.862432 0.495823
0.421528 0.862115 0.497607
0.451311 0.861798 0.499391
0.481093 0.861482 0.501175
0.510876 0.861165 0.502959
0.540658 0.860848 0.504744
0.570441 0.860531 0.506528
0.600224 0.860214 0.508312
0.630006 0.859898 0.510096
0.659789 0.859581 0.511880
0.689572 0.859264 0.513664
0.719354 0.858947 0.515449
0.749137 0.858630 0.517233
0.778920 0.858314 0.519017
0.808702 0.857997 0.520801
0.838485 0.857680 0.522585
0.868268 0.857363 0.524369
0.898050 0.857046 0.526154
0.927833 0.856729 0.527938
0.957615 0.856413 0.529722
0.987398 0.856096 0.531506
1.000000 0.855779 0.533290
0.059200 0.896101 0.482199
0.088983 0.895784 0.483983
0.118765 0.895468 0.485767
0.148548 0.895151 0.487551
0.178330 0.894834 0.489336
0.208113 0.894517 0.491120
0.237896 0.894200 0.492904
0.267678 0.893884 0.494688
0.297461 0.893567 0.496472
0.327244 0.893250 0.498256
0.357026 0.892933 0.500041
0.386809 0.892616 0.501825
0.416592 0.892300 0.503609
0.446374 0.891983 0.505393
0.476157 0.891666 0.507177
0.505940 0.891349 0.508961
0.535722 0.891032 0.510746
0.565505 0.890715 0.512530
0.595287 0.890399 0.514314
0.625070 0.890082 0.516098
0.654853 0.889765 0.517882
0.684635 0.889448 0.519666
0.714418 0.889131 0.521451
0.744201 0.888815 0.523235
0.773983 0.888498 0.525019
0.803766 0.888181 0.526803
0.833549 0.887864 0.528587
0.863331 0.887547 0.530371
0.893114 0.887230 0.532156
0.922897 0.886914 0.533940
0.952679 0.886597 0.535724
0.982462 0.886280 0.537508
1.000000 0.885963 0.539292
0.054264 0.926286 0.488201
0.084046 0.925969 0.489985
0.113829 0.925652 0.491769
0.143612 0.925335 0.493553
0.173394 0.925018 0.495338
0.203177 0.924701 0.497122
0.232959 0.924385 0.498906
0.262742 0.924068 0.500690
0.292525 0.923751 0.502474
0.322307 0.923434 0.504258
0.352090 0.923117 0.506043
0.381873 0.922801 0.507827
0.411655 0.922484 0.509611
0.441438 0.922167 0.511395
0.471221 0.921850 0.513179
0.501003 0.921533 0.514963
0.530786 0.921216 0.516748
0.560569 0.920900 0.518532
0.590351 0.920583 0.520316
0.620134 0.920266 0.522100
0.649916 0.919949 0.523884
0.679699 0.919632 0.525669
0.709482 0.919316 0.527453
0.739264 0.918999 0.529237
0.769047 0.918682 0.531021
0.798830 0.918365 0.532805
0.828612 0.918048 0.534589
0.858395 0.917731 0.536374
0.888178 0.917415 0.538158
0.917960 0.917098 0.539942
0.947743 0.916781 0.541726
0.977526 0.916464 0.543510
1.000000 0.916147 0.545294
0.049327 0.956470 0.494203
0.079110 0.956153 0.495987
0.108893 0.955836 0.497771
0.138675 0.955519 0.499555
0.168458 0.955202 0.501340
0.198241 0.954886 0.503124
0.228023 0.954569 0.504908
0.257806 0.954252 0.506692
0.287588 0.953935 0.508476
0.317371 0.953618 0.510261
0.347154 0.953302 0.512045
0.376936 0.952985 0.513829
0.406719 0.952668 0.515613
0.436502 0.952351 0.517397
0.466284 0.952034 0.519181
0.496067 0.951717 0.520966
0.525850 0.951401 0.522750
0.555632 0.951084 0.524534
0.585415 0.950767 0.526318
0.615198 0.950450 0.528102
0.644980 0.950133 0.529886
0.674763 0.949817 0.531671
0.704545 0.949500 0.533455
0.734328 0.949183 0.535239
0.764111 0.948866 0.537023
0.793893 0.948549 0.538807
0.823676 0.948233 0.540591
0.853459 0.947916 0.542376
0.883241 0.947599 0.544160
0.913024 0.947282 0.545944
0.942807 0.946965 0.547728
0.972589 0.946648 0.549512
1.000000 0.946332 0.551296
0.044391 0.986654 0.500205
0.074174 0.986337 0.501989
0.103956 0.986020 0.503773
0.133739 0.985703 0.505558
0.163522 0.985387 0.507342
0.193304 0.985070 0.509126
0.223087 0.984753 0.510910
0.252870 0.984436 0.512694
0.282652 0.984119 0.514478
0.312435 0.983803 0.516263
0.342217 0.983486 0.518047
0.372000 0.983169 0.519831
0.401783 0.982852 0.521615
0.431565 0.982535 0.523399
0.461348 0.982219 0.525183
0.491131 0.981902 0.526968
0.520913 0.981585 0.528752
0.550696 0.981268 0.530536
0.580479 0.980951 0.532320
0.610261 0.980634 0.534104
0.640044 0.980318 0.535888
0.669827 0.980001 0.537673
0.699609 0.979684 0.539457
0.729392 0.979367 0.541241
0.759174 0.979050 0.543025
0.788957 0.978734 0.544809
0.818740 0.978417 0.546594
0.848522 0.978100 0.548378
0.878305 0.977783 0.550162
0.908088 0.977466 0.551946
0.937870 0.977149 0.553730
0.967653 0.976833 0.555514
0.997436 0.976516 0.557299
0.023143 0.001051 0.538306
0.055510 0.001018 0.537222
0.087877 0.000984 0.536138
0.120245 0.000951 0.535054
0.152612 0.000918 0.533971
0.184979 0.000884 0.532887
0.217346 0.000851 0.531803
0.249713 0.000818 0.530719
0.282081 0.000784 0.529635
0.314448 0.000751 0.528551
0.346815 0.000718 0.527468
0.379182 0.000684 0.526384
0.411549 0.000651 0.525300
0.443916 0.000618 0.524216
0.476284 0.000584 0.523132
0.508651 0.000551 0.522048
0.541018 0.000517 0.520964
0.573385 0.000484 0.519881
0.605752 0.000451 0.518797
0.638120 0.000417 0.517713
0.670487 0.000384 0.516629
0.702854 0.000351 0.515545
0.735221 0.000317 0.514461
0.767588 0.000284 0.513378
0.799956 0.000251 0.512294
0.832323 0.000217 0.511210
0.864690 0.000184 0.510126
0.897057 0.000151 0.509042
0.929424 0.000117 0.507958
0.961792 0.000084 0.506875
0.994159 0.000051 0.505791
1.000000 0.000017 0.504707
1.000000 0.000000 0.503623
0.026901 0.032189 0.534660
0.059268 0.032156 0.533576
0.091636 0.032122 0.532492
0.124003 0.032089 0.531408
0.156370 0.032055 0.530324
0.188737 0.032022 0.529241
0.221104 0.031989 0.528157
0.253472 0.031955 0.527073
0.285839 0.031922 0.525989
0.318206 0.031889 0.524905
0.350573 0.031855 0.523821
0.382940 0.031822 0.522738
0.415308 0.031789 0.521654
0.447675 0.031755 0.520570
0.480042 0.031722 0.519486
0.512409 0.031689 0.518402
0.544776 0.031655 0.517318
0.577144 0.031622 0.516235
0.609511 0.031589 0.515151
0.641878 0.031555 0.514067
0.674245 0.031522 0.512983
0.706612 0.031489 0.511899
0.738980 0.031455 0.510815
0.771347 0.031422 0.509731
0.803714 0.031388 0.508648
0.836081 0.031355 0.507564
0.868448 0.031322 0.506480
0.900815 0.031288 0.505396
0.933183 0.031255 0.504312
0.965550 0.031222 0.503228
0.997917 0.031188 0.502145
1.000000 0.031155 0.501061
1.000000 0.031122 0.499977
0.030660 0.063327 0.531014
0.063027 0.063293 0.529930
0.095394 0.063260 0.528846
0.127761 0.063227 0.527762
0.160128 0.063193 0.526678
0.192496 0.063160 0.525595
0.224863 0.063127 0.524511
0.257230 0.063093 0.523427
0.289597 0.063060 0.522343
0.321964 0.063027 0.521259
0.354332 0.062993 0.520175
0.386699 0.062960 0.519091
0.419066 0.062926 0.518008
0.451433 0.062893 0.516924
0.483800 0.062860 0.515840
0.516167 0.062826 0.514756
0.548535 0.062793 0.513672
0.580902 0.062760 0.512588
0.613269 0.062726 0.511505
0.645636 0.062693 0.510421
0.678003 0.062660 0.509337
0.710371 0.062626 0.508253
0.742738 0.062593 0.507169
0.775105 0.062560 0.506085
0.807472 0.062526 0.505001
0.839839 0.062493 0.503918
0.872207 0.062460 0.502834
0.904574 0.062426 0.501750
0.936941 0.062393 0.500666
0.969308 0.062360 0.499582
1.000000 0.062326 0.498498
1.000000 0.062293 0.497415
1.000000 0.062259 0.496331
0.034418 0.094464 0.527368
0.066785 0.094431 0.526284
0.099152 0.094398 0.525200
0.131519 0.094364 0.524116
0.163887 0.094331 0.523032
0.196254 0.094298 0.521948
0.228621 0.094264 0.520865
0.260988 0.094231 0.519781
0.293355 0.094198 0.518697
0.325723 0.094164 0.517613
0.358090 0.094131 0.516529
0.390457 0.094098 0.515445
0.422824 0.094064 0.514361
0.455191 0.094031 0.513278
0.487559 0.093998 0.512194
0.519926 0.093964 0.511110
0.552293 0.093931 0.510026
0.584660 0.093898 0.508942
0.617027 0.093864 0.507858
0.649395 0.093831 0.506775
0.681762 0.093797 0.505691
0.714129 0.093764 0.504607
0.746496 0.093731 0.503523
0.778863 0.093697 0.502439
0.811231 0.093664 0.501355
0.843598 0.093631 0.500272
0.875965 0.093597 0.499188
0.908332 0.093564 0.498104
0.940699 0.093531 0.497020
0.973066 0.093497 0.495936
1.000000 0.093464 0.494852
1.000000 0.093431 0.493768
1.000000 0.093397 0.492685
0.038176 0.125602 0.523721
0.070543 0.125569 0.522638
0.102911 0.125536 0.521554
0.135278 0.125502 0.520470
0.167645 0.125469 0.519386
0.200012 0.125436 0.518302
0.232379 0.125402 0.517218
0.264747 0.125369 0.516135
0.297114 0.125335 0.515051
0.329481 0.125302 0.513967
0.361848 0.125269 0.512883
0.394215 0.125235 0.511799
0.426583 0.125202 0.510715
0.458950 0.125169 0.509632
0.491317 0.125135 0.508548
0.523684 0.125102 0.507464
0.556051 0.125069 0.506380
0.588418 0.125035 0.505296
0.620786 0.125002 0.504212
0.653153 0.124969 0.503128
0.685520 0.124935 0.502045
0.717887 0.124902 0.500961
0.750254 0.124869 0.499877
0.782622 0.124835 0.498793
0.814989 0.124802 0.497709
0.847356 0.124769 0.496625
0.879723 0.124735 0.495542
0.912090 0.124702 0.494458
0.944458 0.124669 0.493374
0.976825 0.124635 0.492290
1.000000 0.124602 0.491206
1.000000 0.124568 0.490122
1.000000 0.124535 0.489039
0.041935 0.156740 0.520075
0.074302 0.156707 0.518992
0.106669 0.156673 0.517908
0.139036 0.156640 0.516824
0.171403 0.156607 0.515740
0.203770 0.156573 0.514656
0.236138 0.156540 0.513572
0.268505 0.156507 0.512488
0.300872 0.156473 0.511405
0.333239 0.156440 0.510321
0.365606 0.156407 0.509237
0.397974 0.156373 0.508153
0.430341 0.156340 0.507069
0.462708 0.156307 0.505985
0.495075 0.156273 0.504902
0.527442 0.156240 0.503818
0.559810 0.156207 0.502734
0.592177 0.156173 0.501650
0.624544 0.156140 0.500566
0.656911 0.156106 0.499482
0.689278 0.156073 0.498399
0.721646 0.156040 0.497315
0.754013 0.156006 0.496231
0.786380 0.155973 0.495147
0.818747 0.155940 0.494063
0.851114 0.155906 0.492979
0.883482 0.155873 0.491895
0.915849 0.155840 0.490812
0.948216 0.155806 0.489728
0.980583 0.155773 0.488644
1.000000 0.155740 0.487560
1.000000 0.155706 0.486476
1.000000 0.155673 0.485392
0.045693 0.187878 0.516429
0.078060 0.187845 0.515345
0.110427 0.187811 0.514262
0.142794 0.187778 0.513178
0.175162 0.187745 0.512094
0.207529 0.187711 0.511010
0.239896 0.187678 0.509926
0.272263 0.187644 0.508842
0.304630 0.187611 0.507759
0.336998 0.187578 0.506675
0.369365 0.187544 0.505591
0.401732 0.187511 0.504507
0.434099 0.187478 0.503423
0.466466 0.187444 0.502339
0.498834 0.187411 0.501255
0.531201 0.187378 0.500172
0.563568 0.187344 0.499088
0.595935 0.187311 0.498004
0.628302 0.187278 0.496920
0.660669 0.187244 0.495836
0.693037 0.187211 0.494752
0.725404 0.187178 0.493669
0.757771 0.187144 0.492585
0.790138 0.187111 0.491501
0.822505 0.187078 0.490417
0.854873 0.187044 0.489333
0.887240 0.187011 0.488249
0.919607 0.186977 0.487165
0.951974 0.186944 0.486082
0.984341 0.186911 0.484998
1.000000 0.186877 0.483914
1.000000 0.186844 0.482830
1.000000 0.186811 0.481746
0.049451 0.219016 0.512783
0.081818 0.218982 0.511699
0.114186 0.218949 0.510615
0.146553 0.218916 0.509532
0.178920 0.218882 0.508448
0.211287 0.218849 0.507364
0.243654 0.218816 0.506280
0.276021 0.218782 0.505196
0.308389 0.218749 0.504112
0.340756 0.218716 0.503029
0.373123 0.218682 0.501945
0.405490 0.218649 0.500861
0.437857 0.218616 0.499777
0.470225 0.218582 0.498693
0.502592 0.218549 0.497609
0.534959 0.218515 0.496525
0.567326 0.218482 0.495442
0.599693 0.218449 0.494358
0.632061 0.218415 0.493274
0.664428 0.218382 0.492190
0.696795 0.218349 0.491106
0.729162 0.218315 0.490022
0.761529 0.218282 0.488939
0.793897 0.218249 0.487855
0.826264 0.218215 0.486771
0.858631 0.218182 0.485687
0.890998 0.218149 0.484603
0.923365 0.218115 0.483519
0.955733 0.218082 0.482436
0.988100 0.218049 0.481352
1.000000 0.218015 0.480268
1.000000 0.217982 0.479184
1.000000 0.217949 0.478100
0.053209 0.250154 0.509137
0.085577 0.250120 0.508053
0.117944 0.250087 0.506969
0.150311 0.250053 0.505885
0.182678 0.250020 0.504802
0.215045 0.249987 0.503718
0.247413 0.249953 0.502634
0.279780 0.249920 0.501550
0.312147 0.249887 0.500466
0.344514 0.249853 0.499382
0.376881 0.249820 0.498299
0.409249 0.249787 0.497215
0.441616 0.249753 0.496131
0.473983 0.249720 0.495047
0.506350 0.249687 0.493963
0.538717 0.249653 0.492879
0.571085 0.249620 0.491796
0.603452 0.249587 0.490712
0.635819 0.249553 0.489628
0.668186 0.249520 0.488544
0.700553 0.249487 0.487460
0.732920 0.249453 0.486376
0.765288 0.249420 0.485292
0.797655 0.249387 0.484209
0.830022 0.249353 0.483125
0.862389 0.249320 0.482041
0.894756 0.249286 0.480957
0.927124 0.249253 0.479873
0.959491 0.249220 0.478789
0.991858 0.249186 0.477706
1.000000 0.249153 0.476622
1.000000 0.249120 0.475538
1.000000 0.249086 0.474454
0.056968 0.281291 0.505491
0.089335 0.281258 0.504407
0.121702 0.281225 0.503323
0.154069 0.281191 0.502239
0.186437 0.281158 0.501156
0.218804 0.281125 0.500072
0.251171 0.281091 0.498988
0.283538 0.281058 0.497904
0.315905 0.281025 0.496820
0.348272 0.280991 0.495736
0.380640 0.280958 0.494652
0.413007 0.280925 0.493569
0.445374 0.280891 0.492485
0.477741 0.280858 0.491401
0.510108 0.280824 0.490317
0.542476 0.280791 0.489233
0.574843 0.280758 0.488149
0.607210 0.280724 0.487066
0.639577 0.280691 0.485982
0.671944 0.280658 0.484898
0.704312 0.280624 0.483814
0.736679 0.280591 0.482730
0.769046 0.280558 0.481646
0.801413 0.280524 0.480563
0.833780 0.280491 0.479479
0.866148 0.280458 0.478395
0.898515 0.280424 0.477311
0.930882 0.280391 0.476227
0.963249 0.280358 0.475143
0.995616 0.280324 0.474059
1.000000 0.280291 0.472976
1.000000 0.280258 0.471892
1.000000 0.280224 0.470808
0.060726 0.312429 0.501845
0.093093 0.312396 0.500761
0.125460 0.312362 0.499677
0.157828 0.312329 0.498593
0.190195 0.312296 0.497509
0.222562 0.312262 0.496426
0.254929 0.312229 0.495342
0.287296 0.312196 0.494258
0.319664 0.312162 0.493174
0.352031 0.312129 0.492090
0.384398 0.312096 0.491006
0.416765 0.312062 0.489923
0.449132 0.312029 0.488839
0.481500 0.311996 0.487755
0.513867 0.311962 0.486671
0.546234 0.311929 0.485587
0.578601 0.311896 0.484503
0.610968 0.311862 0.483419
0.643336 0.311829 0.482336
0.675703 0.311796 0.481252
0.708070 0.311762 0.480168
0.740437 0.311729 0.479084
0.772804 0.311695 0.478000
0.805171 0.311662 0.476916
0.837539 0.311629 0.475833
0.869906 0.311595 0.474749
0.902273 0.311562 0.473665
0.934640 0.311529 0.472581
0.967007 0.311495 0.471497
0.999375 0.311462 0.470413
1.000000 0.311429 0.469329
1.000000 0.311395 0.468246
1.000000 0.311362 0.467162
0.064484 0.343567 0.498199
0.096852 0.343534 0.497115
0.129219 0.343500 0.496031
0.161586 0.343467 0.494947
0.193953 0.343434 0.493863
0.226320 0.343400 0.492779
0.258688 0.343367 0.491696
0.291055 0.343334 0.490612
0.323422 0.343300 0.489528
0.355789 0.343267 0.488444
0.388156 0.343233 0.487360
0.420523 0.343200 0.486276
0.452891 0.343167 0.485193
0.485258 0.343133 0.484109
0.517625 0.343100 0.483025
0.549992 0.343067 0.481941
0.582359 0.343033 0.480857
0.614727 0.343000 0.479773
0.647094 0.342967 0.478689
0.679461 0.342933 0.477606
0.711828 0.342900 0.476522
0.744195 0.342867 0.475438
0.776563 0.342833 0.474354
0.808930 0.342800 0.473270
0.841297 0.342767 0.472186
0.873664 0.342733 0.471103
0.906031 0.342700 0.470019
0.938399 0.342667 0.468935
0.970766 0.342633 0.467851
1.000000 0.342600 0.466767
1.000000 0.342567 0.465683
1.000000 0.342533 0.464600
1.000000 0.342500 0.463516
0.068243 0.374705 0.494553
0.100610 0.374671 0.493469
0.132977 0.374638 0.492385
0.165344 0.374605 0.491301
0.197711 0.374571 0.490217
0.230079 0.374538 0.489133
0.262446 0.374505 0.488049
0.294813 0.374471 0.486966
0.327180 0.374438 0.485882
0.359547 0.374405 0.484798
0.391915 0.374371 0.483714
0.424282 0.374338 0.482630
0.456649 0.374305 0.481546
0.489016 0.374271 0.480463
0.521383 0.374238 0.479379
0.553751 0.374205 0.478295
0.586118 0.374171 0.477211
0.618485 0.374138 0.476127
0.650852 0.374105 0.475043
0.683219 0.374071 0.473960
0.715587 0.374038 0.472876
0.747954 0.374004 0.471792
0.780321 0.373971 0.470708
0.812688 0.373938 0.469624
0.845055 0.373904 0.468540
0.877422 0.373871 0.467456
0.909790 0.373838 0.466373
0.942157 0.373804 0.465289
0.974524 0.373771 0.464205
1.000000 0.373674 0.463761
1.000000 0.373358 0.465545
1.000000 0.373041 0.467329
1.000000 0.372724 0.469113
0.072001 0.405843 0.490906
0.104368 0.405809 0.489823
0.136735 0.405776 0.488739
0.169103 0.405743 0.487655
0.201470 0.405709 0.486571
0.233837 0.405676 0.485487
0.266204 0.405643 0.484403
0.298571 0.405609 0.483320
0.330939 0.405576 0.482236
0.363306 0.405542 0.481152
0.395673 0.405509 0.480068
0.428040 0.405476 0.478984
0.460407 0.405442 0.477900
0.492774 0.405409 0.476816
0.525142 0.405376 0.475733
0.557509 0.405342 0.474649
0.589876 0.405309 0.473565
0.622243 0.405276 0.472481
0.654610 0.405242 0.471397
0.686978 0.405209 0.470313
0.719345 0.405176 0.469230
0.751712 0.405142 0.468146
0.784079 0.405109 0.467062
0.816446 0.405076 0.465978
0.848814 0.405042 0.464894
0.881181 0.405009 0.463810
0.912031 0.404809 0.464410
0.941813 0.404492 0.466194
0.971596 0.404175 0.467978
1.000000 0.403859 0.469763
1.000000 0.403542 0.471547
1.000000 0.403225 0.473331
1.000000 0.402908 0.475115
0.075759 0.436980 0.487260
0.108126 0.436947 0.486176
0.140494 0.436914 0.485093
0.172861 0.436880 0.484009
0.205228 0.436847 0.482925
0.237595 0.436814 0.481841
0.269962 0.436780 0.480757
0.302330 0.436747 0.479673
0.334697 0.436714 0.478590
0.367064 0.436680 0.477506
0.399431 0.436647 0.476422
0.431798 0.436614 0.475338
0.464166 0.436580 0.474254
0.496533 0.436547 0.473170
0.528900 0.436514 0.472087
0.561267 0.436480 0.471003
0.593634 0.436447 0.469919
0.626002 0.436413 0.468835
0.658369 0.436380 0.467751
0.690736 0.436347 0.466667
0.723103 0.436313 0.465583
0.755470 0.436280 0.464500
0.787838 0.436247 0.463416
0.817747 0.435944 0.465060
0.847529 0.435627 0.466844
0.877312 0.435310 0.468628
0.907095 0.434993 0.470412
0.936877 0.434677 0.472196
0.966660 0.434360 0.473981
0.996442 0.434043 0.475765
1.000000 0.433726 0.477549
1.000000 0.433409 0.479333
1.000000 0.433092 0.481117
0.079518 0.468118 0.483614
0.111885 0.468085 0.482530
0.144252 0.468052 0.481447
0.176619 0.468018 0.480363
0.208986 0.467985 0.479279
0.241354 0.467951 0.478195
0.273721 0.467918 0.477111
0.306088 0.467885 0.476027
0.338455 0.467851 0.474943
0.370822 0.467818 0.473860
0.403190 0.467785 0.472776
0.435557 0.467751 0.471692
0.467924 0.467718 0.470608
0.500291 0.467685 0.469524
0.532658 0.467651 0.468440
0.565025 0.467618 0.467357
0.597393 0.467585 0.466273
0.629760 0.467551 0.465189
0.662127 0.467518 0.464105
0.693680 0.467395 0.463925
0.723462 0.467078 0.465709
0.753245 0.466762 0.467493
0.783028 0.466445 0.469278
0.812810 0.466128 0.471062
0.842593 0.465811 0.472846
0.872376 0.465494 0.474630
0.902158 0.465178 0.476414
0.931941 0.464861 0.478198
0.961724 0.464544 0.479983
0.991506 0.464227 0.481767
1.000000 0.463910 0.483551
1.000000 0.463593 0.485335
1.000000 0.463277 0.487119
0.083276 0.499256 0.479968
0.115643 0.499223 0.478884
0.148010 0.499189 0.477800
0.180377 0.499156 0.476717
0.212745 0.499123 0.475633
0.245112 0.499089 0.474549
0.277479 0.499056 0.473465
0.309846 0.499023 0.472381
0.342213 0.498989 0.471297
0.374581 0.498956 0.470213
0.406948 0.498923 0.469130
0.439315 0.498889 0.468046
0.471682 0.498856 0.466962
0.504049 0.498822 0.465878
0.536417 0.498789 0.464794
0.568784 0.498756 0.463710
0.599396 0.498530 0.464575
0.629178 0.498213 0.466359
0.658961 0.497896 0.468143
0.688743 0.497579 0.469927
0.718526 0.497263 0.471711
0.748309 0.496946 0.473495
0.778091 0.496629 0.475280
0.807874 0.496312 0.477064
0.837657 0.495995 0.478848
0.867439 0.495679 0.480632
0.897222 0.495362 0.482416
0.927005 0.495045 0.484200
0.956787 0.494728 0.485985
0.986570 0.494411 0.487769
1.000000 0.494094 0.489553
1.000000 0.493778 0.491337
1.000000 0.493461 0.493121
0.087034 0.530394 0.476322
0.119401 0.530360 0.475238
0.151769 0.530327 0.474154
0.184136 0.530294 0.473070
0.216503 0.530260 0.471987
0.248870 0.530227 0.470903
0.281237 0.530194 0.469819
0.313605 0.530160 0.468735
0.345972 0.530127 0.467651
0.378339 0.530094 0.466567
0.410706 0.530060 0.465484
0.443073 0.530027 0.464400
0.475329 0.529981 0.463440
0.505111 0.529665 0.465224
0.534894 0.529348 0.467008
0.564677 0.529031 0.468792
0.594459 0.528714 0.470577
0.624242 0.528397 0.472361
0.654025 0.528080 0.474145
0.683807 0.527764 0.475929
0.713590 0.527447 0.477713
0.743372 0.527130 0.479498
0.773155 0.526813 0.481282
0.802938 0.526496 0.483066
0.832720 0.526180 0.484850
0.862503 0.525863 0.486634
0.892286 0.525546 0.488418
0.922068 0.525229 0.490203
0.951851 0.524912 0.491987
0.981634 0.524596 0.493771
1.000000 0.524279 0.495555
1.000000 0.523962 0.497339
1.000000 0.523645 0.499123
0.090793 0.561532 0.472676
0.123160 0.561498 0.471592
0.155527 0.561465 0.470508
0.187894 0.561432 0.469424
0.220261 0.561398 0.468340
0.252628 0.561365 0.467257
0.284996 0.561332 0.466173
0.317363 0.561298 0.465089
0.349730 0.561265 0.464005
0.381044 0.561116 0.464090
0.410827 0.560799 0.465874
0.440610 0.560482 0.467658
0.470392 0.560166 0.469442
0.500175 0.559849 0.471226
0.529958 0.559532 0.473010
0.559740 0.559215 0.474795
0.589523 0.558898 0.476579
0.619306 0.558582 0.478363
0.649088 0.558265 0.480147
0.678871 0.557948 0.481931
0.708654 0.557631 0.483715
0.738436 0.557314 0.485500
0.768219 0.556997 0.487284
0.798001 0.556681 0.489068
0.827784 0.556364 0.490852
0.857567 0.556047 0.492636
0.887349 0.555730 0.494420
0.917132 0.555413 0.496205
0.946915 0.555097 0.497989
0.976697 0.554780 0.499773
1.000000 0.554463 0.501557
1.000000 0.554146 0.503341
1.000000 0.553829 0.505125
0.094551 0.592669 0.469030
0.126918 0.592636 0.467946
0.159285 0.592603 0.466862
0.191652 0.592569 0.465778
0.224020 0.592536 0.464694
0.256387 0.592503 0.463611
0.286760 0.592251 0.464739
0.316543 0.591934 0.466523
0.346326 0.591617 0.468307
0.376108 0.591300 0.470092
0.405891 0.590983 0.471876
0.435673 0.590667 0.473660
0.465456 0.590350 0.475444
0.495239 0.590033 0.477228
0.525021 0.589716 0.479012
0.554804 0.589399 0.480797
0.584587 0.589083 0.482581
0.614369 0.588766 0.484365
0.644152 0.588449 0.486149
0.673935 0.588132 0.487933
0.703717 0.587815 0.489717
0.733500 0.587498 0.491502
0.763283 0.587182 0.493286
0.793065 0.586865 0.495070
0.822848 0.586548 0.496854
0.852630 0.586231 0.498638
0.882413 0.585914 0.500423
0.912196 0.585598 0.502207
0.941978 0.585281 0.503991
0.971761 0.584964 0.505775
1.000000 0.584647 0.507559
1.000000 0.584330 0.509343
1.000000 0.584013 0.511128
0.098309 0.623807 0.465384
0.130676 0.623774 0.464300
0.162693 0.623702 0.463604
0.192476 0.623385 0.465389
0.222259 0.623069 0.467173
0.252041 0.622752 0.468957
0.281824 0.622435 0.470741
0.311607 0.622118 0.472525
0.341389 0.621801 0.474309
0.371172 0.621484 0.476094
0.400955 0.621168 0.477878
0.430737 0.620851 0.479662
0.460520 0.620534 0.481446
0.490302 0.620217 0.483230
0.520085 0.619900 0.485015
0.549868 0.619584 0.486799
0.579650 0.619267 0.488583
0.609433 0.618950 0.490367
0.639216 0.618633 0.492151
0.668998 0.618316 0.493935
0.698781 0.617999 0.495720
0.728564 0.617683 0.497504
0.758346 0.617366 0.499288
0.788129 0.617049 0.501072
0.817912 0.616732 0.502856
0.847694 0.616415 0.504640
0.877477 0.616099 0.506425
0.907259 0.615782 0.508209
0.937042 0.615465 0.509993
0.966825 0.615148 0.511777
0.996607 0.614831 0.513561
1.000000 0.614515 0.515345
1.000000 0.614198 0.517130
0.098192 0.654520 0.466038
0.127974 0.654203 0.467822
0.157757 0.653886 0.469607
0.187540 0.653570 0.471391
0.217322 0.653253 0.473175
0.247105 0.652936 0.474959
0.276888 0.652619 0.476743
0.306670 0.652302 0.478527
0.336453 0.651985 0.480312
0.366236 0.651669 0.482096
0.396018 0.651352 0.483880
0.425801 0.651035 0.485664
0.455584 0.650718 0.487448
0.485366 0.650401 0.489232
0.515149 0.650085 0.491017
0.544931 0.649768 0.492801
0.574714 0.649451 0.494585
0.604497 0.649134 0.496369
0.634279 0.648817 0.498153
0.664062 0.648501 0.499937
0.693845 0.648184 0.501722
0.723627 0.647867 0.503506
0.753410 0.647550 0.505290
0.783193 0.647233 0.507074
0.812975 0.646916 0.508858
0.842758 0.646600 0.510642
0.872541 0.646283 0.512427
0.902323 0.645966 0.514211
0.932106 0.645649 0.515995
0.961888 0.645332 0.517779
0.991671 0.645016 0.519563
1.000000 0.644699 0.521348
1.000000 0.644382 0.523132
0.093256 0.684704 0.472040
0.123038 0.684387 0.473824
0.152821 0.684071 0.475609
0.182603 0.683754 0.477393
0.212386 0.683437 0.479177
0.242169 0.683120 0.480961
0.271951 0.682803 0.482745
0.301734 0.682487 0.484529
0.331517 0.682170 0.486314
0.361299 0.681853 0.488098
0.391082 0.681536 0.489882
0.420865 0.681219 0.491666
0.450647 0.680902 0.493450
0.480430 0.680586 0.495234
0.510213 0.680269 0.497019
0.539995 0.679952 0.498803
0.569778 0.679635 0.500587
0.599560 0.679318 0.502371
0.629343 0.679002 0.504155
0.659126 0.678685 0.505940
0.688908 0.678368 0.507724
0.718691 0.678051 0.509508
0.748474 0.677734 0.511292
0.778256 0.677417 0.513076
0.808039 0.677101 0.514860
0.837822 0.676784 0.516645
0.867604 0.676467 0.518429
0.897387 0.676150 0.520213
0.927170 0.675833 0.521997
0.956952 0.675517 0.523781
0.986735 0.675200 0.525565
1.000000 0.674883 0.527350
1.000000 0.674566 0.529134
0.088319 0.714888 0.478042
0.118102 0.714572 0.479826
0.147885 0.714255 0.481611
0.177667 0.713938 0.483395
0.207450 0.713621 0.485179
0.237232 0.713304 0.486963
0.267015 0.712988 0.488747
0.296798 0.712671 0.490532
0.326580 0.712354 0.492316
0.356363 0.712037 0.494100
0.386146 0.711720 0.495884
0.415928 0.711403 0.497668
0.445711 0.711087 0.499452
0.475494 0.710770 0.501237
0.505276 0.710453 0.503021
0.535059 0.710136 0.504805
0.564842 0.709819 0.506589
0.594624 0.709503 0.508373
0.624407 0.709186 0.510157
0.654189 0.708869 0.511942
0.683972 0.708552 0.513726
0.713755 0.708235 0.515510
0.743537 0.707919 0.517294
0.773320 0.707602 0.519078
0.803103 0.707285 0.520862
0.832885 0.706968 0.522647
0.862668 0.706651 0.524431
0.892451 0.706334 0.526215
0.922233 0.706018 0.527999
0.952016 0.705701 0.529783
0.981799 0.705384 0.531567
1.000000 0.705067 0.533352
1.000000 0.704750 0.535136
0.083383 0.745073 0.484044
0.113166 0.744756 0.485829
0.142948 0.744439 0.487613
0.172731 0.744122 0.489397
0.202514 0.743805 0.491181
0.232296 0.743489 0.492965
0.262079 0.743172 0.494749
0.291861 0.742855 0.496534
0.321644 0.742538 0.498318
0.351427 0.742221 0.500102
0.381209 0.741905 0.501886
0.410992 0.741588 0.503670
0.440775 0.741271 0.505454
0.470557 0.740954 0.507239
0.500340 0.740637 0.509023
0.530123 0.740320 0.510807
0.559905 0.740004 0.512591
0.589688 0.739687 0.514375
0.619471 0.739370 0.516159
0.649253 0.739053 0.517944
0.679036 0.738736 0.519728
0.708818 0.738420 0.521512
0.738601 0.738103 0.523296
0.768384 0.737786 0.525080
0.798166 0.737469 0.526865
0.827949 0.737152 0.528649
0.857732 0.736835 0.530433
0.887514 0.736519 0.532217
0.917297 0.736202 0.534001
0.947080 0.735885 0.535785
0.976862 0.735568 0.537570
1.000000 0.735251 0.539354
1.000000 0.734935 0.541138
0.078447 0.775257 0.490046
0.108229 0.774940 0.491831
0.138012 0.774623 0.493615
0.167795 0.774306 0.495399
0.197577 0.773990 0.497183
0.227360 0.773673 0.498967
0.257143 0.773356 0.500751
0.286925 0.773039 0.502536
0.316708 0.772722 0.504320
0.346490 0.772406 0.506104
0.376273 0.772089 0.507888
0.406056 0.771772 0.509672
0.435838 0.771455 0.511457
0.465621 0.771138 0.513241
0.495404 0.770821 0.515025
0.525186 0.770505 0.516809
0.554969 0.770188 0.518593
0.584752 0.769871 0.520377
0.614534 0.769554 0.522162
0.644317 0.769237 0.523946
0.674100 0.768921 0.525730
0.703882 0.768604 0.527514
0.733665 0.768287 0.529298
0.763447 0.767970 0.531082
0.793230 0.767653 0.532867
0.823013 0.767336 0.534651
0.852795 0.767020 0.536435
0.882578 0.766703 0.538219
0.912361 0.766386 0.540003
0.942143 0.766069 0.541787
0.971926 0.765752 0.543572
1.000000 0.765436 0.545356
1.000000 0.765119 0.547140
0.073510 0.805441 0.496049
0.103293 0.805124 0.497833
0.133076 0.804807 0.499617
0.162858 0.804491 0.501401
0.192641 0.804174 0.503185
0.222424 0.803857 0.504969
0.252206 0.803540 0.506754
0.281989 0.803223 0.508538
0.311772 0.802907 0.510322
0.341554 0.802590 0.512106
0.371337 0.802273 0.513890
0.401119 0.801956 0.515674
0.430902 0.801639 0.517459
0.460685 0.801322 0.519243
0.490467 0.801006 0.521027
0.520250 0.800689 0.522811
0.550033 0.800372 0.524595
0.579815 0.800055 0.526379
0.609598 0.799738 0.528164
0.639381 0.799422 0.529948
0.669163 0.799105 0.531732
0.698946 0.798788 0.533516
0.728729 0.798471 0.535300
0.758511 0.798154 0.537084
0.788294 0.797838 0.538869
0.818076 0.797521 0.540653
0.847859 0.797204 0.542437
0.877642 0.796887 0.544221
0.907424 0.796570 0.546005
0.937207 0.796253 0.547790
0.966990 0.795937 0.549574
0.996772 0.795620 0.551358
1.000000 0.795303 0.553142
0.068574 0.835625 0.502051
0.098357 0.835308 0.503835
0.128139 0.834992 0.505619
0.157922 0.834675 0.507403
0.187705 0.834358 0.509187
0.217487 0.834041 0.510971
0.247270 0.833724 0.512756
0.277053 0.833408 0.514540
0.306835 0.833091 0.516324
0.336618 0.832774 0.518108
0.366401 0.832457 0.519892
0.396183 0.832140 0.521676
0.425966 0.831824 0.523461
0.455748 0.831507 0.525245
0.485531 0.831190 0.527029
0.515314 0.830873 0.528813
0.545096 0.830556 0.530597
0.574879 0.830239 0.532382
0.604662 0.829923 0.534166
0.634444 0.829606 0.535950
0.664227 0.829289 0.537734
0.694010 0.828972 0.539518
0.723792 0.828655 0.541302
0.753575 0.828339 0.543087
0.783358 0.828022 0.544871
0.813140 0.827705 0.546655
0.842923 0.827388 0.548439
0.872705 0.827071 0.550223
0.902488 0.826754 0.552007
0.932271 0.826438 0.553792
0.962053 0.826121 0.555576
0.991836 0.825804 0.557360
1.000000 0.825487 0.559144
0.063638 0.865810 0.508053
0.093420 0.865493 0.509837
0.123203 0.865176 0.511621
0.152986 0.864859 0.513405
0.182768 0.864542 0.515189
0.212551 0.864225 0.516974
0.242334 0.863909 0.518758
0.272116 0.863592 0.520542
0.301899 0.863275 0.522326
0.331682 0.862958 0.524110
0.361464 0.862641 0.525894
0.391247 0.862325 0.527679
0.421030 0.862008 0.529463
0.450812 0.861691 0.531247
0.480595 0.861374 0.533031
0.510377 0.861057 0.534815
0.540160 0.860740 0.536599
0.569943 0.860424 0.538384
0.599725 0.860107 0.540168
0.629508 0.859790 0.541952
0.659291 0.859473 0.543736
0.689073 0.859156 0.545520
0.718856 0.858840 0.547304
0.748639 0.858523 0.549089
0.778421 0.858206 0.550873
0.808204 0.857889 0.552657
0.837987 0.857572 0.554441
0.867769 0.857255 0.556225
0.897552 0.856939 0.558009
0.927334 0.856622 0.559794
0.957117 0.856305 0.561578
0.986900 0.855988 0.563362
1.000000 0.855671 0.565146
0.058702 0.895994 0.514055
0.088484 0.895677 0.515839
0.118267 0.895360 0.517623
0.148049 0.895043 0.519407
0.177832 0.894726 0.521191
0.207615 0.894410 0.522976
0.237397 0.894093 0.524760
0.267180 0.893776 0.526544
0.296963 0.893459 0.528328
0.326745 0.893142 0.530112
0.356528 0.892826 0.531896
0.386311 0.892509 0.533681
0.416093 0.892192 0.535465
0.445876 0.891875 0.537249
0.475659 0.891558 0.539033
0.505441 0.891241 0.540817
0.535224 0.890925 0.542601
0.565006 0.890608 0.544386
0.594789 0.890291 0.546170
0.624572 0.889974 0.547954
0.654354 0.889657 0.549738
0.684137 0.889341 0.551522
0.713920 0.889024 0.553307
0.743702 0.888707 0.555091
0.773485 0.888390 0.556875
0.803268 0.888073 0.558659
0.833050 0.887757 0.560443
0.862833 0.887440 0.562227
0.892616 0.887123 0.564012
0.922398 0.886806 0.565796
0.952181 0.886489 0.567580
0.981963 0.886172 0.569364
1.000000 0.885856 0.571148
0.053765 0.926178 0.520057
0.083548 0.925861 0.521841
0.113331 0.925544 0.523625
0.143113 0.925227 0.525409
0.172896 0.924911 0.527193
0.202678 0.924594 0.528978
0.232461 0.924277 0.530762
0.262244 0.923960 0.532546
0.292026 0.923643 0.534330
0.321809 0.923327 0.536114
0.351592 0.923010 0.537899
0.381374 0.922693 0.539683
0.411157 0.922376 0.541467
0.440940 0.922059 0.543251
0.470722 0.921743 0.545035
0.500505 0.921426 0.546819
0.530288 0.921109 0.548604
0.560070 0.920792 0.550388
0.589853 0.920475 0.552172
0.619635 0.920158 0.553956
0.649418 0.919842 0.555740
0.679201 0.919525 0.557524
0.708983 0.919208 0.559309
0.738766 0.918891 0.561093
0.768549 0.918574 0.562877
0.798331 0.918258 0.564661
0.828114 0.917941 0.566445
0.857897 0.917624 0.568229
0.887679 0.917307 0.570014
0.917462 0.916990 0.571798
0.947245 0.916673 0.573582
0.977027 0.916357 0.575366
1.000000 0.916040 0.577150
0.048829 0.956362 0.526059
0.078612 0.956045 0.527843
0.108394 0.955729 0.529627
0.138177 0.955412 0.531411
0.167960 0.955095 0.533196
0.197742 0.954778 0.534980
0.227525 0.954461 0.536764
0.257307 0.954144 0.538548
0.287090 0.953828 0.540332
0.316873 0.953511 0.542116
0.346655 0.953194 0.543901
0.376438 0.952877 0.545685
0.406221 0.952560 0.547469
0.436003 0.952244 0.549253
0.465786 0.951927 0.551037
0.495569 0.951610 0.552821
0.525351 0.951293 0.554606
0.555134 0.950976 0.556390
0.584917 0.950659 0.558174
0.614699 0.950343 0.559958
0.644482 0.950026 0.561742
0.674264 0.949709 0.563526
0.704047 0.949392 0.565311
0.733830 0.949075 0.567095
0.763612 0.948759 0.568879
0.793395 0.948442 0.570663
0.823178 0.948125 0.572447
0.852960 0.947808 0.574232
0.882743 0.947491 0.576016
0.912526 0.947174 0.577800
0.942308 0.946858 0.579584
0.972091 0.946541 0.581368
1.000000 0.946224 0.583152
0.043893 0.986546 0.532061
0.073675 0.986230 0.533845
0.103458 0.985913 0.535629
0.133241 0.985596 0.537413
0.163023 0.985279 0.539198
0.192806 0.984962 0.540982
0.222589 0.984645 0.542766
0.252371 0.984329 0.544550
0.282154 0.984012 0.546334
0.311936 0.983695 0.548118
0.341719 0.983378 0.549903
0.371502 0.983061 0.551687
0.401284 0.982745 0.553471
0.431067 0.982428 0.555255
0.460850 0.982111 0.557039
0.490632 0.981794 0.558824
0.520415 0.981477 0.560608
0.550198 0.981160 0.562392
0.579980 0.980844 0.564176
0.609763 0.980527 0.565960
0.639546 0.980210 0.567744
0.669328 0.979893 0.569529
0.699111 0.979576 0.571313
0.728893 0.979260 0.573097
0.758676 0.978943 0.574881
0.788459 0.978626 0.576665
0.818241 0.978309 0.578449
0.848024 0.977992 0.580234
0.877807 0.977676 0.582018
0.907589 0.977359 0.583802
0.937372 0.977042 0.585586
0.967155 0.976725 0.587370
0.996937 0.976408 0.589154
0.023522 0.001040 0.569188
0.055890 0.001006 0.568104
0.088257 0.000973 0.567020
0.120624 0.000940 0.565936
0.152991 0.000906 0.564853
0.185358 0.000873 0.563769
0.217726 0.000840 0.562685
0.250093 0.000806 0.561601
0.282460 0.000773 0.560517
0.314827 0.000740 0.559433
0.347194 0.000706 0.558349
0.379562 0.000673 0.557266
0.411929 0.000640 0.556182
0.444296 0.000606 0.555098
0.476663 0.000573 0.554014
0.509030 0.000539 0.552930
0.541397 0.000506 0.551846
0.573765 0.000473 0.550763
0.606132 0.000439 0.549679
0.638499 0.000406 0.548595
0.670866 0.000373 0.547511
0.703233 0.000339 0.546427
0.735601 0.000306 0.545343
0.767968 0.000273 0.544259
0.800335 0.000239 0.543176
0.832702 0.000206 0.542092
0.865069 0.000173 0.541008
0.897437 0.000139 0.539924
0.929804 0.000106 0.538840
0.962171 0.000073 0.537756
0.994538 0.000039 0.536673
1.000000 0.000006 0.535589
1.000000 0.000000 0.534505
0.027281 0.032178 0.565542
0.059648 0.032144 0.564458
0.092015 0.032111 0.563374
0.124382 0.032077 0.562290
0.156749 0.032044 0.561206
0.189117 0.032011 0.560123
0.221484 0.031977 0.559039
0.253851 0.031944 0.557955
0.286218 0.031911 0.556871
0.318585 0.031877 0.555787
0.350953 0.031844 0.554703
0.383320 0.031811 0.553619
0.415687 0.031777 0.552536
0.448054 0.031744 0.551452
0.480421 0.031711 0.550368
0.512789 0.031677 0.549284
0.545156 0.031644 0.548200
0.577523 0.031611 0.547116
0.609890 0.031577 0.546033
0.642257 0.031544 0.544949
0.674625 0.031511 0.543865
0.706992 0.031477 0.542781
0.739359 0.031444 0.541697
0.771726 0.031411 0.540613
0.804093 0.031377 0.539530
0.836461 0.031344 0.538446
0.868828 0.031310 0.537362
0.901195 0.031277 0.536278
0.933562 0.031244 0.535194
0.965929 0.031210 0.534110
0.998296 0.031177 0.533026
1.000000 0.031144 0.531943
1.000000 0.031110 0.530859
0.031039 0.063315 0.561896
0.063406 0.063282 0.560812
0.095773 0.063249 0.559728
0.128141 0.063215 0.558644
0.160508 0.063182 0.557560
0.192875 0.063149 0.556476
0.225242 0.063115 0.555393
0.257609 0.063082 0.554309
0.289977 0.063049 0.553225
0.322344 0.063015 0.552141
0.354711 0.062982 0.551057
0.387078 0.062949 0.549973
0.419445 0.062915 0.548890
0.451813 0.062882 0.547806
0.484180 0.062848 0.546722
0.516547 0.062815 0.545638
0.548914 0.062782 0.544554
0.581281 0.062748 0.543470
0.613648 0.062715 0.542386
0.646016 0.062682 0.541303
0.678383 0.062648 0.540219
0.710750 0.062615 0.539135
0.743117 0.062582 0.538051
0.775484 0.062548 0.536967
0.807852 0.062515 0.535883
0.840219 0.062482 0.534800
0.872586 0.062448 0.533716
0.904953 0.062415 0.532632
0.937320 0.062382 0.531548
0.969688 0.062348 0.530464
1.000000 0.062315 0.529380
1.000000 0.062282 0.528297
1.000000 0.062248 0.527213
0.034797 0.094453 0.558250
0.067165 0.094420 0.557166
0.099532 0.094386 0.556082
0.131899 0.094353 0.554998
0.164266 0.094320 0.553914
0.196633 0.094286 0.552830
0.229000 0.094253 0.551746
0.261368 0.094220 0.550663
0.293735 0.094186 0.549579
0.326102 0.094153 0.548495
0.358469 0.094120 0.547411
0.390836 0.094086 0.546327
0.423204 0.094053 0.545243
0.455571 0.094020 0.544160
0.487938 0.093986 0.543076
0.520305 0.093953 0.541992
0.552672 0.093920 0.540908
0.585040 0.093886 0.539824
0.617407 0.093853 0.538740
0.649774 0.093820 0.537657
0.682141 0.093786 0.536573
0.714508 0.093753 0.535489
0.746876 0.093719 0.534405
0.779243 0.093686 0.533321
0.811610 0.093653 0.532237
0.843977 0.093619 0.531153
0.876344 0.093586 0.530070
0.908712 0.093553 0.528986
0.941079 0.093519 0.527902
0.973446 0.093486 0.526818
1.000000 0.093453 0.525734
1.000000 0.093419 0.524650
1.000000 0.093386 0.523567
0.038556 0.125591 0.554603
0.070923 0.125558 0.553520
0.103290 0.125524 0.552436
0.135657 0.125491 0.551352
0.168024 0.125458 0.550268
0.200392 0.125424 0.549184
0.232759 0.125391 0.548100
0.265126 0.125358 0.547017
0.297493 0.125324 0.545933
0.329860 0.125291 0.544849
0.362228 0.125257 0.543765
0.394595 0.125224 0.542681
0.426962 0.125191 0.541597
0.459329 0.125157 0.540513
0.491696 0.125124 0.539430
0.524064 0.125091 0.538346
0.556431 0.125057 0.537262
0.588798 0.125024 0.536178
0.621165 0.124991 0.535094
0.653532 0.124957 0.534010
0.685899 0.124924 0.532927
0.718267 0.124891 0.531843
0.750634 0.124857 0.530759
0.783001 0.124824 0.529675
0.815368 0.124791 0.528591
0.847735 0.124757 0.527507
0.880103 0.124724 0.526423
0.912470 0.124691 0.525340
0.944837 0.124657 0.524256
0.977204 0.124624 0.523172
1.000000 0.124590 0.522088
1.000000 0.124557 0.521004
1.000000 0.124524 0.519920
0.042314 0.156729 0.550957
0.074681 0.156695 0.549873
0.107048 0.156662 0.548790
0.139416 0.156629 0.547706
0.171783 0.156595 0.546622
0.204150 0.156562 0.545538
0.236517 0.156529 0.544454
0.268884 0.156495 0.543370
0.301251 0.156462 0.542287
0.333619 0.156429 0.541203
0.365986 0.156395 0.540119
0.398353 0.156362 0.539035
0.430720 0.156329 0.537951
0.463087 0.156295 0.536867
0.495455 0.156262 0.535783
0.527822 0.156229 0.534700
0.560189 0.156195 0.533616
0.592556 0.156162 0.532532
0.624923 0.156128 0.531448
0.657291 0.156095 0.530364
0.689658 0.156062 0.529280
0.722025 0.156028 0.528197
0.754392 0.155995 0.527113
0.786759 0.155962 0.526029
0.819127 0.155928 0.524945
0.851494 0.155895 0.523861
0.883861 0.155862 0.522777
0.916228 0.155828 0.521694
0.948595 0.155795 0.520610
0.980963 0.155762 0.519526
1.000000 0.155728 0.518442
1.000000 0.155695 0.517358
1.000000 0.155662 0.516274
0.046072 0.187867 0.547311
0.078439 0.187833 0.546227
0.110807 0.187800 0.545143
0.143174 0.187767 0.544060
0.175541 0.187733 0.542976
0.207908 0.187700 0.541892
0.240275 0.187666 0.540808
0.272643 0.187633 0.539724
0.305010 0.187600 0.538640
0.337377 0.187566 0.537557
0.369744 0.187533 0.536473
0.402111 0.187500 0.535389
0.434479 0.187466 0.534305
0.466846 0.187433 0.533221
0.499213 0.187400 0.532137
0.531580 0.187366 0.531054
0.563947 0.187333 0.529970
0.596315 0.187300 0.528886
0.628682 0.187266 0.527802
0.661049 0.187233 0.526718
0.693416 0.187200 0.525634
0.725783 0.187166 0.524550
0.758150 0.187133 0.523467
0.790518 0.187100 0.522383
0.822885 0.187066 0.521299
0.855252 0.187033 0.520215
0.887619 0.187000 0.519131
0.919986 0.186966 0.518047
0.952354 0.186933 0.516964
0.984721 0.186899 0.515880
1.000000 0.186866 0.514796
1.000000 0.186833 0.513712
1.000000 0.186799 0.512628
0.049831 0.219004 0.543665
0.082198 0.218971 0.542581
0.114565 0.218938 0.541497
0.146932 0.218904 0.540414
0.179299 0.218871 0.539330
0.211667 0.218838 0.538246
0.244034 0.218804 0.537162
0.276401 0.218771 0.536078
0.308768 0.218738 0.534994
0.341135 0.218704 0.533910
0.373502 0.218671 0.532827
0.405870 0.218638 0.531743
0.438237 0.218604 0.530659
0.470604 0.218571 0.529575
0.502971 0.218538 0.528491
0.535338 0.218504 0.527407
0.567706 0.218471 0.526324
0.600073 0.218437 0.525240
0.632440 0.218404 0.524156
0.664807 0.218371 0.523072
0.697174 0.218337 0.521988
0.729542 0.218304 0.520904
0.761909 0.218271 0.519821
0.794276 0.218237 0.518737
0.826643 0.218204 0.517653
0.859010 0.218171 0.516569
0.891378 0.218137 0.515485
0.923745 0.218104 0.514401
0.956112 0.218071 0.513317
0.988479 0.218037 0.512234
1.000000 0.218004 0.511150
1.000000 0.217971 0.510066
1.000000 0.217937 0.508982
0.053589 0.250142 0.540019
0.085956 0.250109 0.538935
0.118323 0.250076 0.537851
0.150690 0.250042 0.536767
0.183058 0.250009 0.535684
0.215425 0.249975 0.534600
0.247792 0.249942 0.533516
0.280159 0.249909 0.532432
0.312526 0.249875 0.531348
0.344894 0.249842 0.530264
0.377261 0.249809 0.529181
0.409628 0.249775 0.528097
0.441995 0.249742 0.527013
0.474362 0.249709 0.525929
0.506730 0.249675 0.524845
0.539097 0.249642 0.523761
0.571464 0.249609 0.522677
0.603831 0.249575 0.521594
0.636198 0.249542 0.520510
0.668565 0.249509 0.519426
0.700933 0.249475 0.518342
0.733300 0.249442 0.517258
0.765667 0.249409 0.516174
0.798034 0.249375 0.515091
0.830401 0.249342 0.514007
0.862769 0.249308 0.512923
0.895136 0.249275 0.511839
0.927503 0.249242 0.510755
0.959870 0.249208 0.509671
0.992237 0.249175 0.508587
1.000000 0.249142 0.507504
1.000000 0.249108 0.506420
1.000000 0.249075 0.505336
0.057347 0.281280 0.536373
0.089714 0.281247 0.535289
0.122082 0.281213 0.534205
0.154449 0.281180 0.533121
0.186816 0.281147 0.532037
0.219183 0.281113 0.530954
0.251550 0.281080 0.529870
0.283917 0.281047 0.528786
0.316285 0.281013 0.527702
0.348652 0.280980 0.526618
0.381019 0.280947 0.525534
0.413386 0.280913 0.524451
0.445753 0.280880 0.523367
0.478121 0.280846 0.522283
0.510488 0.280813 0.521199
0.542855 0.280780 0.520115
0.575222 0.280746 0.519031
0.607589 0.280713 0.517947
0.639957 0.280680 0.516864
0.672324 0.280646 0.515780
0.704691 0.280613 0.514696
0.737058 0.280580 0.513612
0.769425 0.280546 0.512528
0.801793 0.280513 0.511444
0.834160 0.280480 0.510361
0.866527 0.280446 0.509277
0.898894 0.280413 0.508193
0.931261 0.280380 0.507109
0.963629 0.280346 0.506025
0.995996 0.280313 0.504941
1.000000 0.280280 0.503858
1.000000 0.280246 0.502774
1.000000 0.280213 0.501690
0.061105 0.312418 0.532727
0.093473 0.312384 0.531643
0.125840 0.312351 0.530559
0.158207 0.312318 0.529475
0.190574 0.312284 0.528391
0.222941 0.312251 0.527307
0.255309 0.312218 0.526224
0.287676 0.312184 0.525140
0.320043 0.312151 0.524056
0.352410 0.312118 0.522972
0.384777 0.312084 0.521888
0.417145 0.312051 0.520804
0.449512 0.312018 0.519721
0.481879 0.311984 0.518637
0.514246 0.311951 0.517553
0.546613 0.311918 0.516469
0.578981 0.311884 0.515385
0.611348 0.311851 0.514301
0.643715 0.311818 0.513218
0.676082 0.311784 0.512134
0.708449 0.311751 0.511050
0.740816 0.311718 0.509966
0.773184 0.311684 0.508882
0.805551 0.311651 0.507798
0.837918 0.311617 0.506714
0.870285 0.311584 0.505631
0.902652 0.311551 0.504547
0.935020 0.311517 0.503463
0.967387 0.311484 0.502379
0.999754 0.311451 0.501295
1.000000 0.311417 0.500211
1.000000 0.311384 0.499128
1.000000 0.311351 0.498044
0.064864 0.343556 0.529081
0.097231 0.343522 0.527997
0.129598 0.343489 0.526913
0.161965 0.343456 0.525829
0.194333 0.343422 0.524745
0.226700 0.343389 0.523661
0.259067 0.343356 0.522578
0.291434 0.343322 0.521494
0.323801 0.343289 0.520410
0.356168 0.343256 0.519326
0.388536 0.343222 0.518242
0.420903 0.343189 0.517158
0.453270 0.343155 0.516074
0.485637 0.343122 0.514991
0.518004 0.343089 0.513907
0.550372 0.343055 0.512823
0.582739 0.343022 0.511739
0.615106 0.342989 0.510655
0.647473 0.342955 0.509571
0.679840 0.342922 0.508488
0.712208 0.342889 0.507404
0.744575 0.342855 0.506320
0.776942 0.342822 0.505236
0.809309 0.342789 0.504152
0.841676 0.342755 0.503068
0.874044 0.342722 0.501985
0.906411 0.342689 0.500901
0.938778 0.342655 0.499817
0.971145 0.342622 0.498733
1.000000 0.342589 0.497649
1.000000 0.342555 0.496565
1.000000 0.342522 0.495481
1.000000 0.342432 0.494967
0.068622 0.374693 0.525434
0.100989 0.374660 0.524351
0.133356 0.374627 0.523267
0.165724 0.374593 0.522183
0.198091 0.374560 0.521099
0.230458 0.374527 0.520015
0.262825 0.374493 0.518931
0.295192 0.374460 0.517848
0.327560 0.374427 0.516764
0.359927 0.374393 0.515680
0.392294 0.374360 0.514596
0.424661 0.374327 0.513512
0.457028 0.374293 0.512428
0.489396 0.374260 0.511345
0.521763 0.374227 0.510261
0.554130 0.374193 0.509177
0.586497 0.374160 0.508093
0.618864 0.374127 0.507009
0.651232 0.374093 0.505925
0.683599 0.374060 0.504841
0.715966 0.374026 0.503758
0.748333 0.373993 0.502674
0.780700 0.373960 0.501590
0.813067 0.373926 0.500506
0.845435 0.373893 0.499422
0.877802 0.373860 0.498338
0.910169 0.373826 0.497255
0.942536 0.373793 0.496171
0.974903 0.373760 0.495087
1.000000 0.373567 0.495616
1.000000 0.373250 0.497401
1.000000 0.372933 0.499185
1.000000 0.372616 0.500969
0.072380 0.405831 0.521788
0.104748 0.405798 0.520705
0.137115 0.405765 0.519621
0.169482 0.405731 0.518537
0.201849 0.405698 0.517453
0.234216 0.405665 0.516369
0.266584 0.405631 0.515285
0.298951 0.405598 0.514201
0.331318 0.405564 0.513118
0.363685 0.405531 0.512034
0.396052 0.405498 0.510950
0.428419 0.405464 0.509866
0.460787 0.405431 0.508782
0.493154 0.405398 0.507698
0.525521 0.405364 0.506615
0.557888 0.405331 0.505531
0.590255 0.405298 0.504447
0.622623 0.405264 0.503363
0.654990 0.405231 0.502279
0.687357 0.405198 0.501195
0.719724 0.405164 0.500111
0.752091 0.405131 0.499028
0.784459 0.405098 0.497944
0.816826 0.405064 0.496860
0.849193 0.405031 0.495776
0.881560 0.404998 0.494692
0.911532 0.404702 0.496266
0.941315 0.404385 0.498050
0.971098 0.404068 0.499834
1.000000 0.403751 0.501619
1.000000 0.403434 0.503403
1.000000 0.403117 0.505187
1.000000 0.402801 0.506971
0.076139 0.436969 0.518142
0.108506 0.436936 0.517058
0.140873 0.436902 0.515975
0.173240 0.436869 0.514891
0.205607 0.436836 0.513807
0.237975 0.436802 0.512723
0.270342 0.436769 0.511639
0.302709 0.436736 0.510555
0.335076 0.436702 0.509471
0.367443 0.436669 0.508388
0.399811 0.436636 0.507304
0.432178 0.436602 0.506220
0.464545 0.436569 0.505136
0.496912 0.436536 0.504052
0.529279 0.436502 0.502968
0.561647 0.436469 0.501885
0.594014 0.436435 0.500801
0.626381 0.436402 0.499717
0.658748 0.436369 0.498633
0.691115 0.436335 0.497549
0.723483 0.436302 0.496465
0.755850 0.436269 0.495382
0.787466 0.436153 0.495131
0.817248 0.435836 0.496916
0.847031 0.435519 0.498700
0.876814 0.435203 0.500484
0.906596 0.434886 0.502268
0.936379 0.434569 0.504052
0.966161 0.434252 0.505836
0.995944 0.433935 0.507621
1.000000 0.433618 0.509405
1.000000 0.433302 0.511189
1.000000 0.432985 0.512973
0.079897 0.468107 0.514496
0.112264 0.468074 0.513412
0.144631 0.468040 0.512328
0.176999 0.468007 0.511245
0.209366 0.467973 0.510161
0.241733 0.467940 0.509077
0.274100 0.467907 0.507993
0.306467 0.467873 0.506909
0.338835 0.467840 0.505825
0.371202 0.467807 0.504742
0.403569 0.467773 0.503658
0.435936 0.467740 0.502574
0.468303 0.467707 0.501490
0.500670 0.467673 0.500406
0.533038 0.467640 0.499322
0.565405 0.467607 0.498238
0.597772 0.467573 0.497155
0.630139 0.467540 0.496071
0.662506 0.467507 0.494987
0.693181 0.467288 0.495781
0.722964 0.466971 0.497565
0.752747 0.466654 0.499349
0.782529 0.466337 0.501133
0.812312 0.466020 0.502918
0.842095 0.465704 0.504702
0.871877 0.465387 0.506486
0.901660 0.465070 0.508270
0.931443 0.464753 0.510054
0.961225 0.464436 0.511838
0.991008 0.464120 0.513623
1.000000 0.463803 0.515407
1.000000 0.463486 0.517191
1.000000 0.463169 0.518975
0.083655 0.499245 0.510850
0.116022 0.499211 0.509766
0.148390 0.499178 0.508682
0.180757 0.499145 0.507598
0.213124 0.499111 0.506515
0.245491 0.499078 0.505431
0.277858 0.499045 0.504347
0.310226 0.499011 0.503263
0.342593 0.498978 0.502179
0.374960 0.498945 0.501095
0.407327 0.498911 0.500012
0.439694 0.498878 0.498928
0.472062 0.498845 0.497844
0.504429 0.498811 0.496760
0.536796 0.498778 0.495676
0.569115 0.498739 0.494646
0.598897 0.498422 0.496430
0.628680 0.498106 0.498215
0.658462 0.497789 0.499999
0.688245 0.497472 0.501783
0.718028 0.497155 0.503567
0.747810 0.496838 0.505351
0.777593 0.496521 0.507136
0.807376 0.496205 0.508920
0.837158 0.495888 0.510704
0.866941 0.495571 0.512488
0.896724 0.495254 0.514272
0.926506 0.494937 0.516056
0.956289 0.494621 0.517841
0.986072 0.494304 0.519625
1.000000 0.493987 0.521409
1.000000 0.493670 0.523193
1.000000 0.493353 0.524977
0.087414 0.530383 0.507204
0.119781 0.530349 0.506120
0.152148 0.530316 0.505036
0.184515 0.530282 0.503952
0.216882 0.530249 0.502869
0.249250 0.530216 0.501785
0.281617 0.530182 0.500701
0.313984 0.530149 0.499617
0.346351 0.530116 0.498533
0.378718 0.530082 0.497449
0.411086 0.530049 0.496365
0.443453 0.530016 0.495282
0.474830 0.529874 0.495296
0.504613 0.529557 0.497080
0.534396 0.529240 0.498864
0.564178 0.528923 0.500648
0.593961 0.528607 0.502433
0.623744 0.528290 0.504217
0.653526 0.527973 0.506001
0.683309 0.527656 0.507785
0.713091 0.527339 0.509569
0.742874 0.527022 0.511353
0.772657 0.526706 0.513138
0.802439 0.526389 0.514922
0.832222 0.526072 0.516706
0.862005 0.525755 0.518490
0.891787 0.525438 0.520274
0.921570 0.525122 0.522058
0.951353 0.524805 0.523843
0.981135 0.524488 0.525627
1.000000 0.524171 0.527411
1.000000 0.523854 0.529195
1.000000 0.523537 0.530979
0.091172 0.561520 0.503558
0.123539 0.561487 0.502474
0.155906 0.561454 0.501390
0.188273 0.561420 0.500306
0.220641 0.561387 0.499222
0.253008 0.561354 0.498139
0.285375 0.561320 0.497055
0.317742 0.561287 0.495971
0.350109 0.561254 0.494887
0.380546 0.561008 0.495945
0.410329 0.560692 0.497730
0.440111 0.560375 0.499514
0.469894 0.560058 0.501298
0.499677 0.559741 0.503082
0.529459 0.559424 0.504866
0.559242 0.559108 0.506650
0.589025 0.558791 0.508435
0.618807 0.558474 0.510219
0.648590 0.558157 0.512003
0.678373 0.557840 0.513787
0.708155 0.557523 0.515571
0.737938 0.557207 0.517355
0.767720 0.556890 0.519140
0.797503 0.556573 0.520924
0.827286 0.556256 0.522708
0.857068 0.555939 0.524492
0.886851 0.555623 0.526276
0.916634 0.555306 0.528061
0.946416 0.554989 0.529845
0.976199 0.554672 0.531629
1.000000 0.554355 0.533413
1.000000 0.554039 0.535197
1.000000 0.553722 0.536981
0.094930 0.592658 0.499912
0.127297 0.592625 0.498828
0.159665 0.592591 0.497744
0.192032 0.592558 0.496660
0.224399 0.592525 0.495576
0.256479 0.592460 0.494811
0.286262 0.592143 0.496595
0.316045 0.591826 0.498379
0.345827 0.591509 0.500163
0.375610 0.591193 0.501947
0.405392 0.590876 0.503732
0.435175 0.590559 0.505516
0.464958 0.590242 0.507300
0.494740 0.589925 0.509084
0.524523 0.589609 0.510868
0.554306 0.589292 0.512653
0.584088 0.588975 0.514437
0.613871 0.588658 0.516221
0.643654 0.588341 0.518005
0.673436 0.588025 0.519789
0.703219 0.587708 0.521573
0.733002 0.587391 0.523358
0.762784 0.587074 0.525142
0.792567 0.586757 0.526926
0.822349 0.586440 0.528710
0.852132 0.586124 0.530494
0.881915 0.585807 0.532278
0.911697 0.585490 0.534063
0.941480 0.585173 0.535847
0.971263 0.584856 0.537631
1.000000 0.584540 0.539415
1.000000 0.584223 0.541199
1.000000 0.583906 0.542983
0.098689 0.623796 0.496266
0.131056 0.623763 0.495182
0.162195 0.623595 0.495460
0.191978 0.623278 0.497245
0.221760 0.622961 0.499029
0.251543 0.622644 0.500813
0.281326 0.622327 0.502597
0.311108 0.622011 0.504381
0.340891 0.621694 0.506165
0.370674 0.621377 0.507950
0.400456 0.621060 0.509734
0.430239 0.620743 0.511518
0.460021 0.620426 0.513302
0.489804 0.620110 0.515086
0.519587 0.619793 0.516870
0.549369 0.619476 0.518655
0.579152 0.619159 0.520439
0.608935 0.618842 0.522223
0.638717 0.618526 0.524007
0.668500 0.618209 0.525791
0.698283 0.617892 0.527575
0.728065 0.617575 0.529360
0.757848 0.617258 0.531144
0.787631 0.616941 0.532928
0.817413 0.616625 0.534712
0.847196 0.616308 0.536496
0.876978 0.615991 0.538280
0.906761 0.615674 0.540065
0.936544 0.615357 0.541849
0.966326 0.615041 0.543633
0.996109 0.614724 0.545417
1.000000 0.614407 0.547201
1.000000 0.614090 0.548986
0.097693 0.654412 0.497894
0.127476 0.654096 0.499678
0.157259 0.653779 0.501462
0.187041 0.653462 0.503247
0.216824 0.653145 0.505031
0.246607 0.652828 0.506815
0.276389 0.652512 0.508599
0.306172 0.652195 0.510383
0.335955 0.651878 0.512167
0.365737 0.651561 0.513952
0.395520 0.651244 0.515736
0.425303 0.650927 0.517520
0.455085 0.650611 0.519304
0.484868 0.650294 0.521088
0.514650 0.649977 0.522872
0.544433 0.649660 0.524657
0.574216 0.649343 0.526441
0.603998 0.649027 0.528225
0.633781 0.648710 0.530009
0.663564 0.648393 0.531793
0.693346 0.648076 0.533578
0.723129 0.647759 0.535362
0.752912 0.647442 0.537146
0.782694 0.647126 0.538930
0.812477 0.646809 0.540714
0.842260 0.646492 0.542498
0.872042 0.646175 0.544283
0.901825 0.645858 0.546067
0.931607 0.645542 0.547851
0.961390 0.645225 0.549635
0.991173 0.644908 0.551419
1.000000 0.644591 0.553203
1.000000 0.644274 0.554988
0.092757 0.684597 0.503896
0.122540 0.684280 0.505680
0.152322 0.683963 0.507464
0.182105 0.683646 0.509249
0.211888 0.683329 0.511033
0.241670 0.683013 0.512817
0.271453 0.682696 0.514601
0.301236 0.682379 0.516385
0.331018 0.682062 0.518170
0.360801 0.681745 0.519954
0.390584 0.681428 0.521738
0.420366 0.681112 0.523522
0.450149 0.680795 0.525306
0.479932 0.680478 0.527090
0.509714 0.680161 0.528875
0.539497 0.679844 0.530659
0.569279 0.679528 0.532443
0.599062 0.679211 0.534227
0.628845 0.678894 0.536011
0.658627 0.678577 0.537795
0.688410 0.678260 0.539580
0.718193 0.677944 0.541364
0.747975 0.677627 0.543148
0.777758 0.677310 0.544932
0.807541 0.676993 0.546716
0.837323 0.676676 0.548500
0.867106 0.676359 0.550285
0.896889 0.676043 0.552069
0.926671 0.675726 0.553853
0.956454 0.675409 0.555637
0.986237 0.675092 0.557421
1.000000 0.674775 0.559205
1.000000 0.674459 0.560990
0.087821 0.714781 0.509898
0.117604 0.714464 0.511682
0.147386 0.714147 0.513467
0.177169 0.713830 0.515251
0.206951 0.713514 0.517035
0.236734 0.713197 0.518819
0.266517 0.712880 0.520603
0.296299 0.712563 0.522387
0.326082 0.712246 0.524172
0.355865 0.711930 0.525956
0.385647 0.711613 0.527740
0.415430 0.711296 0.529524
0.445213 0.710979 0.531308
0.474995 0.710662 0.533092
0.504778 0.710345 0.534877
0.534561 0.710029 0.536661
0.564343 0.709712 0.538445
0.594126 0.709395 0.540229
0.623909 0.709078 0.542013
0.653691 0.708761 0.543797
0.683474 0.708445 0.545582
0.713256 0.708128 0.547366
0.743039 0.707811 0.549150
0.772822 0.707494 0.550934
0.802604 0.707177 0.552718
0.832387 0.706860 0.554503
0.862170 0.706544 0.556287
0.891952 0.706227 0.558071
0.921735 0.705910 0.559855
0.951518 0.705593 0.561639
0.981300 0.705276 0.563423
1.000000 0.704960 0.565208
1.000000 0.704643 0.566992
0.082885 0.744965 0.515900
0.112667 0.744648 0.517684
0.142450 0.744331 0.519469
0.172233 0.744015 0.521253
0.202015 0.743698 0.523037
0.231798 0.743381 0.524821
0.261581 0.743064 0.526605
0.291363 0.742747 0.528389
0.321146 0.742431 0.530174
0.350928 0.742114 0.531958
0.380711 0.741797 0.533742
0.410494 0.741480 0.535526
0.440276 0.741163 0.537310
0.470059 0.740846 0.539095
0.499842 0.740530 0.540879
0.529624 0.740213 0.542663
0.559407 0.739896 0.544447
0.589190 0.739579 0.546231
0.618972 0.739262 0.548015
0.648755 0.738946 0.549800
0.678538 0.738629 0.551584
0.708320 0.738312 0.553368
0.738103 0.737995 0.555152
0.767885 0.737678 0.556936
0.797668 0.737361 0.558720
0.827451 0.737045 0.560505
0.857233 0.736728 0.562289
0.887016 0.736411 0.564073
0.916799 0.736094 0.565857
0.946581 0.735777 0.567641
0.976364 0.735461 0.569425
1.000000 0.735144 0.571210
1.000000 0.734827 0.572994
0.077948 0.775149 0.521902
0.107731 0.774832 0.523687
0.137514 0.774516 0.525471
0.167296 0.774199 0.527255
0.197079 0.773882 0.529039
0.226862 0.773565 0.530823
0.256644 0.773248 0.532607
0.286427 0.772932 0.534392
0.316210 0.772615 0.536176
0.345992 0.772298 0.537960
0.375775 0.771981 0.539744
0.405557 0.771664 0.541528
0.435340 0.771347 0.543312
0.465123 0.771031 0.545097
0.494905 0.770714 0.546881
0.524688 0.770397 0.548665
0.554471 0.770080 0.550449
0.584253 0.769763 0.552233
0.614036 0.769447 0.554017
0.643819 0.769130 0.555802
0.673601 0.768813 0.557586
0.703384 0.768496 0.559370
0.733167 0.768179 0.561154
0.762949 0.767863 0.562938
0.792732 0.767546 0.564723
0.822514 0.767229 0.566507
0.852297 0.766912 0.568291
0.882080 0.766595 0.570075
0.911862 0.766278 0.571859
0.941645 0.765962 0.573643
0.971428 0.765645 0.575428
1.000000 0.765328 0.577212
1.000000 0.765011 0.578996
0.073012 0.805333 0.527904
0.102795 0.805017 0.529689
0.132577 0.804700 0.531473
0.162360 0.804383 0.533257
0.192143 0.804066 0.535041
0.221925 0.803749 0.536825
0.251708 0.803433 0.538609
0.281491 0.803116 0.540394
0.311273 0.802799 0.542178
0.341056 0.802482 0.543962
0.370839 0.802165 0.545746
0.400621 0.801849 0.547530
0.430404 0.801532 0.549315
0.460186 0.801215 0.551099
0.489969 0.800898 0.552883
0.519752 0.800581 0.554667
0.549534 0.800264 0.556451
0.579317 0.799948 0.558235
0.609100 0.799631 0.560020
0.638882 0.799314 0.561804
0.668665 0.798997 0.563588
0.698448 0.798680 0.565372
0.728230 0.798364 0.567156
0.758013 0.798047 0.568940
0.787796 0.797730 0.570725
0.817578 0.797413 0.572509
0.847361 0.797096 0.574293
0.877143 0.796779 0.576077
0.906926 0.796463 0.577861
0.936709 0.796146 0.579645
0.966491 0.795829 0.581430
0.996274 0.795512 0.583214
1.000000 0.795195 0.584998
0.068076 0.835518 0.533907
0.097858 0.835201 0.535691
0.127641 0.834884 0.537475
0.157424 0.834567 0.539259
0.187206 0.834250 0.541043
0.216989 0.833934 0.542827
0.246772 0.833617 0.544612
0.276554 0.833300 0.546396
0.306337 0.832983 0.548180
0.336120 0.832666 0.549964
0.365902 0.832350 0.551748
0.395685 0.832033 0.553532
0.425468 0.831716 0.555317
0.455250 0.831399 0.557101
0.485033 0.831082 0.558885
0.514815 0.830765 0.560669
0.544598 0.830449 0.562453
0.574381 0.830132 0.564237
0.604163 0.829815 0.566022
0.633946 0.829498 0.567806
0.663729 0.829181 0.569590
0.693511 0.828865 0.571374
0.723294 0.828548 0.573158
0.753077 0.828231 0.574942
0.782859 0.827914 0.576727
0.812642 0.827597 0.578511
0.842425 0.827280 0.580295
0.872207 0.826964 0.582079
0.901990 0.826647 0.583863
0.931772 0.826330 0.585648
0.961555 0.826013 0.587432
0.991338 0.825696 0.589216
1.000000 0.825380 0.591000
0.063140 0.865702 0.539909
0.092922 0.865385 0.541693
0.122705 0.865068 0.543477
0.152487 0.864751 0.545261
0.182270 0.864435 0.547045
0.212053 0.864118 0.548829
0.241835 0.863801 0.550614
0.271618 0.863484 0.552398
0.301401 0.863167 0.554182
0.331183 0.862851 0.555966
0.360966 0.862534 0.557750
0.390749 0.862217 0.559534
0.420531 0.861900 0.561319
0.450314 0.861583 0.563103
0.480097 0.861266 0.564887
0.509879 0.860950 0.566671
0.539662 0.860633 0.568455
0.569444 0.860316 0.570240
0.599227 0.859999 0.572024
0.629010 0.859682 0.573808
0.658792 0.859366 0.575592
0.688575 0.859049 0.577376
0.718358 0.858732 0.579160
0.748140 0.858415 0.580945
0.777923 0.858098 0.582729
0.807706 0.857782 0.584513
0.837488 0.857465 0.586297
0.867271 0.857148 0.588081
0.897054 0.856831 0.589865
0.926836 0.856514 0.591650
0.956619 0.856197 0.593434
0.986401 0.855881 0.595218
1.000000 0.855564 0.597002
0.058203 0.895886 0.545911
0.087986 0.895569 0.547695
0.117769 0.895252 0.549479
0.147551 0.894936 0.551263
0.177334 0.894619 0.553047
0.207116 0.894302 0.554832
0.236899 0.893985 0.556616
0.266682 0.893668 0.558400
0.296464 0.893352 0.560184
0.326247 0.893035 0.561968
0.356030 0.892718 0.563752
0.385812 0.892401 0.565537
0.415595 0.892084 0.567321
0.445378 0.891768 0.569105
0.475160 0.891451 0.570889
0.504943 0.891134 0.572673
0.534726 0.890817 0.574457
0.564508 0.890500 0.576242
0.594291 0.890183 0.578026
0.624073 0.889867 0.579810
0.653856 0.889550 0.581594
0.683639 0.889233 0.583378
0.713421 0.888916 0.585162
0.743204 0.888599 0.586947
0.772987 0.888283 0.588731
0.802769 0.887966 0.590515
0.832552 0.887649 0.592299
0.862335 0.887332 0.594083
0.892117 0.887015 0.595867
0.921900 0.886698 0.597652
0.951683 0.886382 0.599436
0.981465 0.886065 0.601220
1.000000 0.885748 0.603004
0.053267 0.926070 0.551913
0.083050 0.925754 0.553697
0.112832 0.925437 0.555481
0.142615 0.925120 0.557265
0.172398 0.924803 0.559049
0.202180 0.924486 0.560834
0.231963 0.924169 0.562618
0.261745 0.923853 0.564402
0.291528 0.923536 0.566186
0.321311 0.923219 0.567970
0.351093 0.922902 0.569754
0.380876 0.922585 0.571539
0.410659 0.922269 0.573323
0.440441 0.921952 0.575107
0.470224 0.921635 0.576891
0.500007 0.921318 0.578675
0.529789 0.921001 0.580459
0.559572 0.920684 0.582244
0.589355 0.920368 0.584028
0.619137 0.920051 0.585812
0.648920 0.919734 0.587596
0.678702 0.919417 0.589380
0.708485 0.919100 0.591165
0.738268 0.918784 0.592949
0.768050 0.918467 0.594733
0.797833 0.918150 0.596517
0.827616 0.917833 0.598301
0.857398 0.917516 0.600085
0.887181 0.917199 0.601870
0.916964 0.916883 0.603654
0.946746 0.916566 0.605438
0.976529 0.916249 0.607222
1.000000 0.915932 0.609006
0.048331 0.956255 0.557915
0.078113 0.955938 0.559699
0.107896 0.955621 0.561483
0.137679 0.955304 0.563267
0.167461 0.954987 0.565051
0.197244 0.954670 0.566836
0.227027 0.954354 0.568620
0.256809 0.954037 0.570404
0.286592 0.953720 0.572188
0.316374 0.953403 0.573972
0.346157 0.953086 0.575757
0.375940 0.952770 0.577541
0.405722 0.952453 0.579325
0.435505 0.952136 0.581109
0.465288 0.951819 0.582893
0.495070 0.951502 0.584677
0.524853 0.951185 0.586462
0.554636 0.950869 0.588246
0.584418 0.950552 0.590030
0.614201 0.950235 0.591814
0.643984 0.949918 0.593598
0.673766 0.949601 0.595382
0.703549 0.949285 0.597167
0.733331 0.948968 0.598951
0.763114 0.948651 0.600735
0.792897 0.948334 0.602519
0.822679 0.948017 0.604303
0.852462 0.947701 0.606087
0.882245 0.947384 0.607872
0.912027 0.947067 0.609656
0.941810 0.946750 0.611440
0.971593 0.946433 0.613224
1.000000 0.946116 0.615008
0.043394 0.986439 0.563917
0.073177 0.986122 0.565701
0.102960 0.985805 0.567485
0.132742 0.985488 0.569269
0.162525 0.985171 0.571054
0.192308 0.984855 0.572838
0.222090 0.984538 0.574622
0.251873 0.984221 0.576406
0.281656 0.983904 0.578190
0.311438 0.983587 0.579974
0.341221 0.983271 0.581759
0.371003 0.982954 0.583543
0.400786 0.982637 0.585327
0.430569 0.982320 0.587111
0.460351 0.982003 0.588895
0.490134 0.981687 0.590679
0.519917 0.981370 0.592464
0.549699 0.981053 0.594248
0.579482 0.980736 0.596032
0.609265 0.980419 0.597816
0.639047 0.980102 0.599600
0.668830 0.979786 0.601384
0.698613 0.979469 0.603169
0.728395 0.979152 0.604953
0.758178 0.978835 0.606737
0.787960 0.978518 0.608521
0.817743 0.978202 0.610305
0.847526 0.977885 0.612090
0.877308 0.977568 0.613874
0.907091 0.977251 0.615658
0.936874 0.976934 0.617442
0.966656 0.976617 0.619226
0.996439 0.976301 0.621010
0.023902 0.001028 0.600070
0.056269 0.000995 0.598986
0.088636 0.000962 0.597902
0.121003 0.000928 0.596818
0.153371 0.000895 0.595734
0.185738 0.000862 0.594651
0.218105 0.000828 0.593567
0.250472 0.000795 0.592483
0.282839 0.000762 0.591399
0.315207 0.000728 0.590315
0.347574 0.000695 0.589231
0.379941 0.000662 0.588148
0.412308 0.000628 0.587064
0.444675 0.000595 0.585980
0.477042 0.000562 0.584896
0.509410 0.000528 0.583812
0.541777 0.000495 0.582728
0.574144 0.000461 0.581644
0.606511 0.000428 0.580561
0.638878 0.000395 0.579477
0.671246 0.000361 0.578393
0.703613 0.000328 0.577309
0.735980 0.000295 0.576225
0.768347 0.000261 0.575141
0.800714 0.000228 0.574058
0.833082 0.000195 0.572974
0.865449 0.000161 0.571890
0.897816 0.000128 0.570806
0.930183 0.000095 0.569722
0.962550 0.000061 0.568638
0.994918 0.000028 0.567555
1.000000 0.000000 0.566471
1.000000 0.000000 0.565387
0.027660 0.032166 0.596424
0.060027 0.032133 0.595340
0.092394 0.032100 0.594256
0.124762 0.032066 0.593172
0.157129 0.032033 0.592088
0.189496 0.031999 0.591004
0.221863 0.031966 0.589921
0.254230 0.031933 0.588837
0.286598 0.031899 0.587753
0.318965 0.031866 0.586669
0.351332 0.031833 0.585585
0.383699 0.031799 0.584501
0.416066 0.031766 0.583418
0.448434 0.031733 0.582334
0.480801 0.031699 0.581250
0.513168 0.031666 0.580166
0.545535 0.031633 0.579082
0.577902 0.031599 0.577998
0.610270 0.031566 0.576915
0.642637 0.031533 0.575831
0.675004 0.031499 0.574747
0.707371 0.031466 0.573663
0.739738 0.031433 0.572579
0.772106 0.031399 0.571495
0.804473 0.031366 0.570411
0.836840 0.031332 0.569328
0.869207 0.031299 0.568244
0.901574 0.031266 0.567160
0.933941 0.031232 0.566076
0.966309 0.031199 0.564992
0.998676 0.031166 0.563908
1.000000 0.031132 0.562825
1.000000 0.031099 0.561741
0.031418 0.063304 0.592778
0.063786 0.063271 0.591694
0.096153 0.063237 0.590610
0.128520 0.063204 0.589526
0.160887 0.063171 0.588442
0.193254 0.063137 0.587358
0.225622 0.063104 0.586275
0.257989 0.063071 0.585191
0.290356 0.063037 0.584107
0.322723 0.063004 0.583023
0.355090 0.062971 0.581939
0.387458 0.062937 0.580855
0.419825 0.062904 0.579771
0.452192 0.062870 0.578688
0.484559 0.062837 0.577604
0.516926 0.062804 0.576520
0.549293 0.062770 0.575436
0.581661 0.062737 0.574352
0.614028 0.062704 0.573268
0.646395 0.062670 0.572185
0.678762 0.062637 0.571101
0.711129 0.062604 0.570017
0.743497 0.062570 0.568933
0.775864 0.062537 0.567849
0.808231 0.062504 0.566765
0.840598 0.062470 0.565681
0.872965 0.062437 0.564598
0.905333 0.062404 0.563514
0.937700 0.062370 0.562430
0.970067 0.062337 0.561346
1.000000 0.062304 0.560262
1.000000 0.062270 0.559178
1.000000 0.062237 0.558095
0.035177 0.094442 0.589131
0.067544 0.094408 0.588048
0.099911 0.094375 0.586964
0.132278 0.094342 0.585880
0.164645 0.094308 0.584796
0.197013 0.094275 0.583712
0.229380 0.094242 0.582628
0.261747 0.094208 0.581545
0.294114 0.094175 0.580461
0.326481 0.094142 0.579377
0.358849 0.094108 0.578293
0.391216 0.094075 0.577209
0.423583 0.094042 0.576125
0.455950 0.094008 0.575041
0.488317 0.093975 0.573958
0.520685 0.093942 0.572874
0.553052 0.093908 0.571790
0.585419 0.093875 0.570706
0.617786 0.093842 0.569622
0.650153 0.093808 0.568538
0.682521 0.093775 0.567455
0.714888 0.093741 0.566371
0.747255 0.093708 0.565287
0.779622 0.093675 0.564203
0.811989 0.093641 0.563119
0.844357 0.093608 0.562035
0.876724 0.093575 0.560952
0.909091 0.093541 0.559868
0.941458 0.093508 0.558784
0.973825 0.093475 0.557700
1.000000 0.093441 0.556616
1.000000 0.093408 0.555532
1.000000 0.093375 0.554448
0.038935 0.125580 0.585485
0.071302 0.125546 0.584401
0.103669 0.125513 0.583318
0.136037 0.125480 0.582234
0.168404 0.125446 0.581150
0.200771 0.125413 0.580066
0.233138 0.125380 0.578982
0.265505 0.125346 0.577898
0.297873 0.125313 0.576815
0.330240 0.125279 0.575731
0.362607 0.125246 0.574647
0.394974 0.125213 0.573563
0.427341 0.125179 0.572479
0.459709 0.125146 0.571395
0.492076 0.125113 0.570312
0.524443 0.125079 0.569228
0.556810 0.125046 0.568144
0.589177 0.125013 0.567060
0.621544 0.124979 0.565976
0.653912 0.124946 0.564892
0.686279 0.124913 0.563808
0.718646 0.124879 0.562725
0.751013 0.124846 0.561641
0.783380 0.124813 0.560557
0.815748 0.124779 0.559473
0.848115 0.124746 0.558389
0.880482 0.124713 0.557305
0.912849 0.124679 0.556222
0.945216 0.124646 0.555138
0.977584 0.124613 0.554054
1.000000 0.124579 0.552970
1.000000 0.124546 0.551886
1.000000 0.124512 0.550802
0.042693 0.156717 0.581839
0.075061 0.156684 0.580755
0.107428 0.156651 0.579672
0.139795 0.156617 0.578588
0.172162 0.156584 0.577504
0.204529 0.156551 0.576420
0.236896 0.156517 0.575336
0.269264 0.156484 0.574252
0.301631 0.156451 0.573168
0.333998 0.156417 0.572085
0.366365 0.156384 0.571001
0.398732 0.156351 0.569917
0.431100 0.156317 0.568833
0.463467 0.156284 0.567749
0.495834 0.156251 0.566665
0.528201 0.156217 0.565582
0.560568 0.156184 0.564498
0.592936 0.156151 0.563414
0.625303 0.156117 0.562330
0.657670 0.156084 0.561246
0.690037 0.156050 0.560162
0.722404 0.156017 0.559079
0.754772 0.155984 0.557995
0.787139 0.155950 0.556911
0.819506 0.155917 0.555827
0.851873 0.155884 0.554743
0.884240 0.155850 0.553659
0.916608 0.155817 0.552575
0.948975 0.155784 0.551492
0.981342 0.155750 0.550408
1.000000 0.155717 0.549324
1.000000 0.155684 0.548240
1.000000 0.155650 0.547156
0.046452 0.187855 0.578193
0.078819 0.187822 0.577109
0.111186 0.187789 0.576025
0.143553 0.187755 0.574942
0.175920 0.187722 0.573858
0.208288 0.187689 0.572774
0.240655 0.187655 0.571690
0.273022 0.187622 0.570606
0.305389 0.187588 0.569522
0.337756 0.187555 0.568439
0.370124 0.187522 0.567355
0.402491 0.187488 0.566271
0.434858 0.187455 0.565187
0.467225 0.187422 0.564103
0.499592 0.187388 0.563019
0.531960 0.187355 0.561935
0.564327 0.187322 0.560852
0.596694 0.187288 0.559768
0.629061 0.187255 0.558684
0.661428 0.187222 0.557600
0.693795 0.187188 0.556516
0.726163 0.187155 0.555432
0.758530 0.187122 0.554349
0.790897 0.187088 0.553265
0.823264 0.187055 0.552181
0.855631 0.187022 0.551097
0.887999 0.186988 0.550013
0.920366 0.186955 0.548929
0.952733 0.186921 0.547845
0.985100 0.186888 0.546762
1.000000 0.186855 0.545678
1.000000 0.186821 0.544594
1.000000 0.186788 0.543510
0.050210 0.218993 0.574547
0.082577 0.218960 0.573463
0.114944 0.218926 0.572379
0.147312 0.218893 0.571295
0.179679 0.218860 0.570212
0.212046 0.218826 0.569128
0.244413 0.218793 0.568044
0.276780 0.218760 0.566960
0.309147 0.218726 0.565876
0.341515 0.218693 0.564792
0.373882 0.218660 0.563709
0.406249 0.218626 0.562625
0.438616 0.218593 0.561541
0.470983 0.218560 0.560457
0.503351 0.218526 0.559373
0.535718 0.218493 0.558289
0.568085 0.218459 0.557205
0.600452 0.218426 0.556122
0.632819 0.218393 0.555038
0.665187 0.218359 0.553954
0.697554 0.218326 0.552870
0.729921 0.218293 0.551786
0.762288 0.218259 0.550702
0.794655 0.218226 0.549619
0.827023 0.218193 0.548535
0.859390 0.218159 0.547451
0.891757 0.218126 0.546367
0.924124 0.218093 0.545283
0.956491 0.218059 0.544199
0.988859 0.218026 0.543116
1.000000 0.217993 0.542032
1.000000 0.217959 0.540948
1.000000 0.217926 0.539864
0.053968 0.250131 0.570901
0.086335 0.250098 0.569817
0.118703 0.250064 0.568733
0.151070 0.250031 0.567649
0.183437 0.249997 0.566565
0.215804 0.249964 0.565482
0.248171 0.249931 0.564398
0.280539 0.249897 0.563314
0.312906 0.249864 0.562230
0.345273 0.249831 0.561146
0.377640 0.249797 0.560062
0.410007 0.249764 0.558979
0.442375 0.249731 0.557895
0.474742 0.249697 0.556811
0.507109 0.249664 0.555727
0.539476 0.249631 0.554643
0.571843 0.249597 0.553559
0.604211 0.249564 0.552476
0.636578 0.249531 0.551392
0.668945 0.249497 0.550308
0.701312 0.249464 0.549224
0.733679 0.249431 0.548140
0.766046 0.249397 0.547056
0.798414 0.249364 0.545972
0.830781 0.249331 0.544889
0.863148 0.249297 0.543805
0.895515 0.249264 0.542721
0.927882 0.249230 0.541637
0.960250 0.249197 0.540553
0.992617 0.249164 0.539469
1.000000 0.249130 0.538386
1.000000 0.249097 0.537302
1.000000 0.249064 0.536218
0.057727 0.281269 0.567255
0.090094 0.281235 0.566171
0.122461 0.281202 0.565087
0.154828 0.281169 0.564003
0.187195 0.281135 0.562919
0.219563 0.281102 0.561836
0.251930 0.281069 0.560752
0.284297 0.281035 0.559668
0.316664 0.281002 0.558584
0.349031 0.280969 0.557500
0.381398 0.280935 0.556416
0.413766 0.280902 0.555332
0.446133 0.280869 0.554249
0.478500 0.280835 0.553165
0.510867 0.280802 0.552081
0.543234 0.280768 0.550997
0.575602 0.280735 0.549913
0.607969 0.280702 0.548829
0.640336 0.280668 0.547746
0.672703 0.280635 0.546662
0.705070 0.280602 0.545578
0.737438 0.280568 0.544494
0.769805 0.280535 0.543410
0.802172 0.280502 0.542326
0.834539 0.280468 0.541243
0.866906 0.280435 0.540159
0.899274 0.280402 0.539075
0.931641 0.280368 0.537991
0.964008 0.280335 0.536907
0.996375 0.280302 0.535823
1.000000 0.280268 0.534739
1.000000 0.280235 0.533656
1.000000 0.280202 0.532572
0.061485 0.312407 0.563609
0.093852 0.312373 0.562525
0.126219 0.312340 0.561441
0.158586 0.312306 0.560357
0.190954 0.312273 0.559273
0.223321 0.312240 0.558189
0.255688 0.312206 0.557106
0.288055 0.312173 0.556022
0.320422 0.312140 0.554938
0.352790 0.312106 0.553854
0.385157 0.312073 0.552770
0.417524 0.312040 0.551686
0.449891 0.312006 0.550603
0.482258 0.311973 0.549519
0.514626 0.311940 0.548435
0.546993 0.311906 0.547351
0.579360 0.311873 0.546267
0.611727 0.311840 0.545183
0.644094 0.311806 0.544099
0.676462 0.311773 0.543016
0.708829 0.311740 0.541932
0.741196 0.311706 0.540848
0.773563 0.311673 0.539764
0.805930 0.311639 0.538680
0.838297 0.311606 0.537596
0.870665 0.311573 0.536513
0.903032 0.311539 0.535429
0.935399 0.311506 0.534345
0.967766 0.311473 0.533261
1.000000 0.311439 0.532177
1.000000 0.311406 0.531093
1.000000 0.311373 0.530009
1.000000 0.311339 0.528926
0.065243 0.343544 0.559963
0.097610 0.343511 0.558879
0.129978 0.343478 0.557795
0.162345 0.343444 0.556711
0.194712 0.343411 0.555627
0.227079 0.343378 0.554543
0.259446 0.343344 0.553459
0.291814 0.343311 0.552376
0.324181 0.343278 0.551292
0.356548 0.343244 0.550208
0.388915 0.343211 0.549124
0.421282 0.343177 0.548040
0.453649 0.343144 0.546956
0.486017 0.343111 0.545873
0.518384 0.343077 0.544789
0.550751 0.343044 0.543705
0.583118 0.343011 0.542621
0.615485 0.342977 0.541537
0.647853 0.342944 0.540453
0.680220 0.342911 0.539369
0.712587 0.342877 0.538286
0.744954 0.342844 0.537202
0.777321 0.342811 0.536118
0.809689 0.342777 0.535034
0.842056 0.342744 0.533950
0.874423 0.342711 0.532866
0.906790 0.342677 0.531783
0.939157 0.342644 0.530699
0.971525 0.342611 0.529615
1.000000 0.342577 0.528531
1.000000 0.342544 0.527447
1.000000 0.342511 0.526363
1.000000 0.342325 0.526823
0.069001 0.374682 0.556316
0.101369 0.374649 0.555233
0.133736 0.374615 0.554149
0.166103 0.374582 0.553065
0.198470 0.374549 0.551981
0.230837 0.374515 0.550897
0.263205 0.374482 0.549813
0.295572 0.374449 0.548729
0.327939 0.374415 0.547646
0.360306 0.374382 0.546562
0.392673 0.374349 0.545478
0.425041 0.374315 0.544394
0.457408 0.374282 0.543310
0.489775 0.374249 0.542226
0.522142 0.374215 0.541143
0.554509 0.374182 0.540059
0.586877 0.374149 0.538975
0.619244 0.374115 0.537891
0.651611 0.374082 0.536807
0.683978 0.374049 0.535723
0.716345 0.374015 0.534640
0.748713 0.373982 0.533556
0.781080 0.373948 0.532472
0.813447 0.373915 0.531388
0.845814 0.373882 0.530304
0.878181 0.373848 0.529220
0.910548 0.373815 0.528136
0.942916 0.373782 0.527053
0.975283 0.373748 0.525969
1.000000 0.373459 0.527472
1.000000 0.373142 0.529257
1.000000 0.372826 0.531041
1.000000 0.372509 0.532825
0.072760 0.405820 0.552670
0.105127 0.405787 0.551586
0.137494 0.405753 0.550503
0.169861 0.405720 0.549419
0.202229 0.405687 0.548335
0.234596 0.405653 0.547251
0.266963 0.405620 0.546167
0.299330 0.405587 0.545083
0.331697 0.405553 0.544000
0.364065 0.405520 0.542916
0.396432 0.405486 0.541832
0.428799 0.405453 0.540748
0.461166 0.405420 0.539664
0.493533 0.405386 0.538580
0.525900 0.405353 0.537496
0.558268 0.405320 0.536413
0.590635 0.405286 0.535329
0.623002 0.405253 0.534245
0.655369 0.405220 0.533161
0.687736 0.405186 0.532077
0.720104 0.405153 0.530993
0.752471 0.405120 0.529910
0.784838 0.405086 0.528826
0.817205 0.405053 0.527742
0.849572 0.405020 0.526658
0.881252 0.404911 0.526338
0.911034 0.404594 0.528122
0.940817 0.404277 0.529906
0.970599 0.403960 0.531690
1.000000 0.403643 0.533474
1.000000 0.403327 0.535259
1.000000 0.403010 0.537043
1.000000 0.402693 0.538827
0.076518 0.436958 0.549024
0.108885 0.436924 0.547940
0.141252 0.436891 0.546856
0.173620 0.436858 0.545773
0.205987 0.436824 0.544689
0.238354 0.436791 0.543605
0.270721 0.436758 0.542521
0.303088 0.436724 0.541437
0.335456 0.436691 0.540353
0.367823 0.436658 0.539270
0.400190 0.436624 0.538186
0.432557 0.436591 0.537102
0.464924 0.436558 0.536018
0.497292 0.436524 0.534934
0.529659 0.436491 0.533850
0.562026 0.436458 0.532767
0.594393 0.436424 0.531683
0.626760 0.436391 0.530599
0.659128 0.436357 0.529515
0.691495 0.436324 0.528431
0.723862 0.436291 0.527347
0.756229 0.436257 0.526263
0.786967 0.436045 0.526987
0.816750 0.435729 0.528771
0.846533 0.435412 0.530556
0.876315 0.435095 0.532340
0.906098 0.434778 0.534124
0.935881 0.434461 0.535908
0.965663 0.434145 0.537692
0.995446 0.433828 0.539477
1.000000 0.433511 0.541261
1.000000 0.433194 0.543045
1.000000 0.432877 0.544829
0.080276 0.468096 0.545378
0.112644 0.468062 0.544294
0.145011 0.468029 0.543210
0.177378 0.467996 0.542127
0.209745 0.467962 0.541043
0.242112 0.467929 0.539959
0.274480 0.467895 0.538875
0.306847 0.467862 0.537791
0.339214 0.467829 0.536707
0.371581 0.467795 0.535623
0.403948 0.467762 0.534540
0.436316 0.467729 0.533456
0.468683 0.467695 0.532372
0.501050 0.467662 0.531288
0.533417 0.467629 0.530204
0.565784 0.467595 0.529120
0.598151 0.467562 0.528037
0.630519 0.467529 0.526953
0.662886 0.467495 0.525869
0.692683 0.467180 0.527637
0.722466 0.466863 0.529421
0.752248 0.466546 0.531205
0.782031 0.466230 0.532989
0.811814 0.465913 0.534774
0.841596 0.465596 0.536558
0.871379 0.465279 0.538342
0.901162 0.464962 0.540126
0.930944 0.464646 0.541910
0.960727 0.464329 0.543694
0.990510 0.464012 0.545479
1.000000 0.463695 0.547263
1.000000 0.463378 0.549047
1.000000 0.463061 0.550831
0.084035 0.499233 0.541732
0.116402 0.499200 0.540648
0.148769 0.499167 0.539564
0.181136 0.499133 0.538480
0.213503 0.499100 0.537397
0.245871 0.499067 0.536313
0.278238 0.499033 0.535229
0.310605 0.499000 0.534145
0.342972 0.498967 0.533061
0.375339 0.498933 0.531977
0.407707 0.498900 0.530893
0.440074 0.498867 0.529810
0.472441 0.498833 0.528726
0.504808 0.498800 0.527642
0.537175 0.498766 0.526558
0.568616 0.498632 0.526502
0.598399 0.498315 0.528286
0.628182 0.497998 0.530071
0.657964 0.497681 0.531855
0.687747 0.497364 0.533639
0.717529 0.497047 0.535423
0.747312 0.496731 0.537207
0.777095 0.496414 0.538991
0.806877 0.496097 0.540776
0.836660 0.495780 0.542560
0.866443 0.495463 0.544344
0.896225 0.495147 0.546128
0.926008 0.494830 0.547912
0.955791 0.494513 0.549696
0.985573 0.494196 0.551481
1.000000 0.493879 0.553265
1.000000 0.493562 0.555049
1.000000 0.493246 0.556833
0.087793 0.530371 0.538086
0.120160 0.530338 0.537002
0.152527 0.530304 0.535918
0.184895 0.530271 0.534834
0.217262 0.530238 0.533750
0.249629 0.530204 0.532667
0.281996 0.530171 0.531583
0.314363 0.530138 0.530499
0.346731 0.530104 0.529415
0.379098 0.530071 0.528331
0.411465 0.530038 0.527247
0.443832 0.530004 0.526164
0.474332 0.529766 0.527152
0.504115 0.529449 0.528936
0.533897 0.529133 0.530720
0.563680 0.528816 0.532504
0.593463 0.528499 0.534288
0.623245 0.528182 0.536073
0.653028 0.527865 0.537857
0.682811 0.527548 0.539641
0.712593 0.527232 0.541425
0.742376 0.526915 0.543209
0.772158 0.526598 0.544994
0.801941 0.526281 0.546778
0.831724 0.525964 0.548562
0.861506 0.525648 0.550346
0.891289 0.525331 0.552130
0.921072 0.525014 0.553914
0.950854 0.524697 0.555699
0.980637 0.524380 0.557483
1.000000 0.524064 0.559267
1.000000 0.523747 0.561051
1.000000 0.523430 0.562835
0.091551 0.561509 0.534440
0.123919 0.561476 0.533356
0.156286 0.561442 0.532272
0.188653 0.561409 0.531188
0.221020 0.561376 0.530104
0.253387 0.561342 0.529020
0.285754 0.561309 0.527937
0.318122 0.561276 0.526853
0.350265 0.561218 0.526017
0.380048 0.560901 0.527801
0.409830 0.560584 0.529586
0.439613 0.560267 0.531370
0.469396 0.559950 0.533154
0.499178 0.559634 0.534938
0.528961 0.559317 0.536722
0.558744 0.559000 0.538506
0.588526 0.558683 0.540291
0.618309 0.558366 0.542075
0.648092 0.558050 0.543859
0.677874 0.557733 0.545643
0.707657 0.557416 0.547427
0.737440 0.557099 0.549211
0.767222 0.556782 0.550996
0.797005 0.556465 0.552780
0.826787 0.556149 0.554564
0.856570 0.555832 0.556348
0.886353 0.555515 0.558132
0.916135 0.555198 0.559916
0.945918 0.554881 0.561701
0.975701 0.554565 0.563485
1.000000 0.554248 0.565269
1.000000 0.553931 0.567053
1.000000 0.553614 0.568837
0.095310 0.592647 0.530794
0.127677 0.592613 0.529710
0.160044 0.592580 0.528626
0.192411 0.592547 0.527542
0.224778 0.592513 0.526458
0.255981 0.592352 0.526667
0.285764 0.592036 0.528451
0.315546 0.591719 0.530235
0.345329 0.591402 0.532019
0.375112 0.591085 0.533803
0.404894 0.590768 0.535588
0.434677 0.590451 0.537372
0.464459 0.590135 0.539156
0.494242 0.589818 0.540940
0.524025 0.589501 0.542724
0.553807 0.589184 0.544508
0.583590 0.588867 0.546293
0.613373 0.588551 0.548077
0.643155 0.588234 0.549861
0.672938 0.587917 0.551645
0.702721 0.587600 0.553429
0.732503 0.587283 0.555213
0.762286 0.586966 0.556998
0.792069 0.586650 0.558782
0.821851 0.586333 0.560566
0.851634 0.586016 0.562350
0.881416 0.585699 0.564134
0.911199 0.585382 0.565919
0.940982 0.585066 0.567703
0.970764 0.584749 0.569487
1.000000 0.584432 0.571271
1.000000 0.584115 0.573055
1.000000 0.583798 0.574839
0.099068 0.623785 0.527147
0.131435 0.623751 0.526064
0.161697 0.623487 0.527316
0.191479 0.623170 0.529100
0.221262 0.622853 0.530885
0.251045 0.622537 0.532669
0.280827 0.622220 0.534453
0.310610 0.621903 0.536237
0.340393 0.621586 0.538021
0.370175 0.621269 0.539805
0.399958 0.620952 0.541590
0.429741 0.620636 0.543374
0.459523 0.620319 0.545158
0.489306 0.620002 0.546942
0.519088 0.619685 0.548726
0.548871 0.619368 0.550511
0.578654 0.619052 0.552295
0.608436 0.618735 0.554079
0.638219 0.618418 0.555863
0.668002 0.618101 0.557647
0.697784 0.617784 0.559431
0.727567 0.617467 0.561216
0.757350 0.617151 0.563000
0.787132 0.616834 0.564784
0.816915 0.616517 0.566568
0.846698 0.616200 0.568352
0.876480 0.615883 0.570136
0.906263 0.615567 0.571921
0.936045 0.615250 0.573705
0.965828 0.614933 0.575489
0.995611 0.614616 0.577273
1.000000 0.614299 0.579057
1.000000 0.613983 0.580841
0.097195 0.654305 0.529750
0.126978 0.653988 0.531534
0.156760 0.653671 0.533318
0.186543 0.653354 0.535103
0.216326 0.653038 0.536887
0.246108 0.652721 0.538671
0.275891 0.652404 0.540455
0.305674 0.652087 0.542239
0.335456 0.651770 0.544023
0.365239 0.651453 0.545808
0.395022 0.651137 0.547592
0.424804 0.650820 0.549376
0.454587 0.650503 0.551160
0.484370 0.650186 0.552944
0.514152 0.649869 0.554728
0.543935 0.649553 0.556513
0.573717 0.649236 0.558297
0.603500 0.648919 0.560081
0.633283 0.648602 0.561865
0.663065 0.648285 0.563649
0.692848 0.647969 0.565433
0.722631 0.647652 0.567218
0.752413 0.647335 0.569002
0.782196 0.647018 0.570786
0.811979 0.646701 0.572570
0.841761 0.646384 0.574354
0.871544 0.646068 0.576138
0.901327 0.645751 0.577923
0.931109 0.645434 0.579707
0.960892 0.645117 0.581491
0.990674 0.644800 0.583275
1.000000 0.644484 0.585059
1.000000 0.644167 0.586844
0.092259 0.684489 0.535752
0.122042 0.684172 0.537536
0.151824 0.683855 0.539320
0.181607 0.683539 0.541105
0.211389 0.683222 0.542889
0.241172 0.682905 0.544673
0.270955 0.682588 0.546457
0.300737 0.682271 0.548241
0.330520 0.681955 0.550025
0.360303 0.681638 0.551810
0.390085 0.681321 0.553594
0.419868 0.681004 0.555378
0.449651 0.680687 0.557162
0.479433 0.680370 0.558946
0.509216 0.680054 0.560730
0.538999 0.679737 0.562515
0.568781 0.679420 0.564299
0.598564 0.679103 0.566083
0.628346 0.678786 0.567867
0.658129 0.678470 0.569651
0.687912 0.678153 0.571436
0.717694 0.677836 0.573220
0.747477 0.677519 0.575004
0.777260 0.677202 0.576788
0.807042 0.676885 0.578572
0.836825 0.676569 0.580356
0.866608 0.676252 0.582141
0.896390 0.675935 0.583925
0.926173 0.675618 0.585709
0.955956 0.675301 0.587493
0.985738 0.674985 0.589277
1.000000 0.674668 0.591061
1.000000 0.674351 0.592846
0.087323 0.714673 0.541754
0.117105 0.714356 0.543538
0.146888 0.714040 0.545322
0.176671 0.713723 0.547107
0.206453 0.713406 0.548891
0.236236 0.713089 0.550675
0.266018 0.712772 0.552459
0.295801 0.712456 0.554243
0.325584 0.712139 0.556028
0.355366 0.711822 0.557812
0.385149 0.711505 0.559596
0.414932 0.711188 0.561380
0.444714 0.710871 0.563164
0.474497 0.710555 0.564948
0.504280 0.710238 0.566733
0.534062 0.709921 0.568517
0.563845 0.709604 0.570301
0.593628 0.709287 0.572085
0.623410 0.708971 0.573869
0.653193 0.708654 0.575653
0.682975 0.708337 0.577438
0.712758 0.708020 0.579222
0.742541 0.707703 0.581006
0.772323 0.707387 0.582790
0.802106 0.707070 0.584574
0.831889 0.706753 0.586358
0.861671 0.706436 0.588143
0.891454 0.706119 0.589927
0.921237 0.705802 0.591711
0.951019 0.705486 0.593495
0.980802 0.705169 0.595279
1.000000 0.704852 0.597063
1.000000 0.704535 0.598848
0.082386 0.744857 0.547756
0.112169 0.744541 0.549540
0.141952 0.744224 0.551325
0.171734 0.743907 0.553109
0.201517 0.743590 0.554893
0.231300 0.743273 0.556677
0.261082 0.742957 0.558461
0.290865 0.742640 0.560245
0.320647 0.742323 0.562030
0.350430 0.742006 0.563814
0.380213 0.741689 0.565598
0.409995 0.741373 0.567382
0.439778 0.741056 0.569166
0.469561 0.740739 0.570950
0.499343 0.740422 0.572735
0.529126 0.740105 0.574519
0.558909 0.739788 0.576303
0.588691 0.739472 0.578087
0.618474 0.739155 0.579871
0.648257 0.738838 0.581655
0.678039 0.738521 0.583440
0.707822 0.738204 0.585224
0.737604 0.737888 0.587008
0.767387 0.737571 0.588792
0.797170 0.737254 0.590576
0.826952 0.736937 0.592361
0.856735 0.736620 0.594145
0.886518 0.736303 0.595929
0.916300 0.735987 0.597713
0.946083 0.735670 0.599497
0.975866 0.735353 0.601281
1.000000 0.735036 0.603066
1.000000 0.734719 0.604850
0.077450 0.775042 0.553758
0.107233 0.774725 0.555542
0.137015 0.774408 0.557327
0.166798 0.774091 0.559111
0.196581 0.773774 0.560895
0.226363 0.773458 0.562679
0.256146 0.773141 0.564463
0.285929 0.772824 0.566247
0.315711 0.772507 0.568032
0.345494 0.772190 0.569816
0.375276 0.771874 0.571600
0.405059 0.771557 0.573384
0.434842 0.771240 0.575168
0.464624 0.770923 0.576953
0.494407 0.770606 0.578737
0.524190 0.770289 0.580521
0.553972 0.769973 0.582305
0.583755 0.769656 0.584089
0.613538 0.769339 0.585873
0.643320 0.769022 0.587658
0.673103 0.768705 0.589442
0.702886 0.768389 0.591226
0.732668 0.768072 0.593010
0.762451 0.767755 0.594794
0.792233 0.767438 0.596578
0.822016 0.767121 0.598363
0.851799 0.766804 0.600147
0.881581 0.766488 0.601931
0.911364 0.766171 0.603715
0.941147 0.765854 0.605499
0.970929 0.765537 0.607283
1.000000 0.765220 0.609068
1.000000 0.764904 0.610852
0.072514 0.805226 0.559760
0.102296 0.804909 0.561545
0.132079 0.804592 0.563329
0.161862 0.804275 0.565113
0.191644 0.803959 0.566897
0.221427 0.803642 0.568681
0.251210 0.803325 0.570465
0.280992 0.803008 0.572250
0.310775 0.802691 0.574034
0.340558 0.802375 0.575818
0.370340 0.802058 0.577602
0.400123 0.801741 0.579386
0.429905 0.801424 0.581170
0.459688 0.801107 0.582955
0.489471 0.800790 0.584739
0.519253 0.800474 0.586523
0.549036 0.800157 0.588307
0.578819 0.799840 0.590091
0.608601 0.799523 0.591875
0.638384 0.799206 0.593660
0.668167 0.798890 0.595444
0.697949 0.798573 0.597228
0.727732 0.798256 0.599012
0.757515 0.797939 0.600796
0.787297 0.797622 0.602580
0.817080 0.797306 0.604365
0.846862 0.796989 0.606149
0.876645 0.796672 0.607933
0.906428 0.796355 0.609717
0.936210 0.796038 0.611501
0.965993 0.795721 0.613286
0.995776 0.795405 0.615070
1.000000 0.795088 0.616854
0.067577 0.835410 0.565762
0.097360 0.835093 0.567547
0.127143 0.834776 0.569331
0.156925 0.834460 0.571115
0.186708 0.834143 0.572899
0.216491 0.833826 0.574683
0.246273 0.833509 0.576467
0.276056 0.833192 0.578252
0.305839 0.832876 0.580036
0.335621 0.832559 0.581820
0.365404 0.832242 0.583604
0.395187 0.831925 0.585388
0.424969 0.831608 0.587172
0.454752 0.831292 0.588957
0.484534 0.830975 0.590741
0.514317 0.830658 0.592525
0.544100 0.830341 0.594309
0.573882 0.830024 0.596093
0.603665 0.829707 0.597878
0.633448 0.829391 0.599662
0.663230 0.829074 0.601446
0.693013 0.828757 0.603230
0.722796 0.828440 0.605014
0.752578 0.828123 0.606798
0.782361 0.827807 0.608583
0.812144 0.827490 0.610367
0.841926 0.827173 0.612151
0.871709 0.826856 0.613935
0.901491 0.826539 0.615719
0.931274 0.826222 0.617503
0.961057 0.825906 0.619288
0.990839 0.825589 0.621072
1.000000 0.825272 0.622856
0.062641 0.865594 0.571764
0.092424 0.865278 0.573549
0.122206 0.864961 0.575333
0.151989 0.864644 0.577117
0.181772 0.864327 0.578901
0.211554 0.864010 0.580685
0.241337 0.863693 0.582470
0.271120 0.863377 0.584254
0.300902 0.863060 0.586038
0.330685 0.862743 0.587822
0.360468 0.862426 0.589606
0.390250 0.862109 0.591390
0.420033 0.861793 0.593175
0.449816 0.861476 0.594959
0.479598 0.861159 0.596743
0.509381 0.860842 0.598527
0.539163 0.860525 0.600311
0.568946 0.860208 0.602095
0.598729 0.859892 0.603880
0.628511 0.859575 0.605664
0.658294 0.859258 0.607448
0.688077 0.858941 0.609232
0.717859 0.858624 0.611016
0.747642 0.858308 0.612800
0.777425 0.857991 0.614585
0.807207 0.857674 0.616369
0.836990 0.857357 0.618153
0.866773 0.857040 0.619937
0.896555 0.856723 0.621721
0.926338 0.856407 0.623505
0.956120 0.856090 0.625290
0.985903 0.855773 0.627074
1.000000 0.855456 0.628858
0.057705 0.895779 0.577767
0.087488 0.895462 0.579551
0.117270 0.895145 0.581335
0.147053 0.894828 0.583119
0.176835 0.894511 0.584903
0.206618 0.894194 0.586687
0.236401 0.893878 0.588472
0.266183 0.893561 0.590256
0.295966 0.893244 0.592040
0.325749 0.892927 0.593824
0.355531 0.892610 0.595608
0.385314 0.892294 0.597392
0.415097 0.891977 0.599177
0.444879 0.891660 0.600961
0.474662 0.891343 0.602745
0.504445 0.891026 0.604529
0.534227 0.890709 0.606313
0.564010 0.890393 0.608097
0.593792 0.890076 0.609882
0.623575 0.889759 0.611666
0.653358 0.889442 0.613450
0.683140 0.889125 0.615234
0.712923 0.888809 0.617018
0.742706 0.888492 0.618803
0.772488 0.888175 0.620587
0.802271 0.887858 0.622371
0.832054 0.887541 0.624155
0.861836 0.887225 0.625939
0.891619 0.886908 0.627723
0.921402 0.886591 0.629508
0.951184 0.886274 0.631292
0.980967 0.885957 0.633076
1.000000 0.885640 0.634860
0.052769 0.925963 0.583769
0.082551 0.925646 0.585553
0.112334 0.925329 0.587337
0.142117 0.925012 0.589121
0.171899 0.924695 0.590905
0.201682 0.924379 0.592689
0.231464 0.924062 0.594474
0.261247 0.923745 0.596258
0.291030 0.923428 0.598042
0.320812 0.923111 0.599826
0.350595 0.922795 0.601610
0.380378 0.922478 0.603395
0.410160 0.922161 0.605179
0.439943 0.921844 0.606963
0.469726 0.921527 0.608747
0.499508 0.921211 0.610531
0.529291 0.920894 0.612315
0.559074 0.920577 0.614100
0.588856 0.920260 0.615884
0.618639 0.919943 0.617668
0.648421 0.919626 0.619452
0.678204 0.919310 0.621236
0.707987 0.918993 0.623020
0.737769 0.918676 0.624805
0.767552 0.918359 0.626589
0.797335 0.918042 0.628373
0.827117 0.917726 0.630157
0.856900 0.917409 0.631941
0.886683 0.917092 0.633725
0.916465 0.916775 0.635510
0.946248 0.916458 0.637294
0.976031 0.916141 0.639078
1.000000 0.915825 0.640862
0.047832 0.956147 0.589771
0.077615 0.955830 0.591555
0.107398 0.955513 0.593339
0.137180 0.955197 0.595123
0.166963 0.954880 0.596907
0.196746 0.954563 0.598692
0.226528 0.954246 0.600476
0.256311 0.953929 0.602260
0.286093 0.953612 0.604044
0.315876 0.953296 0.605828
0.345659 0.952979 0.607612
0.375441 0.952662 0.609397
0.405224 0.952345 0.611181
0.435007 0.952028 0.612965
0.464789 0.951712 0.614749
0.494572 0.951395 0.616533
0.524355 0.951078 0.618317
0.554137 0.950761 0.620102
0.583920 0.950444 0.621886
0.613703 0.950127 0.623670
0.643485 0.949811 0.625454
0.673268 0.949494 0.627238
0.703050 0.949177 0.629022
0.732833 0.948860 0.630807
0.762616 0.948543 0.632591
0.792398 0.948227 0.634375
0.822181 0.947910 0.636159
0.851964 0.947593 0.637943
0.881746 0.947276 0.639728
0.911529 0.946959 0.641512
0.941312 0.946642 0.643296
0.971094 0.946326 0.645080
1.000000 0.946009 0.646864
0.042896 0.986331 0.595773
0.072679 0.986014 0.597557
0.102461 0.985698 0.599341
0.132244 0.985381 0.601125
0.162027 0.985064 0.602909
0.191809 0.984747 0.604694
0.221592 0.984430 0.606478
0.251375 0.984113 0.608262
0.281157 0.983797 0.610046
0.310940 0.983480 0.611830
0.340722 0.983163 0.613614
0.370505 0.982846 0.615399
0.400288 0.982529 0.617183
0.430070 0.982213 0.618967
0.459853 0.981896 0.620751
0.489636 0.981579 0.622535
0.519418 0.981262 0.624320
0.549201 0.980945 0.626104
0.578984 0.980628 0.627888
0.608766 0.980312 0.629672
0.638549 0.979995 0.631456
0.668332 0.979678 0.633240
0.698114 0.979361 0.635025
0.727897 0.979044 0.636809
0.757679 0.978728 0.638593
0.787462 0.978411 0.640377
0.817245 0.978094 0.642161
0.847027 0.977777 0.643945
0.876810 0.977460 0.645730
0.906593 0.977144 0.647514
0.936375 0.976827 0.649298
0.966158 0.976510 0.651082
0.995941 0.976193 0.652866
0.024281 0.001017 0.630952
0.056648 0.000984 0.629868
0.089016 0.000950 0.628784
0.121383 0.000917 0.627700
0.153750 0.000884 0.626616
0.186117 0.000850 0.625533
0.218484 0.000817 0.624449
0.250852 0.000784 0.623365
0.283219 0.000750 0.622281
0.315586 0.000717 0.621197
0.347953 0.000684 0.620113
0.380320 0.000650 0.619029
0.412688 0.000617 0.617946
0.445055 0.000584 0.616862
0.477422 0.000550 0.615778
0.509789 0.000517 0.614694
0.542156 0.000483 0.613610
0.574523 0.000450 0.612526
0.606891 0.000417 0.611443
0.639258 0.000383 0.610359
0.671625 0.000350 0.609275
0.703992 0.000317 0.608191
0.736359 0.000283 0.607107
0.768727 0.000250 0.606023
0.801094 0.000217 0.604939
0.833461 0.000183 0.603856
0.865828 0.000150 0.602772
0.898195 0.000117 0.601688
0.930563 0.000083 0.600604
0.962930 0.000050 0.599520
0.995297 0.000017 0.598436
1.000000 0.000000 0.597353
1.000000 0.000000 0.596269
0.028040 0.032155 0.627306
0.060407 0.032122 0.626222
0.092774 0.032088 0.625138
0.125141 0.032055 0.624054
0.157508 0.032021 0.622970
0.189875 0.031988 0.621886
0.222243 0.031955 0.620803
0.254610 0.031921 0.619719
0.286977 0.031888 0.618635
0.319344 0.031855 0.617551
0.351711 0.031821 0.616467
0.384079 0.031788 0.615383
0.416446 0.031755 0.614299
0.448813 0.031721 0.613216
0.481180 0.031688 0.612132
0.513547 0.031655 0.611048
0.545915 0.031621 0.609964
0.578282 0.031588 0.608880
0.610649 0.031555 0.607796
0.643016 0.031521 0.606713
0.675383 0.031488 0.605629
0.707751 0.031455 0.604545
0.740118 0.031421 0.603461
0.772485 0.031388 0.602377
0.804852 0.031355 0.601293
0.837219 0.031321 0.600210
0.869587 0.031288 0.599126
0.901954 0.031254 0.598042
0.934321 0.031221 0.596958
0.966688 0.031188 0.595874
0.999055 0.031154 0.594790
1.000000 0.031121 0.593706
1.000000 0.031088 0.592623
0.031798 0.063293 0.623659
0.064165 0.063259 0.622576
0.096532 0.063226 0.621492
0.128899 0.063193 0.620408
0.161267 0.063159 0.619324
0.193634 0.063126 0.618240
0.226001 0.063093 0.617156
0.258368 0.063059 0.616073
0.290735 0.063026 0.614989
0.323103 0.062993 0.613905
0.355470 0.062959 0.612821
0.387837 0.062926 0.611737
0.420204 0.062893 0.610653
0.452571 0.062859 0.609570
0.484939 0.062826 0.608486
0.517306 0.062792 0.607402
0.549673 0.062759 0.606318
0.582040 0.062726 0.605234
0.614407 0.062692 0.604150
0.646774 0.062659 0.603066
0.679142 0.062626 0.601983
0.711509 0.062592 0.600899
0.743876 0.062559 0.599815
0.776243 0.062526 0.598731
0.808610 0.062492 0.597647
0.840978 0.062459 0.596563
0.873345 0.062426 0.595480
0.905712 0.062392 0.594396
0.938079 0.062359 0.593312
0.970446 0.062326 0.592228
1.000000 0.062292 0.591144
1.000000 0.062259 0.590060
1.000000 0.062226 0.588977
0.035556 0.094431 0.620013
0.067923 0.094397 0.618930
0.100291 0.094364 0.617846
0.132658 0.094330 0.616762
0.165025 0.094297 0.615678
0.197392 0.094264 0.614594
0.229759 0.094230 0.613510
0.262126 0.094197 0.612426
0.294494 0.094164 0.611343
0.326861 0.094130 0.610259
0.359228 0.094097 0.609175
0.391595 0.094064 0.608091
0.423962 0.094030 0.607007
0.456330 0.093997 0.605923
0.488697 0.093964 0.604840
0.521064 0.093930 0.603756
0.553431 0.093897 0.602672
0.585798 0.093864 0.601588
0.618166 0.093830 0.600504
0.650533 0.093797 0.599420
0.682900 0.093764 0.598337
0.715267 0.093730 0.597253
0.747634 0.093697 0.596169
0.780002 0.093663 0.595085
0.812369 0.093630 0.594001
0.844736 0.093597 0.592917
0.877103 0.093563 0.591833
0.909470 0.093530 0.590750
0.941838 0.093497 0.589666
0.974205 0.093463 0.588582
1.000000 0.093430 0.587498
1.000000 0.093397 0.586414
1.000000 0.093363 0.585330
0.039314 0.125568 0.616367
0.071682 0.125535 0.615283
0.104049 0.125502 0.614200
0.136416 0.125468 0.613116
0.168783 0.125435 0.612032
0.201150 0.125402 0.610948
0.233518 0.125368 0.609864
0.265885 0.125335 0.608780
0.298252 0.125302 0.607697
0.330619 0.125268 0.606613
0.362986 0.125235 0.605529
0.395354 0.125201 0.604445
0.427721 0.125168 0.603361
0.460088 0.125135 0.602277
0.492455 0.125101 0.601193
0.524822 0.125068 0.600110
0.557190 0.125035 0.599026
0.589557 0.125001 0.597942
0.621924 0.124968 0.596858
0.654291 0.124935 0.595774
0.686658 0.124901 0.594690
0.719025 0.124868 0.593607
0.751393 0.124835 0.592523
0.783760 0.124801 0.591439
0.816127 0.124768 0.590355
0.848494 0.124735 0.589271
0.880861 0.124701 0.588187
0.913229 0.124668 0.587103
0.945596 0.124635 0.586020
0.977963 0.124601 0.584936
1.000000 0.124568 0.583852
1.000000 0.124534 0.582768
1.000000 0.124501 0.581684
0.043073 0.156706 0.612721
0.075440 0.156673 0.611637
0.107807 0.156639 0.610553
0.140174 0.156606 0.609470
0.172542 0.156573 0.608386
0.204909 0.156539 0.607302
0.237276 0.156506 0.606218
0.269643 0.156473 0.605134
0.302010 0.156439 0.604050
0.334377 0.156406 0.602967
0.366745 0.156373 0.601883
0.399112 0.156339 0.600799
0.431479 0.156306 0.599715
0.463846 0.156273 0.598631
0.496213 0.156239 0.597547
0.528581 0.156206 0.596463
0.560948 0.156173 0.595380
0.593315 0.156139 0.594296
0.625682 0.156106 0.593212
0.658049 0.156072 0.592128
0.690417 0.156039 0.591044
0.722784 0.156006 0.589960
0.755151 0.155972 0.588877
0.787518 0.155939 0.587793
0.819885 0.155906 0.586709
0.852253 0.155872 0.585625
0.884620 0.155839 0.584541
0.916987 0.155806 0.583457
0.949354 0.155772 0.582374
0.981721 0.155739 0.581290
1.000000 0.155706 0.580206
1.000000 0.155672 0.579122
1.000000 0.155639 0.578038
0.046831 0.187844 0.609075
0.079198 0.187811 0.607991
0.111565 0.187777 0.606907
0.143933 0.187744 0.605823
0.176300 0.187711 0.604740
0.208667 0.187677 0.603656
0.241034 0.187644 0.602572
0.273401 0.187610 0.601488
0.305769 0.187577 0.600404
0.338136 0.187544 0.599320
0.370503 0.187510 0.598237
0.402870 0.187477 0.597153
0.435237 0.187444 0.596069
0.467605 0.187410 0.594985
0.499972 0.187377 0.593901
0.532339 0.187344 0.592817
0.564706 0.187310 0.591734
0.597073 0.187277 0.590650
0.629441 0.187244 0.589566
0.661808 0.187210 0.588482
0.694175 0.187177 0.587398
0.726542 0.187144 0.586314
0.758909 0.187110 0.585230
0.791276 0.187077 0.584147
0.823644 0.187044 0.583063
0.856011 0.187010 0.581979
0.888378 0.186977 0.580895
0.920745 0.186944 0.579811
0.953112 0.186910 0.578727
0.985480 0.186877 0.577644
1.000000 0.186843 0.576560
1.000000 0.186810 0.575476
1.000000 0.186777 0.574392
0.050589 0.218982 0.605429
0.082957 0.218948 0.604345
0.115324 0.218915 0.603261
0.147691 0.218882 0.602177
0.180058 0.218848 0.601094
0.212425 0.218815 0.600010
0.244793 0.218782 0.598926
0.277160 0.218748 0.597842
0.309527 0.218715 0.596758
0.341894 0.218682 0.595674
0.374261 0.218648 0.594590
0.406628 0.218615 0.593507
0.438996 0.218582 0.592423
0.471363 0.218548 0.591339
0.503730 0.218515 0.590255
0.536097 0.218482 0.589171
0.568464 0.218448 0.588087
0.600832 0.218415 0.587004
0.633199 0.218381 0.585920
0.665566 0.218348 0.584836
0.697933 0.218315 0.583752
0.730300 0.218281 0.582668
0.762668 0.218248 0.581584
0.795035 0.218215 0.580501
0.827402 0.218181 0.579417
0.859769 0.218148 0.578333
0.892136 0.218115 0.577249
0.924504 0.218081 0.576165
0.956871 0.218048 0.575081
0.989238 0.218015 0.573997
1.000000 0.217981 0.572914
1.000000 0.217948 0.571830
1.000000 0.217915 0.570746
0.054348 0.250120 0.601783
0.086715 0.250086 0.600699
0.119082 0.250053 0.599615
0.151449 0.250020 0.598531
0.183816 0.249986 0.597447
0.216184 0.249953 0.596364
0.248551 0.249919 0.595280
0.280918 0.249886 0.594196
0.313285 0.249853 0.593112
0.345652 0.249819 0.592028
0.378020 0.249786 0.590944
0.410387 0.249753 0.589861
0.442754 0.249719 0.588777
0.475121 0.249686 0.587693
0.507488 0.249653 0.586609
0.539856 0.249619 0.585525
0.572223 0.249586 0.584441
0.604590 0.249553 0.583357
0.636957 0.249519 0.582274
0.669324 0.249486 0.581190
0.701691 0.249453 0.580106
0.734059 0.249419 0.579022
0.766426 0.249386 0.577938
0.798793 0.249353 0.576854
0.831160 0.249319 0.575771
0.863527 0.249286 0.574687
0.895895 0.249252 0.573603
0.928262 0.249219 0.572519
0.960629 0.249186 0.571435
0.992996 0.249152 0.570351
1.000000 0.249119 0.569267
1.000000 0.249086 0.568184
1.000000 0.249052 0.567100
0.058106 0.281257 0.598137
0.090473 0.281224 0.597053
0.122840 0.281191 0.595969
0.155208 0.281157 0.594885
0.187575 0.281124 0.593801
0.219942 0.281091 0.592717
0.252309 0.281057 0.591634
0.284676 0.281024 0.590550
0.317043 0.280991 0.589466
0.349411 0.280957 0.588382
0.381778 0.280924 0.587298
0.414145 0.280891 0.586214
0.446512 0.280857 0.585131
0.478879 0.280824 0.584047
0.511247 0.280790 0.582963
0.543614 0.280757 0.581879
0.575981 0.280724 0.580795
0.608348 0.280690 0.579711
0.640715 0.280657 0.578627
0.673083 0.280624 0.577544
0.705450 0.280590 0.576460
0.737817 0.280557 0.575376
0.770184 0.280524 0.574292
0.802551 0.280490 0.573208
0.834919 0.280457 0.572124
0.867286 0.280424 0.571041
0.899653 0.280390 0.569957
0.932020 0.280357 0.568873
0.964387 0.280324 0.567789
0.996755 0.280290 0.566705
1.000000 0.280257 0.565621
1.000000 0.280224 0.564538
1.000000 0.280190 0.563454
0.061864 0.312395 0.594491
0.094231 0.312362 0.593407
0.126599 0.312328 0.592323
0.158966 0.312295 0.591239
0.191333 0.312262 0.590155
0.223700 0.312228 0.589071
0.256067 0.312195 0.587987
0.288435 0.312162 0.586904
0.320802 0.312128 0.585820
0.353169 0.312095 0.584736
0.385536 0.312062 0.583652
0.417903 0.312028 0.582568
0.450271 0.311995 0.581484
0.482638 0.311962 0.580401
0.515005 0.311928 0.579317
0.547372 0.311895 0.578233
0.579739 0.311862 0.577149
0.612107 0.311828 0.576065
0.644474 0.311795 0.574981
0.676841 0.311762 0.573898
0.709208 0.311728 0.572814
0.741575 0.311695 0.571730
0.773942 0.311662 0.570646
0.806310 0.311628 0.569562
0.838677 0.311595 0.568478
0.871044 0.311561 0.567394
0.903411 0.311528 0.566311
0.935778 0.311495 0.565227
0.968146 0.311461 0.564143
1.000000 0.311428 0.563059
1.000000 0.311395 0.561975
1.000000 0.311361 0.560891
1.000000 0.311328 0.559808
0.065623 0.343533 0.590844
0.097990 0.343500 0.589761
0.130357 0.343466 0.588677
0.162724 0.343433 0.587593
0.195091 0.343400 0.586509
0.227459 0.343366 0.585425
0.259826 0.343333 0.584341
0.292193 0.343300 0.583258
0.324560 0.343266 0.582174
0.356927 0.343233 0.581090
0.389294 0.343200 0.580006
0.421662 0.343166 0.578922
0.454029 0.343133 0.577838
0.486396 0.343099 0.576754
0.518763 0.343066 0.575671
0.551130 0.343033 0.574587
0.583498 0.342999 0.573503
0.615865 0.342966 0.572419
0.648232 0.342933 0.571335
0.680599 0.342899 0.570251
0.712966 0.342866 0.569168
0.745334 0.342833 0.568084
0.777701 0.342799 0.567000
0.810068 0.342766 0.565916
0.842435 0.342733 0.564832
0.874802 0.342699 0.563748
0.907170 0.342666 0.562665
0.939537 0.342633 0.561581
0.971904 0.342599 0.560497
1.000000 0.342566 0.559413
1.000000 0.342533 0.558329
1.000000 0.342499 0.557245
1.000000 0.342217 0.558679
0.069381 0.374671 0.587198
0.101748 0.374637 0.586114
0.134115 0.374604 0.585031
0.166482 0.374571 0.583947
0.198850 0.374537 0.582863
0.231217 0.374504 0.581779
0.263584 0.374471 0.580695
0.295951 0.374437 0.579611
0.328318 0.374404 0.578528
0.360686 0.374371 0.577444
0.393053 0.374337 0.576360
0.425420 0.374304 0.575276
0.457787 0.374271 0.574192
0.490154 0.374237 0.573108
0.522522 0.374204 0.572025
0.554889 0.374171 0.570941
0.587256 0.374137 0.569857
0.619623 0.374104 0.568773
0.651990 0.374071 0.567689
0.684358 0.374037 0.566605
0.716725 0.374004 0.565521
0.749092 0.373970 0.564438
0.781459 0.373937 0.563354
0.813826 0.373904 0.562270
0.846193 0.373870 0.561186
0.878561 0.373837 0.560102
0.910928 0.373804 0.559018
0.943295 0.373770 0.557935
0.975037 0.373669 0.557544
1.000000 0.373352 0.559328
1.000000 0.373035 0.561112
1.000000 0.372718 0.562897
1.000000 0.372401 0.564681
0.073139 0.405809 0.583552
0.105506 0.405775 0.582468
0.137874 0.405742 0.581385
0.170241 0.405709 0.580301
0.202608 0.405675 0.579217
0.234975 0.405642 0.578133
0.267342 0.405609 0.577049
0.299710 0.405575 0.575965
0.332077 0.405542 0.574881
0.364444 0.405508 0.573798
0.396811 0.405475 0.572714
0.429178 0.405442 0.571630
0.461545 0.405408 0.570546
0.493913 0.405375 0.569462
0.526280 0.405342 0.568378
0.558647 0.405308 0.567295
0.591014 0.405275 0.566211
0.623381 0.405242 0.565127
0.655749 0.405208 0.564043
0.688116 0.405175 0.562959
0.720483 0.405142 0.561875
0.752850 0.405108 0.560791
0.785217 0.405075 0.559708
0.817585 0.405042 0.558624
0.849952 0.405008 0.557540
0.880753 0.404803 0.558194
0.910536 0.404486 0.559978
0.940318 0.404170 0.561762
0.970101 0.403853 0.563546
0.999884 0.403536 0.565330
1.000000 0.403219 0.567115
1.000000 0.402902 0.568899
1.000000 0.402585 0.570683
0.076897 0.436946 0.579906
0.109265 0.436913 0.578822
0.141632 0.436880 0.577738
0.173999 0.436846 0.576655
0.206366 0.436813 0.575571
0.238733 0.436780 0.574487
0.271101 0.436746 0.573403
0.303468 0.436713 0.572319
0.335835 0.436680 0.571235
0.368202 0.436646 0.570151
0.400569 0.436613 0.569068
0.432937 0.436580 0.567984
0.465304 0.436546 0.566900
0.497671 0.436513 0.565816
0.530038 0.436480 0.564732
0.562405 0.436446 0.563648
0.594773 0.436413 0.562565
0.627140 0.436379 0.561481
0.659507 0.436346 0.560397
0.691874 0.436313 0.559313
0.724241 0.436279 0.558229
0.756609 0.436246 0.557145
0.786469 0.435938 0.558843
0.816252 0.435621 0.560627
0.846034 0.435304 0.562412
0.875817 0.434987 0.564196
0.905600 0.434671 0.565980
0.935382 0.434354 0.567764
0.965165 0.434037 0.569548
0.994947 0.433720 0.571332
1.000000 0.433403 0.573117
1.000000 0.433086 0.574901
1.000000 0.432770 0.576685
0.080656 0.468084 0.576260
0.113023 0.468051 0.575176
0.145390 0.468018 0.574092
0.177757 0.467984 0.573008
0.210125 0.467951 0.571925
0.242492 0.467917 0.570841
0.274859 0.467884 0.569757
0.307226 0.467851 0.568673
0.339593 0.467817 0.567589
0.371961 0.467784 0.566505
0.404328 0.467751 0.565422
0.436695 0.467717 0.564338
0.469062 0.467684 0.563254
0.501429 0.467651 0.562170
0.533796 0.467617 0.561086
0.566164 0.467584 0.560002
0.598531 0.467551 0.558918
0.630898 0.467517 0.557835
0.662402 0.467389 0.557709
0.692185 0.467072 0.559493
0.721967 0.466756 0.561277
0.751750 0.466439 0.563061
0.781533 0.466122 0.564845
0.811315 0.465805 0.566629
0.841098 0.465488 0.568414
0.870881 0.465172 0.570198
0.900663 0.464855 0.571982
0.930446 0.464538 0.573766
0.960229 0.464221 0.575550
0.990011 0.463904 0.577334
1.000000 0.463588 0.579119
1.000000 0.463271 0.580903
1.000000 0.462954 0.582687
0.084414 0.499222 0.572614
0.116781 0.499189 0.571530
0.149148 0.499155 0.570446
0.181516 0.499122 0.569362
0.213883 0.499089 0.568278
0.246250 0.499055 0.567195
0.278617 0.499022 0.566111
0.310984 0.498989 0.565027
0.343352 0.498955 0.563943
0.375719 0.498922 0.562859
0.408086 0.498889 0.561775
0.440453 0.498855 0.560692
0.472820 0.498822 0.559608
0.505188 0.498789 0.558524
0.537555 0.498755 0.557440
0.568118 0.498524 0.558358
0.597901 0.498207 0.560142
0.627683 0.497890 0.561926
0.657466 0.497574 0.563711
0.687248 0.497257 0.565495
0.717031 0.496940 0.567279
0.746814 0.496623 0.569063
0.776596 0.496306 0.570847
0.806379 0.495989 0.572632
0.836162 0.495673 0.574416
0.865944 0.495356 0.576200
0.895727 0.495039 0.577984
0.925510 0.494722 0.579768
0.955292 0.494405 0.581552
0.985075 0.494089 0.583337
1.000000 0.493772 0.585121
1.000000 0.493455 0.586905
1.000000 0.493138 0.588689
0.088172 0.530360 0.568968
0.120540 0.530327 0.567884
0.152907 0.530293 0.566800
0.185274 0.530260 0.565716
0.217641 0.530226 0.564632
0.250008 0.530193 0.563549
0.282376 0.530160 0.562465
0.314743 0.530126 0.561381
0.347110 0.530093 0.560297
0.379477 0.530060 0.559213
0.411844 0.530026 0.558129
0.444051 0.529975 0.557224
0.473834 0.529659 0.559008
0.503616 0.529342 0.560792
0.533399 0.529025 0.562576
0.563182 0.528708 0.564360
0.592964 0.528391 0.566144
0.622747 0.528075 0.567929
0.652530 0.527758 0.569713
0.682312 0.527441 0.571497
0.712095 0.527124 0.573281
0.741877 0.526807 0.575065
0.771660 0.526490 0.576849
0.801443 0.526174 0.578634
0.831225 0.525857 0.580418
0.861008 0.525540 0.582202
0.890791 0.525223 0.583986
0.920573 0.524906 0.585770
0.950356 0.524590 0.587554
0.980139 0.524273 0.589339
1.000000 0.523956 0.591123
1.000000 0.523639 0.592907
1.000000 0.523322 0.594691
0.091931 0.561498 0.565322
0.124298 0.561464 0.564238
0.156665 0.561431 0.563154
0.189032 0.561398 0.562070
0.221399 0.561364 0.560986
0.253767 0.561331 0.559902
0.286134 0.561298 0.558819
0.318501 0.561264 0.557735
0.349767 0.561110 0.557873
0.379549 0.560793 0.559657
0.409332 0.560476 0.561441
0.439115 0.560160 0.563226
0.468897 0.559843 0.565010
0.498680 0.559526 0.566794
0.528463 0.559209 0.568578
0.558245 0.558892 0.570362
0.588028 0.558576 0.572146
0.617811 0.558259 0.573931
0.647593 0.557942 0.575715
0.677376 0.557625 0.577499
0.707159 0.557308 0.579283
0.736941 0.556991 0.581067
0.766724 0.556675 0.582851
0.796506 0.556358 0.584636
0.826289 0.556041 0.586420
0.856072 0.555724 0.588204
0.885854 0.555407 0.589988
0.915637 0.555091 0.591772
0.945420 0.554774 0.593557
0.975202 0.554457 0.595341
1.000000 0.554140 0.597125
1.000000 0.553823 0.598909
1.000000 0.553507 0.600693
0.095689 0.592635 0.561675
0.128056 0.592602 0.560592
0.160423 0.592569 0.559508
0.192791 0.592535 0.558424
0.225158 0.592502 0.557340
0.255483 0.592245 0.558523
0.285265 0.591928 0.560307
0.315048 0.591611 0.562091
0.344831 0.591294 0.563875
0.374613 0.590977 0.565659
0.404396 0.590661 0.567443
0.434178 0.590344 0.569228
0.463961 0.590027 0.571012
0.493744 0.589710 0.572796
0.523526 0.589393 0.574580
0.553309 0.589077 0.576364
0.583092 0.588760 0.578149
0.612874 0.588443 0.579933
0.642657 0.588126 0.581717
0.672440 0.587809 0.583501
0.702222 0.587493 0.585285
0.732005 0.587176 0.587069
0.761788 0.586859 0.588854
0.791570 0.586542 0.590638
0.821353 0.586225 0.592422
0.851135 0.585908 0.594206
0.880918 0.585592 0.595990
0.910701 0.585275 0.597774
0.940483 0.584958 0.599559
0.970266 0.584641 0.601343
1.000000 0.584324 0.603127
1.000000 0.584008 0.604911
1.000000 0.583691 0.606695
0.099447 0.623773 0.558029
0.131416 0.623696 0.557388
0.161198 0.623379 0.559172
0.190981 0.623063 0.560956
0.220764 0.622746 0.562741
0.250546 0.622429 0.564525
0.280329 0.622112 0.566309
0.310112 0.621795 0.568093
0.339894 0.621479 0.569877
0.369677 0.621162 0.571661
0.399460 0.620845 0.573446
0.429242 0.620528 0.575230
0.459025 0.620211 0.577014
0.488807 0.619894 0.578798
0.518590 0.619578 0.580582
0.548373 0.619261 0.582366
0.578155 0.618944 0.584151
0.607938 0.618627 0.585935
0.637721 0.618310 0.587719
0.667503 0.617994 0.589503
0.697286 0.617677 0.591287
0.727069 0.617360 0.593071
0.756851 0.617043 0.594856
0.786634 0.616726 0.596640
0.816417 0.616409 0.598424
0.846199 0.616093 0.600208
0.875982 0.615776 0.601992
0.905764 0.615459 0.603776
0.935547 0.615142 0.605561
0.965330 0.614825 0.607345
0.995112 0.614509 0.609129
1.000000 0.614192 0.610913
1.000000 0.613875 0.612697
0.096697 0.654197 0.561606
0.126479 0.653880 0.563390
0.156262 0.653564 0.565174
0.186045 0.653247 0.566958
0.215827 0.652930 0.568743
0.245610 0.652613 0.570527
0.275393 0.652296 0.572311
0.305175 0.651980 0.574095
0.334958 0.651663 0.575879
0.364741 0.651346 0.577663
0.394523 0.651029 0.579448
0.424306 0.650712 0.581232
0.454089 0.650395 0.583016
0.483871 0.650079 0.584800
0.513654 0.649762 0.586584
0.543436 0.649445 0.588368
0.573219 0.649128 0.590153
0.603002 0.648811 0.591937
0.632784 0.648495 0.593721
0.662567 0.648178 0.595505
0.692350 0.647861 0.597289
0.722132 0.647544 0.599074
0.751915 0.647227 0.600858
0.781698 0.646910 0.602642
0.811480 0.646594 0.604426
0.841263 0.646277 0.606210
0.871046 0.645960 0.607994
0.900828 0.645643 0.609779
0.930611 0.645326 0.611563
0.960393 0.645010 0.613347
0.990176 0.644693 0.615131
1.000000 0.644376 0.616915
1.000000 0.644059 0.618699
0.091761 0.684381 0.567608
0.121543 0.684065 0.569392
0.151326 0.683748 0.571176
0.181108 0.683431 0.572960
0.210891 0.683114 0.574745
0.240674 0.682797 0.576529
0.270456 0.682481 0.578313
0.300239 0.682164 0.580097
0.330022 0.681847 0.581881
0.359804 0.681530 0.583666
0.389587 0.681213 0.585450
0.419370 0.680896 0.587234
0.449152 0.680580 0.589018
0.478935 0.680263 0.590802
0.508718 0.679946 0.592586
0.538500 0.679629 0.594371
0.568283 0.679312 0.596155
0.598065 0.678996 0.597939
0.627848 0.678679 0.599723
0.657631 0.678362 0.601507
0.687413 0.678045 0.603291
0.717196 0.677728 0.605076
0.746979 0.677412 0.606860
0.776761 0.677095 0.608644
0.806544 0.676778 0.610428
0.836327 0.676461 0.612212
0.866109 0.676144 0.613996
0.895892 0.675827 0.615781
0.925675 0.675511 0.617565
0.955457 0.675194 0.619349
0.985240 0.674877 0.621133
1.000000 0.674560 0.622917
1.000000 0.674243 0.624701
0.086824 0.714566 0.573610
0.116607 0.714249 0.575394
0.146390 0.713932 0.577178
0.176172 0.713615 0.578963
0.205955 0.713298 0.580747
0.235737 0.712982 0.582531
0.265520 0.712665 0.584315
0.295303 0.712348 0.586099
0.325085 0.712031 0.587883
0.354868 0.711714 0.589668
0.384651 0.711398 0.591452
0.414433 0.711081 0.593236
0.444216 0.710764 0.595020
0.473999 0.710447 0.596804
0.503781 0.710130 0.598588
0.533564 0.709813 0.600373
0.563347 0.709497 0.602157
0.593129 0.709180 0.603941
0.622912 0.708863 0.605725
0.652695 0.708546 0.607509
0.682477 0.708229 0.609293
0.712260 0.707913 0.611078
0.742042 0.707596 0.612862
0.771825 0.707279 0.614646
0.801608 0.706962 0.616430
0.831390 0.706645 0.618214
0.861173 0.706328 0.619999
0.890956 0.706012 0.621783
0.920738 0.705695 0.623567
0.950521 0.705378 0.625351
0.980304 0.705061 0.627135
1.000000 0.704744 0.628919
1.000000 0.704428 0.630704
0.081888 0.744750 0.579612
0.111671 0.744433 0.581396
0.141453 0.744116 0.583180
0.171236 0.743799 0.584965
0.201019 0.743483 0.586749
0.230801 0.743166 0.588533
0.260584 0.742849 0.590317
0.290367 0.742532 0.592101
0.320149 0.742215 0.593885
0.349932 0.741899 0.595670
0.379714 0.741582 0.597454
0.409497 0.741265 0.599238
0.439280 0.740948 0.601022
0.469062 0.740631 0.602806
0.498845 0.740314 0.604591
0.528628 0.739998 0.606375
0.558410 0.739681 0.608159
0.588193 0.739364 0.609943
0.617976 0.739047 0.611727
0.647758 0.738730 0.613511
0.677541 0.738414 0.615296
0.707324 0.738097 0.617080
0.737106 0.737780 0.618864
0.766889 0.737463 0.620648
0.796671 0.737146 0.622432
0.826454 0.736829 0.624216
0.856237 0.736513 0.626001
0.886019 0.736196 0.627785
0.915802 0.735879 0.629569
0.945585 0.735562 0.631353
0.975367 0.735245 0.633137
1.000000 0.734929 0.634921
1.000000 0.734612 0.636706
0.076952 0.774934 0.585614
0.106734 0.774617 0.587398
0.136517 0.774300 0.589183
0.166300 0.773984 0.590967
0.196082 0.773667 0.592751
0.225865 0.773350 0.594535
0.255648 0.773033 0.596319
0.285430 0.772716 0.598103
0.315213 0.772400 0.599888
0.344996 0.772083 0.601672
0.374778 0.771766 0.603456
0.404561 0.771449 0.605240
0.434343 0.771132 0.607024
0.464126 0.770815 0.608808
0.493909 0.770499 0.610593
0.523691 0.770182 0.612377
0.553474 0.769865 0.614161
0.583257 0.769548 0.615945
0.613039 0.769231 0.617729
0.642822 0.768915 0.619513
0.672605 0.768598 0.621298
0.702387 0.768281 0.623082
0.732170 0.767964 0.624866
0.761953 0.767647 0.626650
0.791735 0.767331 0.628434
0.821518 0.767014 0.630219
0.851300 0.766697 0.632003
0.881083 0.766380 0.633787
0.910866 0.766063 0.635571
0.940648 0.765746 0.637355
0.970431 0.765430 0.639139
1.000000 0.765113 0.640924
1.000000 0.764796 0.642708
0.072015 0.805118 0.591616
0.101798 0.804801 0.593400
0.131581 0.804485 0.595185
0.161363 0.804168 0.596969
0.191146 0.803851 0.598753
0.220929 0.803534 0.600537
0.250711 0.803217 0.602321
0.280494 0.802901 0.604105
0.310277 0.802584 0.605890
0.340059 0.802267 0.607674
0.369842 0.801950 0.609458
0.399625 0.801633 0.611242
0.429407 0.801317 0.613026
0.459190 0.801000 0.614811
0.488972 0.800683 0.616595
0.518755 0.800366 0.618379
0.548538 0.800049 0.620163
0.578320 0.799732 0.621947
0.608103 0.799416 0.623731
0.637886 0.799099 0.625516
0.667668 0.798782 0.627300
0.697451 0.798465 0.629084
0.727234 0.798148 0.630868
0.757016 0.797832 0.632652
0.786799 0.797515 0.634436
0.816582 0.797198 0.636221
0.846364 0.796881 0.638005
0.876147 0.796564 0.639789
0.905929 0.796247 0.641573
0.935712 0.795931 0.643357
0.965495 0.795614 0.645141
0.995277 0.795297 0.646926
1.000000 0.794980 0.648710
0.067079 0.835303 0.597618
0.096862 0.834986 0.599403
0.126644 0.834669 0.601187
0.156427 0.834352 0.602971
0.186210 0.834035 0.604755
0.215992 0.833718 0.606539
0.245775 0.833402 0.608323
0.275558 0.833085 0.610108
0.305340 0.832768 0.611892
0.335123 0.832451 0.613676
0.364906 0.832134 0.615460
0.394688 0.831818 0.617244
0.424471 0.831501 0.619028
0.454254 0.831184 0.620813
0.484036 0.830867 0.622597
0.513819 0.830550 0.624381
0.543601 0.830233 0.626165
0.573384 0.829917 0.627949
0.603167 0.829600 0.629733
0.632949 0.829283 0.631518
0.662732 0.828966 0.633302
0.692515 0.828649 0.635086
0.722297 0.828333 0.636870
0.752080 0.828016 0.638654
0.781863 0.827699 0.640438
0.811645 0.827382 0.642223
0.841428 0.827065 0.644007
0.871211 0.826748 0.645791
0.900993 0.826432 0.647575
0.930776 0.826115 0.649359
0.960558 0.825798 0.651144
0.990341 0.825481 0.652928
1.000000 0.825164 0.654712
0.062143 0.865487 0.603620
0.091926 0.865170 0.605405
0.121708 0.864853 0.607189
0.151491 0.864536 0.608973
0.181273 0.864219 0.610757
0.211056 0.863903 0.612541
0.240839 0.863586 0.614325
0.270621 0.863269 0.616110
0.300404 0.862952 0.617894
0.330187 0.862635 0.619678
0.359969 0.862319 0.621462
0.389752 0.862002 0.623246
0.419535 0.861685 0.625030
0.449317 0.861368 0.626815
0.479100 0.861051 0.628599
0.508883 0.860734 0.630383
0.538665 0.860418 0.632167
0.568448 0.860101 0.633951
0.598230 0.859784 0.635736
0.628013 0.859467 0.637520
0.657796 0.859150 0.639304
0.687578 0.858834 0.641088
0.717361 0.858517 0.642872
0.747144 0.858200 0.644656
0.776926 0.857883 0.646441
0.806709 0.857566 0.648225
0.836492 0.857250 0.650009
0.866274 0.856933 0.651793
0.896057 0.856616 0.653577
0.925840 0.856299 0.655361
0.955622 0.855982 0.657146
0.985405 0.855665 0.658930
1.000000 0.855349 0.660714
0.057207 0.895671 0.609622
0.086989 0.895354 0.611407
0.116772 0.895037 0.613191
0.146555 0.894720 0.614975
0.176337 0.894404 0.616759
0.206120 0.894087 0.618543
0.235902 0.893770 0.620328
0.265685 0.893453 0.622112
0.295468 0.893136 0.623896
0.325250 0.892820 0.625680
0.355033 0.892503 0.627464
0.384816 0.892186 0.629248
0.414598 0.891869 0.631033
0.444381 0.891552 0.632817
0.474164 0.891236 0.634601
0.503946 0.890919 0.636385
0.533729 0.890602 0.638169
0.563512 0.890285 0.639953
0.593294 0.889968 0.641738
0.623077 0.889651 0.643522
0.652859 0.889335 0.645306
0.682642 0.889018 0.647090
0.712425 0.888701 0.648874
0.742207 0.888384 0.650658
0.771990 0.888067 0.652443
0.801773 0.887751 0.654227
0.831555 0.887434 0.656011
0.861338 0.887117 0.657795
0.891121 0.886800 0.659579
0.920903 0.886483 0.661363
0.950686 0.886166 0.663148
0.980469 0.885850 0.664932
1.000000 0.885533 0.666716
0.052270 0.925855 0.615625
0.082053 0.925538 0.617409
0.111836 0.925222 0.619193
0.141618 0.924905 0.620977
0.171401 0.924588 0.622761
0.201184 0.924271 0.624545
0.230966 0.923954 0.626330
0.260749 0.923637 0.628114
0.290531 0.923321 0.629898
0.320314 0.923004 0.631682
0.350097 0.922687 0.633466
0.379879 0.922370 0.635250
0.409662 0.922053 0.637035
0.439445 0.921737 0.638819
0.469227 0.921420 0.640603
0.499010 0.921103 0.642387
0.528793 0.920786 0.644171
0.558575 0.920469 0.645955
0.588358 0.920152 0.647740
0.618141 0.919836 0.649524
0.647923 0.919519 0.651308
0.677706 0.919202 0.653092
0.707488 0.918885 0.654876
0.737271 0.918568 0.656661
0.767054 0.918252 0.658445
0.796836 0.917935 0.660229
0.826619 0.917618 0.662013
0.856402 0.917301 0.663797
0.886184 0.916984 0.665581
0.915967 0.916667 0.667366
0.945750 0.916351 0.669150
0.975532 0.916034 0.670934
1.000000 0.915717 0.672718
0.047334 0.956039 0.621627
0.077117 0.955723 0.623411
0.106899 0.955406 0.625195
0.136682 0.955089 0.626979
0.166465 0.954772 0.628763
0.196247 0.954455 0.630547
0.226030 0.954138 0.632332
0.255813 0.953822 0.634116
0.285595 0.953505 0.635900
0.315378 0.953188 0.637684
0.345160 0.952871 0.639468
0.374943 0.952554 0.641253
0.404726 0.952238 0.643037
0.434508 0.951921 0.644821
0.464291 0.951604 0.646605
0.494074 0.951287 0.648389
0.523856 0.950970 0.650173
0.553639 0.950653 0.651958
0.583422 0.950337 0.653742
0.613204 0.950020 0.655526
0.642987 0.949703 0.657310
0.672770 0.949386 0.659094
0.702552 0.949069 0.660878
0.732335 0.948753 0.662663
0.762117 0.948436 0.664447
0.791900 0.948119 0.666231
0.821683 0.947802 0.668015
0.851465 0.947485 0.669799
0.881248 0.947169 0.671583
0.911031 0.946852 0.673368
0.940813 0.946535 0.675152
0.970596 0.946218 0.676936
1.000000 0.945901 0.678720
0.042398 0.986224 0.627629
0.072180 0.985907 0.629413
0.101963 0.985590 0.631197
0.131746 0.985273 0.632981
0.161528 0.984956 0.634765
0.191311 0.984639 0.636550
0.221094 0.984323 0.638334
0.250876 0.984006 0.640118
0.280659 0.983689 0.641902
0.310442 0.983372 0.643686
0.340224 0.983055 0.645470
0.370007 0.982739 0.647255
0.399789 0.982422 0.649039
0.429572 0.982105 0.650823
0.459355 0.981788 0.652607
0.489137 0.981471 0.654391
0.518920 0.981155 0.656175
0.548703 0.980838 0.657960
0.578485 0.980521 0.659744
0.608268 0.980204 0.661528
0.638051 0.979887 0.663312
0.667833 0.979570 0.665096
0.697616 0.979254 0.666880
0.727399 0.978937 0.668665
0.757181 0.978620 0.670449
0.786964 0.978303 0.672233
0.816746 0.977986 0.674017
0.846529 0.977670 0.675801
0.876312 0.977353 0.677586
0.906094 0.977036 0.679370
0.935877 0.976719 0.681154
0.965660 0.976402 0.682938
0.995442 0.976085 0.684722
0.024661 0.001006 0.661834
0.057028 0.000972 0.660750
0.089395 0.000939 0.659666
0.121762 0.000906 0.658582
0.154129 0.000872 0.657498
0.186497 0.000839 0.656414
0.218864 0.000806 0.655331
0.251231 0.000772 0.654247
0.283598 0.000739 0.653163
0.315965 0.000706 0.652079
0.348333 0.000672 0.650995
0.380700 0.000639 0.649911
0.413067 0.000606 0.648828
0.445434 0.000572 0.647744
0.477801 0.000539 0.646660
0.510168 0.000506 0.645576
0.542536 0.000472 0.644492
0.574903 0.000439 0.643408
0.607270 0.000405 0.642324
0.639637 0.000372 0.641241
0.672004 0.000339 0.640157
0.704372 0.000305 0.639073
0.736739 0.000272 0.637989
0.769106 0.000239 0.636905
0.801473 0.000205 0.635821
0.833840 0.000172 0.634738
0.866208 0.000139 0.633654
0.898575 0.000105 0.632570
0.930942 0.000072 0.631486
0.963309 0.000039 0.630402
0.995676 0.000005 0.629318
1.000000 0.000000 0.628235
1.000000 0.000000 0.627151
0.028419 0.032144 0.658188
0.060786 0.032110 0.657104
0.093153 0.032077 0.656020
0.125520 0.032044 0.654936
0.157888 0.032010 0.653852
0.190255 0.031977 0.652768
0.222622 0.031943 0.651684
0.254989 0.031910 0.650601
0.287356 0.031877 0.649517
0.319724 0.031843 0.648433
0.352091 0.031810 0.647349
0.384458 0.031777 0.646265
0.416825 0.031743 0.645181
0.449192 0.031710 0.644098
0.481560 0.031677 0.643014
0.513927 0.031643 0.641930
0.546294 0.031610 0.640846
0.578661 0.031577 0.639762
0.611028 0.031543 0.638678
0.643396 0.031510 0.637595
0.675763 0.031477 0.636511
0.708130 0.031443 0.635427
0.740497 0.031410 0.634343
0.772864 0.031377 0.633259
0.805232 0.031343 0.632175
0.837599 0.031310 0.631091
0.869966 0.031276 0.630008
0.902333 0.031243 0.628924
0.934700 0.031210 0.627840
0.967067 0.031176 0.626756
0.999435 0.031143 0.625672
1.000000 0.031110 0.624588
1.000000 0.031076 0.623505
0.032177 0.063281 0.654541
0.064544 0.063248 0.653458
0.096912 0.063215 0.652374
0.129279 0.063181 0.651290
0.161646 0.063148 0.650206
0.194013 0.063115 0.649122
0.226380 0.063081 0.648038
0.258748 0.063048 0.646955
0.291115 0.063015 0.645871
0.323482 0.062981 0.644787
0.355849 0.062948 0.643703
0.388216 0.062915 0.642619
0.420584 0.062881 0.641535
0.452951 0.062848 0.640451
0.485318 0.062814 0.639368
0.517685 0.062781 0.638284
0.550052 0.062748 0.637200
0.582419 0.062714 0.636116
0.614787 0.062681 0.635032
0.647154 0.062648 0.633948
0.679521 0.062614 0.632865
0.711888 0.062581 0.631781
0.744255 0.062548 0.630697
0.776623 0.062514 0.629613
0.808990 0.062481 0.628529
0.841357 0.062448 0.627445
0.873724 0.062414 0.626361
0.906091 0.062381 0.625278
0.938459 0.062348 0.624194
0.970826 0.062314 0.623110
1.000000 0.062281 0.622026
1.000000 0.062248 0.620942
1.000000 0.062214 0.619858
0.035936 0.094419 0.650895
0.068303 0.094386 0.649811
0.100670 0.094352 0.648728
0.133037 0.094319 0.647644
0.165404 0.094286 0.646560
0.197771 0.094252 0.645476
0.230139 0.094219 0.644392
0.262506 0.094186 0.643308
0.294873 0.094152 0.642225
0.327240 0.094119 0.641141
0.359607 0.094086 0.640057
0.391975 0.094052 0.638973
0.424342 0.094019 0.637889
0.456709 0.093986 0.636805
0.489076 0.093952 0.635721
0.521443 0.093919 0.634638
0.553811 0.093886 0.633554
0.586178 0.093852 0.632470
0.618545 0.093819 0.631386
0.650912 0.093786 0.630302
0.683279 0.093752 0.629218
0.715647 0.093719 0.628135
0.748014 0.093685 0.627051
0.780381 0.093652 0.625967
0.812748 0.093619 0.624883
0.845115 0.093585 0.623799
0.877483 0.093552 0.622715
0.909850 0.093519 0.621632
0.942217 0.093485 0.620548
0.974584 0.093452 0.619464
1.000000 0.093419 0.618380
1.000000 0.093385 0.617296
1.000000 0.093352 0.616212
0.039694 0.125557 0.647249
0.072061 0.125524 0.646165
0.104428 0.125490 0.645081
0.136795 0.125457 0.643998
0.169163 0.125424 0.642914
0.201530 0.125390 0.641830
0.233897 0.125357 0.640746
0.266264 0.125324 0.639662
0.298631 0.125290 0.638578
0.330999 0.125257 0.637495
0.363366 0.125223 0.636411
0.395733 0.125190 0.635327
0.428100 0.125157 0.634243
0.460467 0.125123 0.633159
0.492835 0.125090 0.632075
0.525202 0.125057 0.630992
0.557569 0.125023 0.629908
0.589936 0.124990 0.628824
0.622303 0.124957 0.627740
0.654670 0.124923 0.626656
0.687038 0.124890 0.625572
0.719405 0.124857 0.624488
0.751772 0.124823 0.623405
0.784139 0.124790 0.622321
0.816506 0.124757 0.621237
0.848874 0.124723 0.620153
0.881241 0.124690 0.619069
0.913608 0.124657 0.617985
0.945975 0.124623 0.616902
0.978342 0.124590 0.615818
1.000000 0.124557 0.614734
1.000000 0.124523 0.613650
1.000000 0.124490 0.612566
0.043452 0.156695 0.643603
0.075819 0.156661 0.642519
0.108187 0.156628 0.641435
0.140554 0.156595 0.640352
0.172921 0.156561 0.639268
0.205288 0.156528 0.638184
0.237655 0.156495 0.637100
0.270022 0.156461 0.636016
0.302390 0.156428 0.634932
0.334757 0.156395 0.633848
0.367124 0.156361 0.632765
0.399491 0.156328 0.631681
0.431858 0.156295 0.630597
0.464226 0.156261 0.629513
0.496593 0.156228 0.628429
0.528960 0.156195 0.627345
0.561327 0.156161 0.626262
0.593694 0.156128 0.625178
0.626062 0.156095 0.624094
0.658429 0.156061 0.623010
0.690796 0.156028 0.621926
0.723163 0.155994 0.620842
0.755530 0.155961 0.619759
0.787898 0.155928 0.618675
0.820265 0.155894 0.617591
0.852632 0.155861 0.616507
0.884999 0.155828 0.615423
0.917366 0.155794 0.614339
0.949734 0.155761 0.613255
0.982101 0.155728 0.612172
1.000000 0.155694 0.611088
1.000000 0.155661 0.610004
1.000000 0.155628 0.608920
0.047210 0.187833 0.639957
0.079578 0.187799 0.638873
0.111945 0.187766 0.637789
0.144312 0.187733 0.636705
0.176679 0.187699 0.635622
0.209046 0.187666 0.634538
0.241414 0.187633 0.633454
0.273781 0.187599 0.632370
0.306148 0.187566 0.631286
0.338515 0.187532 0.630202
0.370882 0.187499 0.629119
0.403250 0.187466 0.628035
0.435617 0.187432 0.626951
0.467984 0.187399 0.625867
0.500351 0.187366 0.624783
0.532718 0.187332 0.623699
0.565086 0.187299 0.622615
0.597453 0.187266 0.621532
0.629820 0.187232 0.620448
0.662187 0.187199 0.619364
0.694554 0.187166 0.618280
0.726921 0.187132 0.617196
0.759289 0.187099 0.616112
0.791656 0.187066 0.615029
0.824023 0.187032 0.613945
0.856390 0.186999 0.612861
0.888757 0.186966 0.611777
0.921125 0.186932 0.610693
0.953492 0.186899 0.609609
0.985859 0.186865 0.608525
1.000000 0.186832 0.607442
1.000000 0.186799 0.606358
1.000000 0.186765 0.605274
0.050969 0.218970 0.636311
0.083336 0.218937 0.635227
0.115703 0.218904 0.634143
0.148070 0.218870 0.633059
0.180438 0.218837 0.631975
0.212805 0.218804 0.630892
0.245172 0.218770 0.629808
0.277539 0.218737 0.628724
0.309906 0.218704 0.627640
0.342273 0.218670 0.626556
0.374641 0.218637 0.625472
0.407008 0.218604 0.624389
0.439375 0.218570 0.623305
0.471742 0.218537 0.622221
0.504109 0.218504 0.621137
0.536477 0.218470 0.620053
0.568844 0.218437 0.618969
0.601211 0.218403 0.617885
0.633578 0.218370 0.616802
0.665945 0.218337 0.615718
0.698313 0.218303 0.614634
0.730680 0.218270 0.613550
0.763047 0.218237 0.612466
0.795414 0.218203 0.611382
0.827781 0.218170 0.610299
0.860149 0.218137 0.609215
0.892516 0.218103 0.608131
0.924883 0.218070 0.607047
0.957250 0.218037 0.605963
0.989617 0.218003 0.604879
1.000000 0.217970 0.603796
1.000000 0.217937 0.602712
1.000000 0.217903 0.601628
0.054727 0.250108 0.632665
0.087094 0.250075 0.631581
0.119461 0.250042 0.630497
0.151829 0.250008 0.629413
0.184196 0.249975 0.628329
0.216563 0.249941 0.627245
0.248930 0.249908 0.626162
0.281297 0.249875 0.625078
0.313665 0.249841 0.623994
0.346032 0.249808 0.622910
0.378399 0.249775 0.621826
0.410766 0.249741 0.620742
0.443133 0.249708 0.619659
0.475501 0.249675 0.618575
0.507868 0.249641 0.617491
0.540235 0.249608 0.616407
0.572602 0.249575 0.615323
0.604969 0.249541 0.614239
0.637337 0.249508 0.613156
0.669704 0.249475 0.612072
0.702071 0.249441 0.610988
0.734438 0.249408 0.609904
0.766805 0.249375 0.608820
0.799172 0.249341 0.607736
0.831540 0.249308 0.606652
0.863907 0.249275 0.605569
0.896274 0.249241 0.604485
0.928641 0.249208 0.603401
0.961008 0.249174 0.602317
0.993376 0.249141 0.601233
1.000000 0.249108 0.600149
1.000000 0.249074 0.599066
1.000000 0.249041 0.597982
0.058485 0.281246 0.629019
0.090853 0.281213 0.627935
0.123220 0.281179 0.626851
0.155587 0.281146 0.625767
0.187954 0.281113 0.624683
0.220321 0.281079 0.623599
0.252689 0.281046 0.622516
0.285056 0.281013 0.621432
0.317423 0.280979 0.620348
0.349790 0.280946 0.619264
0.382157 0.280913 0.618180
0.414524 0.280879 0.617096
0.446892 0.280846 0.616012
0.479259 0.280813 0.614929
0.511626 0.280779 0.613845
0.543993 0.280746 0.612761
0.576360 0.280712 0.611677
0.608728 0.280679 0.610593
0.641095 0.280646 0.609509
0.673462 0.280612 0.608426
0.705829 0.280579 0.607342
0.738196 0.280546 0.606258
0.770564 0.280512 0.605174
0.802931 0.280479 0.604090
0.835298 0.280446 0.603006
0.867665 0.280412 0.601923
0.900032 0.280379 0.600839
0.932400 0.280346 0.599755
0.964767 0.280312 0.598671
0.997134 0.280279 0.597587
1.000000 0.280246 0.596503
1.000000 0.280212 0.595419
1.000000 0.280179 0.594336
0.062244 0.312384 0.625372
0.094611 0.312351 0.624289
0.126978 0.312317 0.623205
0.159345 0.312284 0.622121
0.191712 0.312250 0.621037
0.224080 0.312217 0.619953
0.256447 0.312184 0.618869
0.288814 0.312150 0.617786
0.321181 0.312117 0.616702
0.353548 0.312084 0.615618
0.385916 0.312050 0.614534
0.418283 0.312017 0.613450
0.450650 0.311984 0.612366
0.483017 0.311950 0.611283
0.515384 0.311917 0.610199
0.547752 0.311884 0.609115
0.580119 0.311850 0.608031
0.612486 0.311817 0.606947
0.644853 0.311784 0.605863
0.677220 0.311750 0.604779
0.709588 0.311717 0.603696
0.741955 0.311684 0.602612
0.774322 0.311650 0.601528
0.806689 0.311617 0.600444
0.839056 0.311583 0.599360
0.871423 0.311550 0.598276
0.903791 0.311517 0.597193
0.936158 0.311483 0.596109
0.968525 0.311450 0.595025
1.000000 0.311417 0.593941
1.000000 0.311383 0.592857
1.000000 0.311350 0.591773
1.000000 0.311317 0.590689
0.066002 0.343522 0.621726
0.098369 0.343488 0.620643
0.130736 0.343455 0.619559
0.163104 0.343422 0.618475
0.195471 0.343388 0.617391
0.227838 0.343355 0.616307
0.260205 0.343322 0.615223
0.292572 0.343288 0.614139
0.324940 0.343255 0.613056
0.357307 0.343222 0.611972
0.389674 0.343188 0.610888
0.422041 0.343155 0.609804
0.454408 0.343121 0.608720
0.486775 0.343088 0.607636
0.519143 0.343055 0.606553
0.551510 0.343021 0.605469
0.583877 0.342988 0.604385
0.616244 0.342955 0.603301
0.648611 0.342921 0.602217
0.680979 0.342888 0.601133
0.713346 0.342855 0.600049
0.745713 0.342821 0.598966
0.778080 0.342788 0.597882
0.810447 0.342755 0.596798
0.842815 0.342721 0.595714
0.875182 0.342688 0.594630
0.907549 0.342655 0.593546
0.939916 0.342621 0.592463
0.972283 0.342588 0.591379
1.000000 0.342555 0.590295
1.000000 0.342521 0.589211
1.000000 0.342426 0.588750
1.000000 0.342109 0.590535
0.069760 0.374659 0.618080
0.102127 0.374626 0.616996
0.134495 0.374593 0.615913
0.166862 0.374559 0.614829
0.199229 0.374526 0.613745
0.231596 0.374493 0.612661
0.263963 0.374459 0.611577
0.296331 0.374426 0.610493
0.328698 0.374393 0.609409
0.361065 0.374359 0.608326
0.393432 0.374326 0.607242
0.425799 0.374293 0.606158
0.458167 0.374259 0.605074
0.490534 0.374226 0.603990
0.522901 0.374193 0.602906
0.555268 0.374159 0.601823
0.587635 0.374126 0.600739
0.620003 0.374093 0.599655
0.652370 0.374059 0.598571
0.684737 0.374026 0.597487
0.717104 0.373993 0.596403
0.749471 0.373959 0.595320
0.781839 0.373926 0.594236
0.814206 0.373892 0.593152
0.846573 0.373859 0.592068
0.878940 0.373826 0.590984
0.911307 0.373792 0.589900
0.943674 0.373759 0.588816
0.974539 0.373561 0.589400
1.000000 0.373244 0.591184
1.000000 0.372927 0.592968
1.000000 0.372610 0.594753
1.000000 0.372294 0.596537
0.073519 0.405797 0.614434
0.105886 0.405764 0.613350
0.138253 0.405731 0.612266
0.170620 0.405697 0.611183
0.202987 0.405664 0.610099
0.235355 0.405631 0.609015
0.267722 0.405597 0.607931
0.300089 0.405564 0.606847
0.332456 0.405531 0.605763
0.364823 0.405497 0.604680
0.397191 0.405464 0.603596
0.429558 0.405430 0.602512
0.461925 0.405397 0.601428
0.494292 0.405364 0.600344
0.526659 0.405330 0.599260
0.559026 0.405297 0.598176
0.591394 0.405264 0.597093
0.623761 0.405230 0.596009
0.656128 0.405197 0.594925
0.688495 0.405164 0.593841
0.720862 0.405130 0.592757
0.753230 0.405097 0.591673
0.785597 0.405064 0.590590
0.817964 0.405030 0.589506
0.850331 0.404997 0.588422
0.880255 0.404696 0.590050
0.910038 0.404379 0.591834
0.939820 0.404062 0.593618
0.969603 0.403745 0.595402
0.999385 0.403428 0.597186
1.000000 0.403111 0.598970
1.000000 0.402795 0.600755
1.000000 0.402478 0.602539
0.077277 0.436935 0.610788
0.109644 0.436902 0.609704
0.142011 0.436868 0.608620
0.174378 0.436835 0.607536
0.206746 0.436802 0.606453
0.239113 0.436768 0.605369
0.271480 0.436735 0.604285
0.303847 0.436702 0.603201
0.336214 0.436668 0.602117
0.368582 0.436635 0.601033
0.400949 0.436602 0.599950
0.433316 0.436568 0.598866
0.465683 0.436535 0.597782
0.498050 0.436502 0.596698
0.530418 0.436468 0.595614
0.562785 0.436435 0.594530
0.595152 0.436402 0.593447
0.627519 0.436368 0.592363
0.659886 0.436335 0.591279
0.692254 0.436301 0.590195
0.724621 0.436268 0.589111
0.756188 0.436147 0.588915
0.785971 0.435830 0.590699
0.815753 0.435513 0.592483
0.845536 0.435197 0.594267
0.875319 0.434880 0.596052
0.905101 0.434563 0.597836
0.934884 0.434246 0.599620
0.964667 0.433929 0.601404
0.994449 0.433613 0.603188
1.000000 0.433296 0.604973
1.000000 0.432979 0.606757
1.000000 0.432662 0.608541
0.081035 0.468073 0.607142
0.113402 0.468040 0.606058
0.145770 0.468006 0.604974
0.178137 0.467973 0.603890
0.210504 0.467940 0.602807
0.242871 0.467906 0.601723
0.275238 0.467873 0.600639
0.307606 0.467839 0.599555
0.339973 0.467806 0.598471
0.372340 0.467773 0.597387
0.404707 0.467739 0.596303
0.437074 0.467706 0.595220
0.469442 0.467673 0.594136
0.501809 0.467639 0.593052
0.534176 0.467606 0.591968
0.566543 0.467573 0.590884
0.598910 0.467539 0.589800
0.631277 0.467506 0.588717
0.661904 0.467282 0.589565
0.691686 0.466965 0.591349
0.721469 0.466648 0.593133
0.751252 0.466331 0.594917
0.781034 0.466014 0.596701
0.810817 0.465698 0.598485
0.840600 0.465381 0.600270
0.870382 0.465064 0.602054
0.900165 0.464747 0.603838
0.929948 0.464430 0.605622
0.959730 0.464114 0.607406
0.989513 0.463797 0.609190
1.000000 0.463480 0.610975
1.000000 0.463163 0.612759
1.000000 0.462846 0.614543
0.084794 0.499211 0.603496
0.117161 0.499177 0.602412
0.149528 0.499144 0.601328
0.181895 0.499111 0.600244
0.214262 0.499077 0.599160
0.246629 0.499044 0.598077
0.278997 0.499011 0.596993
0.311364 0.498977 0.595909
0.343731 0.498944 0.594825
0.376098 0.498911 0.593741
0.408465 0.498877 0.592657
0.440833 0.498844 0.591573
0.473200 0.498811 0.590490
0.505567 0.498777 0.589406
0.537837 0.498733 0.588430
0.567620 0.498416 0.590214
0.597402 0.498100 0.591998
0.627185 0.497783 0.593782
0.656968 0.497466 0.595567
0.686750 0.497149 0.597351
0.716533 0.496832 0.599135
0.746315 0.496515 0.600919
0.776098 0.496199 0.602703
0.805881 0.495882 0.604487
0.835663 0.495565 0.606272
0.865446 0.495248 0.608056
0.895229 0.494931 0.609840
0.925011 0.494615 0.611624
0.954794 0.494298 0.613408
0.984577 0.493981 0.615192
1.000000 0.493664 0.616977
1.000000 0.493347 0.618761
1.000000 0.493030 0.620545
0.088552 0.530349 0.599850
0.120919 0.530315 0.598766
0.153286 0.530282 0.597682
0.185653 0.530248 0.596598
0.218021 0.530215 0.595514
0.250388 0.530182 0.594430
0.282755 0.530148 0.593347
0.315122 0.530115 0.592263
0.347489 0.530082 0.591179
0.379857 0.530048 0.590095
0.412224 0.530015 0.589011
0.443553 0.529868 0.589079
0.473335 0.529551 0.590864
0.503118 0.529234 0.592648
0.532901 0.528917 0.594432
0.562683 0.528601 0.596216
0.592466 0.528284 0.598000
0.622249 0.527967 0.599784
0.652031 0.527650 0.601569
0.681814 0.527333 0.603353
0.711597 0.527016 0.605137
0.741379 0.526700 0.606921
0.771162 0.526383 0.608705
0.800944 0.526066 0.610490
0.830727 0.525749 0.612274
0.860510 0.525432 0.614058
0.890292 0.525116 0.615842
0.920075 0.524799 0.617626
0.949858 0.524482 0.619410
0.979640 0.524165 0.621195
1.000000 0.523848 0.622979
1.000000 0.523532 0.624763
1.000000 0.523215 0.626547
0.092310 0.561486 0.596204
0.124677 0.561453 0.595120
0.157045 0.561420 0.594036
0.189412 0.561386 0.592952
0.221779 0.561353 0.591868
0.254146 0.561320 0.590784
0.286513 0.561286 0.589700
0.318880 0.561253 0.588617
0.349269 0.561002 0.589729
0.379051 0.560686 0.591513
0.408834 0.560369 0.593297
0.438616 0.560052 0.595082
0.468399 0.559735 0.596866
0.498182 0.559418 0.598650
0.527964 0.559102 0.600434
0.557747 0.558785 0.602218
0.587530 0.558468 0.604002
0.617312 0.558151 0.605787
0.647095 0.557834 0.607571
0.676878 0.557518 0.609355
0.706660 0.557201 0.611139
0.736443 0.556884 0.612923
0.766226 0.556567 0.614707
0.796008 0.556250 0.616492
0.825791 0.555933 0.618276
0.855573 0.555617 0.620060
0.885356 0.555300 0.621844
0.915139 0.554983 0.623628
0.944921 0.554666 0.625412
0.974704 0.554349 0.627197
1.000000 0.554033 0.628981
1.000000 0.553716 0.630765
1.000000 0.553399 0.632549
0.096068 0.592624 0.592557
0.128436 0.592591 0.591474
0.160803 0.592557 0.590390
0.193170 0.592524 0.589306
0.225202 0.592454 0.588594
0.254984 0.592137 0.590379
0.284767 0.591820 0.592163
0.314550 0.591504 0.593947
0.344332 0.591187 0.595731
0.374115 0.590870 0.597515
0.403898 0.590553 0.599299
0.433680 0.590236 0.601084
0.463463 0.589919 0.602868
0.493245 0.589603 0.604652
0.523028 0.589286 0.606436
0.552811 0.588969 0.608220
0.582593 0.588652 0.610004
0.612376 0.588335 0.611789
0.642159 0.588019 0.613573
0.671941 0.587702 0.615357
0.701724 0.587385 0.617141
0.731507 0.587068 0.618925
0.761289 0.586751 0.620709
0.791072 0.586434 0.622494
0.820855 0.586118 0.624278
0.850637 0.585801 0.626062
0.880420 0.585484 0.627846
0.910202 0.585167 0.629630
0.939985 0.584850 0.631415
0.969768 0.584534 0.633199
0.999550 0.584217 0.634983
1.000000 0.583900 0.636767
1.000000 0.583583 0.638551
0.099827 0.623762 0.588911
0.130917 0.623589 0.589244
0.160700 0.623272 0.591028
0.190483 0.622955 0.592812
0.220265 0.622638 0.594596
0.250048 0.622321 0.596381
0.279831 0.622005 0.598165
0.309613 0.621688 0.599949
0.339396 0.621371 0.601733
0.369179 0.621054 0.603517
0.398961 0.620737 0.605301
0.428744 0.620420 0.607086
0.458527 0.620104 0.608870
0.488309 0.619787 0.610654
0.518092 0.619470 0.612438
0.547874 0.619153 0.614222
0.577657 0.618836 0.616007
0.607440 0.618520 0.617791
0.637222 0.618203 0.619575
0.667005 0.617886 0.621359
0.696788 0.617569 0.623143
0.726570 0.617252 0.624927
0.756353 0.616935 0.626712
0.786136 0.616619 0.628496
0.815918 0.616302 0.630280
0.845701 0.615985 0.632064
0.875484 0.615668 0.633848
0.905266 0.615351 0.635632
0.935049 0.615035 0.637417
0.964831 0.614718 0.639201
0.994614 0.614401 0.640985
1.000000 0.614084 0.642769
1.000000 0.613767 0.644553
0.096199 0.654090 0.593462
0.125981 0.653773 0.595246
0.155764 0.653456 0.597030
0.185546 0.653139 0.598814
0.215329 0.652822 0.600599
0.245112 0.652506 0.602383
0.274894 0.652189 0.604167
0.304677 0.651872 0.605951
0.334460 0.651555 0.607735
0.364242 0.651238 0.609519
0.394025 0.650921 0.611304
0.423808 0.650605 0.613088
0.453590 0.650288 0.614872
0.483373 0.649971 0.616656
0.513156 0.649654 0.618440
0.542938 0.649337 0.620224
0.572721 0.649021 0.622009
0.602503 0.648704 0.623793
0.632286 0.648387 0.625577
0.662069 0.648070 0.627361
0.691851 0.647753 0.629145
0.721634 0.647437 0.630929
0.751417 0.647120 0.632714
0.781199 0.646803 0.634498
0.810982 0.646486 0.636282
0.840765 0.646169 0.638066
0.870547 0.645852 0.639850
0.900330 0.645536 0.641634
0.930113 0.645219 0.643419
0.959895 0.644902 0.645203
0.989678 0.644585 0.646987
1.000000 0.644268 0.648771
1.000000 0.643952 0.650555
0.091262 0.684274 0.599464
0.121045 0.683957 0.601248
0.150828 0.683640 0.603032
0.180610 0.683323 0.604816
0.210393 0.683007 0.606601
0.240175 0.682690 0.608385
0.269958 0.682373 0.610169
0.299741 0.682056 0.611953
0.329523 0.681739 0.613737
0.359306 0.681423 0.615521
0.389089 0.681106 0.617306
0.418871 0.680789 0.619090
0.448654 0.680472 0.620874
0.478437 0.680155 0.622658
0.508219 0.679838 0.624442
0.538002 0.679522 0.626226
0.567785 0.679205 0.628011
0.597567 0.678888 0.629795
0.627350 0.678571 0.631579
0.657132 0.678254 0.633363
0.686915 0.677938 0.635147
0.716698 0.677621 0.636932
0.746480 0.677304 0.638716
0.776263 0.676987 0.640500
0.806046 0.676670 0.642284
0.835828 0.676353 0.644068
0.865611 0.676037 0.645852
0.895394 0.675720 0.647637
0.925176 0.675403 0.649421
0.954959 0.675086 0.651205
0.984742 0.674769 0.652989
1.000000 0.674453 0.654773
1.000000 0.674136 0.656557
0.086326 0.714458 0.605466
0.116109 0.714141 0.607250
0.145891 0.713824 0.609034
0.175674 0.713508 0.610818
0.205457 0.713191 0.612603
0.235239 0.712874 0.614387
0.265022 0.712557 0.616171
0.294804 0.712240 0.617955
0.324587 0.711924 0.619739
0.354370 0.711607 0.621524
0.384152 0.711290 0.623308
0.413935 0.710973 0.625092
0.443718 0.710656 0.626876
0.473500 0.710339 0.628660
0.503283 0.710023 0.630444
0.533066 0.709706 0.632229
0.562848 0.709389 0.634013
0.592631 0.709072 0.635797
0.622414 0.708755 0.637581
0.652196 0.708439 0.639365
0.681979 0.708122 0.641149
0.711761 0.707805 0.642934
0.741544 0.707488 0.644718
0.771327 0.707171 0.646502
0.801109 0.706855 0.648286
0.830892 0.706538 0.650070
0.860675 0.706221 0.651854
0.890457 0.705904 0.653639
0.920240 0.705587 0.655423
0.950023 0.705270 0.657207
0.979805 0.704954 0.658991
1.000000 0.704637 0.660775
1.000000 0.704320 0.662559
0.081390 0.744642 0.611468
0.111172 0.744325 0.613252
0.140955 0.744009 0.615036
0.170738 0.743692 0.616821
0.200520 0.743375 0.618605
0.230303 0.743058 0.620389
0.260086 0.742741 0.622173
0.289868 0.742425 0.623957
0.319651 0.742108 0.625741
0.349433 0.741791 0.627526
0.379216 0.741474 0.629310
0.408999 0.741157 0.631094
0.438781 0.740841 0.632878
0.468564 0.740524 0.634662
0.498347 0.740207 0.636446
0.528129 0.739890 0.638231
0.557912 0.739573 0.640015
0.587695 0.739256 0.641799
0.617477 0.738940 0.643583
0.647260 0.738623 0.645367
0.677043 0.738306 0.647151
0.706825 0.737989 0.648936
0.736608 0.737672 0.650720
0.766390 0.737356 0.652504
0.796173 0.737039 0.654288
0.825956 0.736722 0.656072
0.855738 0.736405 0.657857
0.885521 0.736088 0.659641
0.915304 0.735771 0.661425
0.945086 0.735455 0.663209
0.974869 0.735138 0.664993
1.000000 0.734821 0.666777
1.000000 0.734504 0.668562
0.076453 0.774827 0.617470
0.106236 0.774510 0.619254
0.136019 0.774193 0.621038
0.165801 0.773876 0.622823
0.195584 0.773559 0.624607
0.225367 0.773242 0.626391
0.255149 0.772926 0.628175
0.284932 0.772609 0.629959
0.314715 0.772292 0.631743
0.344497 0.771975 0.633528
0.374280 0.771658 0.635312
0.404062 0.771342 0.637096
0.433845 0.771025 0.638880
0.463628 0.770708 0.640664
0.493410 0.770391 0.642449
0.523193 0.770074 0.644233
0.552976 0.769757 0.646017
0.582758 0.769441 0.647801
0.612541 0.769124 0.649585
0.642324 0.768807 0.651369
0.672106 0.768490 0.653154
0.701889 0.768173 0.654938
0.731672 0.767857 0.656722
0.761454 0.767540 0.658506
0.791237 0.767223 0.660290
0.821019 0.766906 0.662074
0.850802 0.766589 0.663859
0.880585 0.766272 0.665643
0.910367 0.765956 0.667427
0.940150 0.765639 0.669211
0.969933 0.765322 0.670995
0.999715 0.765005 0.672779
1.000000 0.764688 0.674564
0.071517 0.805011 0.623472
0.101300 0.804694 0.625256
0.131082 0.804377 0.627041
0.160865 0.804060 0.628825
0.190648 0.803743 0.630609
0.220430 0.803427 0.632393
0.250213 0.803110 0.634177
0.279996 0.802793 0.635961
0.309778 0.802476 0.637746
0.339561 0.802159 0.639530
0.369344 0.801843 0.641314
0.399126 0.801526 0.643098
0.428909 0.801209 0.644882
0.458691 0.800892 0.646666
0.488474 0.800575 0.648451
0.518257 0.800258 0.650235
0.548039 0.799942 0.652019
0.577822 0.799625 0.653803
0.607605 0.799308 0.655587
0.637387 0.798991 0.657371
0.667170 0.798674 0.659156
0.696953 0.798358 0.660940
0.726735 0.798041 0.662724
0.756518 0.797724 0.664508
0.786301 0.797407 0.666292
0.816083 0.797090 0.668076
0.845866 0.796774 0.669861
0.875648 0.796457 0.671645
0.905431 0.796140 0.673429
0.935214 0.795823 0.675213
0.964996 0.795506 0.676997
0.994779 0.795189 0.678782
1.000000 0.794873 0.680566
0.066581 0.835195 0.629474
0.096363 0.834878 0.631258
0.126146 0.834561 0.633043
0.155929 0.834244 0.634827
0.185711 0.833928 0.636611
0.215494 0.833611 0.638395
0.245277 0.833294 0.640179
0.275059 0.832977 0.641963
0.304842 0.832660 0.643748
0.334625 0.832344 0.645532
0.364407 0.832027 0.647316
0.394190 0.831710 0.649100
0.423973 0.831393 0.650884
0.453755 0.831076 0.652668
0.483538 0.830760 0.654453
0.513320 0.830443 0.656237
0.543103 0.830126 0.658021
0.572886 0.829809 0.659805
0.602668 0.829492 0.661589
0.632451 0.829175 0.663374
0.662234 0.828859 0.665158
0.692016 0.828542 0.666942
0.721799 0.828225 0.668726
0.751582 0.827908 0.670510
0.781364 0.827591 0.672294
0.811147 0.827275 0.674079
0.840930 0.826958 0.675863
0.870712 0.826641 0.677647
0.900495 0.826324 0.679431
0.930277 0.826007 0.681215
0.960060 0.825690 0.682999
0.989843 0.825374 0.684784
1.000000 0.825057 0.686568
0.061645 0.865379 0.635476
0.091427 0.865062 0.637260
0.121210 0.864746 0.639045
0.150992 0.864429 0.640829
0.180775 0.864112 0.642613
0.210558 0.863795 0.644397
0.240340 0.863478 0.646181
0.270123 0.863161 0.647966
0.299906 0.862845 0.649750
0.329688 0.862528 0.651534
0.359471 0.862211 0.653318
0.389254 0.861894 0.655102
0.419036 0.861577 0.656886
0.448819 0.861261 0.658671
0.478602 0.860944 0.660455
0.508384 0.860627 0.662239
0.538167 0.860310 0.664023
0.567949 0.859993 0.665807
0.597732 0.859676 0.667591
0.627515 0.859360 0.669376
0.657297 0.859043 0.671160
0.687080 0.858726 0.672944
0.716863 0.858409 0.674728
0.746645 0.858092 0.676512
0.776428 0.857776 0.678296
0.806211 0.857459 0.680081
0.835993 0.857142 0.681865
0.865776 0.856825 0.683649
0.895559 0.856508 0.685433
0.925341 0.856191 0.687217
0.955124 0.855875 0.689001
0.984906 0.855558 0.690786
1.000000 0.855241 0.692570
0.056708 0.895563 0.641478
0.086491 0.895247 0.643263
0.116274 0.894930 0.645047
0.146056 0.894613 0.646831
0.175839 0.894296 0.648615
0.205621 0.893979 0.650399
0.235404 0.893662 0.652183
0.265187 0.893346 0.653968
0.294969 0.893029 0.655752
0.324752 0.892712 0.657536
0.354535 0.892395 0.659320
0.384317 0.892078 0.661104
0.414100 0.891762 0.662888
0.443883 0.891445 0.664673
0.473665 0.891128 0.666457
0.503448 0.890811 0.668241
0.533231 0.890494 0.670025
0.563013 0.890177 0.671809
0.592796 0.889861 0.673593
0.622578 0.889544 0.675378
0.652361 0.889227 0.677162
0.682144 0.888910 0.678946
0.711926 0.888593 0.680730
0.741709 0.888277 0.682514
0.771492 0.887960 0.684299
0.801274 0.887643 0.686083
0.831057 0.887326 0.687867
0.860840 0.887009 0.689651
0.890622 0.886693 0.691435
0.920405 0.886376 0.693219
0.950188 0.886059 0.695004
0.979970 0.885742 0.696788
1.000000 0.885425 0.698572
0.051772 0.925748 0.647480
0.081555 0.925431 0.649265
0.111337 0.925114 0.651049
0.141120 0.924797 0.652833
0.170903 0.924480 0.654617
0.200685 0.924163 0.656401
0.230468 0.923847 0.658185
0.260250 0.923530 0.659970
0.290033 0.923213 0.661754
0.319816 0.922896 0.663538
0.349598 0.922579 0.665322
0.379381 0.922263 0.667106
0.409164 0.921946 0.668891
0.438946 0.921629 0.670675
0.468729 0.921312 0.672459
0.498512 0.920995 0.674243
0.528294 0.920679 0.676027
0.558077 0.920362 0.677811
0.587860 0.920045 0.679596
0.617642 0.919728 0.681380
0.647425 0.919411 0.683164
0.677207 0.919094 0.684948
0.706990 0.918778 0.686732
0.736773 0.918461 0.688516
0.766555 0.918144 0.690301
0.796338 0.917827 0.692085
0.826121 0.917510 0.693869
0.855903 0.917194 0.695653
0.885686 0.916877 0.697437
0.915469 0.916560 0.699221
0.945251 0.916243 0.701006
0.975034 0.915926 0.702790
1.000000 0.915609 0.704574
0.046836 0.955932 0.653483
0.076618 0.955615 0.655267
0.106401 0.955298 0.657051
0.136184 0.954981 0.658835
0.165966 0.954665 0.660619
0.195749 0.954348 0.662403
0.225532 0.954031 0.664188
0.255314 0.953714 0.665972
0.285097 0.953397 0.667756
0.314879 0.953080 0.669540
0.344662 0.952764 0.671324
0.374445 0.952447 0.673108
0.404227 0.952130 0.674893
0.434010 0.951813 0.676677
0.463793 0.951496 0.678461
0.493575 0.951180 0.680245
0.523358 0.950863 0.682029
0.553141 0.950546 0.683813
0.582923 0.950229 0.685598
0.612706 0.949912 0.687382
0.642489 0.949595 0.689166
0.672271 0.949279 0.690950
0.702054 0.948962 0.692734
0.731836 0.948645 0.694518
0.761619 0.948328 0.696303
0.791402 0.948011 0.698087
0.821184 0.947695 0.699871
0.850967 0.947378 0.701655
0.880750 0.947061 0.703439
0.910532 0.946744 0.705224
0.940315 0.946427 0.707008
0.970098 0.946110 0.708792
0.999880 0.945794 0.710576
0.041899 0.986116 0.659485
0.071682 0.985799 0.661269
0.101465 0.985482 0.663053
0.131247 0.985166 0.664837
0.161030 0.984849 0.666621
0.190813 0.984532 0.668405
0.220595 0.984215 0.670190
0.250378 0.983898 0.671974
0.280161 0.983581 0.673758
0.309943 0.983265 0.675542
0.339726 0.982948 0.677326
0.369508 0.982631 0.679110
0.399291 0.982314 0.680895
0.429074 0.981997 0.682679
0.458856 0.981681 0.684463
0.488639 0.981364 0.686247
0.518422 0.981047 0.688031
0.548204 0.980730 0.689816
0.577987 0.980413 0.691600
0.607770 0.980096 0.693384
0.637552 0.979780 0.695168
0.667335 0.979463 0.696952
0.697118 0.979146 0.698736
0.726900 0.978829 0.700521
0.756683 0.978512 0.702305
0.786465 0.978196 0.704089
0.816248 0.977879 0.705873
0.846031 0.977562 0.707657
0.875813 0.977245 0.709441
0.905596 0.976928 0.711226
0.935379 0.976612 0.713010
0.965161 0.976295 0.714794
0.994944 0.975978 0.716578
0.025040 0.000994 0.692716
0.057407 0.000961 0.691632
0.089774 0.000928 0.690548
0.122142 0.000894 0.689464
0.154509 0.000861 0.688380
0.186876 0.000828 0.687296
0.219243 0.000794 0.686213
0.251610 0.000761 0.685129
0.283978 0.000728 0.684045
0.316345 0.000694 0.682961
0.348712 0.000661 0.681877
0.381079 0.000628 0.680793
0.413446 0.000594 0.679709
0.445814 0.000561 0.678626
0.478181 0.000528 0.677542
0.510548 0.000494 0.676458
0.542915 0.000461 0.675374
0.575282 0.000427 0.674290
0.607649 0.000394 0.673206
0.640017 0.000361 0.672123
0.672384 0.000327 0.671039
0.704751 0.000294 0.669955
0.737118 0.000261 0.668871
0.769485 0.000227 0.667787
0.801853 0.000194 0.666703
0.834220 0.000161 0.665619
0.866587 0.000127 0.664536
0.898954 0.000094 0.663452
0.931321 0.000061 0.662368
0.963689 0.000027 0.661284
0.996056 0.000000 0.660200
1.000000 0.000000 0.659116
1.000000 0.000000 0.658033
0.028798 0.032132 0.689069
0.061166 0.032099 0.687986
0.093533 0.032066 0.686902
0.125900 0.032032 0.685818
0.158267 0.031999 0.684734
0.190634 0.031965 0.683650
0.223001 0.031932 0.682566
0.255369 0.031899 0.681483
0.287736 0.031865 0.680399
0.320103 0.031832 0.679315
0.352470 0.031799 0.678231
0.384837 0.031765 0.677147
0.417205 0.031732 0.676063
0.449572 0.031699 0.674979
0.481939 0.031665 0.673896
0.514306 0.031632 0.672812
0.546673 0.031599 0.671728
0.579041 0.031565 0.670644
0.611408 0.031532 0.669560
0.643775 0.031499 0.668476
0.676142 0.031465 0.667393
0.708509 0.031432 0.666309
0.740877 0.031399 0.665225
0.773244 0.031365 0.664141
0.805611 0.031332 0.663057
0.837978 0.031299 0.661973
0.870345 0.031265 0.660890
0.902713 0.031232 0.659806
0.935080 0.031198 0.658722
0.967447 0.031165 0.657638
0.999814 0.031132 0.656554
1.000000 0.031098 0.655470
1.000000 0.031065 0.654386
0.032557 0.063270 0.685423
0.064924 0.063237 0.684339
0.097291 0.063203 0.683256
0.129658 0.063170 0.682172
0.162025 0.063137 0.681088
0.194393 0.063103 0.680004
0.226760 0.063070 0.678920
0.259127 0.063037 0.677836
0.291494 0.063003 0.676753
0.323861 0.062970 0.675669
0.356229 0.062937 0.674585
0.388596 0.062903 0.673501
0.420963 0.062870 0.672417
0.453330 0.062837 0.671333
0.485697 0.062803 0.670250
0.518065 0.062770 0.669166
0.550432 0.062736 0.668082
0.582799 0.062703 0.666998
0.615166 0.062670 0.665914
0.647533 0.062636 0.664830
0.679900 0.062603 0.663746
0.712268 0.062570 0.662663
0.744635 0.062536 0.661579
0.777002 0.062503 0.660495
0.809369 0.062470 0.659411
0.841736 0.062436 0.658327
0.874104 0.062403 0.657243
0.906471 0.062370 0.656160
0.938838 0.062336 0.655076
0.971205 0.062303 0.653992
1.000000 0.062270 0.652908
1.000000 0.062236 0.651824
1.000000 0.062203 0.650740
0.036315 0.094408 0.681777
0.068682 0.094375 0.680693
0.101049 0.094341 0.679610
0.133417 0.094308 0.678526
0.165784 0.094274 0.677442
0.198151 0.094241 0.676358
0.230518 0.094208 0.675274
0.262885 0.094174 0.674190
0.295252 0.094141 0.673106
0.327620 0.094108 0.672023
0.359987 0.094074 0.670939
0.392354 0.094041 0.669855
0.424721 0.094008 0.668771
0.457088 0.093974 0.667687
0.489456 0.093941 0.666603
0.521823 0.093908 0.665520
0.554190 0.093874 0.664436
0.586557 0.093841 0.663352
0.618924 0.093808 0.662268
0.651292 0.093774 0.661184
0.683659 0.093741 0.660100
0.716026 0.093708 0.659017
0.748393 0.093674 0.657933
0.780760 0.093641 0.656849
0.813128 0.093607 0.655765
0.845495 0.093574 0.654681
0.877862 0.093541 0.653597
0.910229 0.093507 0.652513
0.942596 0.093474 0.651430
0.974964 0.093441 0.650346
1.000000 0.093407 0.649262
1.000000 0.093374 0.648178
1.000000 0.093341 0.647094
0.040073 0.125546 0.678131
0.072440 0.125512 0.677047
0.104808 0.125479 0.675963
0.137175 0.125446 0.674880
0.169542 0.125412 0.673796
0.201909 0.125379 0.672712
0.234276 0.125346 0.671628
0.266644 0.125312 0.670544
0.299011 0.125279 0.669460
0.331378 0.125246 0.668377
0.363745 0.125212 0.667293
0.396112 0.125179 0.666209
0.428480 0.125145 0.665125
0.460847 0.125112 0.664041
0.493214 0.125079 0.662957
0.525581 0.125045 0.661873
0.557948 0.125012 0.660790
0.590316 0.124979 0.659706
0.622683 0.124945 0.658622
0.655050 0.124912 0.657538
0.687417 0.124879 0.656454
0.719784 0.124845 0.655370
0.752151 0.124812 0.654287
0.784519 0.124779 0.653203
0.816886 0.124745 0.652119
0.849253 0.124712 0.651035
0.881620 0.124679 0.649951
0.913987 0.124645 0.648867
0.946355 0.124612 0.647783
0.978722 0.124579 0.646700
1.000000 0.124545 0.645616
1.000000 0.124512 0.644532
1.000000 0.124478 0.643448
0.043832 0.156683 0.674485
0.076199 0.156650 0.673401
0.108566 0.156617 0.672317
0.140933 0.156583 0.671233
0.173300 0.156550 0.670150
0.205668 0.156517 0.669066
0.238035 0.156483 0.667982
0.270402 0.156450 0.666898
0.302769 0.156417 0.665814
0.335136 0.156383 0.664730
0.367503 0.156350 0.663647
0.399871 0.156317 0.662563
0.432238 0.156283 0.661479
0.464605 0.156250 0.660395
0.496972 0.156217 0.659311
0.529339 0.156183 0.658227
0.561707 0.156150 0.657143
0.594074 0.156117 0.656060
0.626441 0.156083 0.654976
0.658808 0.156050 0.653892
0.691175 0.156016 0.652808
0.723543 0.155983 0.651724
0.755910 0.155950 0.650640
0.788277 0.155916 0.649557
0.820644 0.155883 0.648473
0.853011 0.155850 0.647389
0.885379 0.155816 0.646305
0.917746 0.155783 0.645221
0.950113 0.155750 0.644137
0.982480 0.155716 0.643054
1.000000 0.155683 0.641970
1.000000 0.155650 0.640886
1.000000 0.155616 0.639802
0.047590 0.187821 0.670839
0.079957 0.187788 0.669755
0.112324 0.187755 0.668671
0.144691 0.187721 0.667587
0.177059 0.187688 0.666503
0.209426 0.187655 0.665420
0.241793 0.187621 0.664336
0.274160 0.187588 0.663252
0.306527 0.187554 0.662168
0.338895 0.187521 0.661084
0.371262 0.187488 0.660000
0.403629 0.187454 0.658917
0.435996 0.187421 0.657833
0.468363 0.187388 0.656749
0.500731 0.187354 0.655665
0.533098 0.187321 0.654581
0.565465 0.187288 0.653497
0.597832 0.187254 0.652414
0.630199 0.187221 0.651330
0.662567 0.187188 0.650246
0.694934 0.187154 0.649162
0.727301 0.187121 0.648078
0.759668 0.187088 0.646994
0.792035 0.187054 0.645910
0.824402 0.187021 0.644827
0.856770 0.186988 0.643743
0.889137 0.186954 0.642659
0.921504 0.186921 0.641575
0.953871 0.186888 0.640491
0.986238 0.186854 0.639407
1.000000 0.186821 0.638324
1.000000 0.186787 0.637240
1.000000 0.186754 0.636156
0.051348 0.218959 0.667193
0.083715 0.218926 0.666109
0.116083 0.218892 0.665025
0.148450 0.218859 0.663941
0.180817 0.218826 0.662857
0.213184 0.218792 0.661774
0.245551 0.218759 0.660690
0.277919 0.218726 0.659606
0.310286 0.218692 0.658522
0.342653 0.218659 0.657438
0.375020 0.218626 0.656354
0.407387 0.218592 0.655270
0.439754 0.218559 0.654187
0.472122 0.218526 0.653103
0.504489 0.218492 0.652019
0.536856 0.218459 0.650935
0.569223 0.218426 0.649851
0.601590 0.218392 0.648767
0.633958 0.218359 0.647684
0.666325 0.218325 0.646600
0.698692 0.218292 0.645516
0.731059 0.218259 0.644432
0.763426 0.218225 0.643348
0.795794 0.218192 0.642264
0.828161 0.218159 0.641181
0.860528 0.218125 0.640097
0.892895 0.218092 0.639013
0.925262 0.218059 0.637929
0.957630 0.218025 0.636845
0.989997 0.217992 0.635761
1.000000 0.217959 0.634677
1.000000 0.217925 0.633594
1.000000 0.217892 0.632510
0.055106 0.250097 0.663547
0.087474 0.250064 0.662463
0.119841 0.250030 0.661379
0.152208 0.249997 0.660295
0.184575 0.249964 0.659211
0.216942 0.249930 0.658127
0.249310 0.249897 0.657044
0.281677 0.249863 0.655960
0.314044 0.249830 0.654876
0.346411 0.249797 0.653792
0.378778 0.249763 0.652708
0.411146 0.249730 0.651624
0.443513 0.249697 0.650541
0.475880 0.249663 0.649457
0.508247 0.249630 0.648373
0.540614 0.249597 0.647289
0.572982 0.249563 0.646205
0.605349 0.249530 0.645121
0.637716 0.249497 0.644037
0.670083 0.249463 0.642954
0.702450 0.249430 0.641870
0.734817 0.249397 0.640786
0.767185 0.249363 0.639702
0.799552 0.249330 0.638618
0.831919 0.249297 0.637534
0.864286 0.249263 0.636451
0.896653 0.249230 0.635367
0.929021 0.249196 0.634283
0.961388 0.249163 0.633199
0.993755 0.249130 0.632115
1.000000 0.249096 0.631031
1.000000 0.249063 0.629947
1.000000 0.249030 0.628864
0.058865 0.281235 0.659901
0.091232 0.281201 0.658817
0.123599 0.281168 0.657733
0.155966 0.281135 0.656649
0.188334 0.281101 0.655565
0.220701 0.281068 0.654481
0.253068 0.281035 0.653397
0.285435 0.281001 0.652314
0.317802 0.280968 0.651230
0.350169 0.280935 0.650146
0.382537 0.280901 0.649062
0.414904 0.280868 0.647978
0.447271 0.280835 0.646894
0.479638 0.280801 0.645811
0.512005 0.280768 0.644727
0.544373 0.280734 0.643643
0.576740 0.280701 0.642559
0.609107 0.280668 0.641475
0.641474 0.280634 0.640391
0.673841 0.280601 0.639307
0.706209 0.280568 0.638224
0.738576 0.280534 0.637140
0.770943 0.280501 0.636056
0.803310 0.280468 0.634972
0.835677 0.280434 0.633888
0.868045 0.280401 0.632804
0.900412 0.280368 0.631721
0.932779 0.280334 0.630637
0.965146 0.280301 0.629553
0.997513 0.280268 0.628469
1.000000 0.280234 0.627385
1.000000 0.280201 0.626301
1.000000 0.280168 0.625218
0.062623 0.312373 0.656254
0.094990 0.312339 0.655171
0.127357 0.312306 0.654087
0.159725 0.312272 0.653003
0.192092 0.312239 0.651919
0.224459 0.312206 0.650835
0.256826 0.312172 0.649751
0.289193 0.312139 0.648667
0.321561 0.312106 0.647584
0.353928 0.312072 0.646500
0.386295 0.312039 0.645416
0.418662 0.312006 0.644332
0.451029 0.311972 0.643248
0.483397 0.311939 0.642164
0.515764 0.311906 0.641081
0.548131 0.311872 0.639997
0.580498 0.311839 0.638913
0.612865 0.311806 0.637829
0.645233 0.311772 0.636745
0.677600 0.311739 0.635661
0.709967 0.311706 0.634578
0.742334 0.311672 0.633494
0.774701 0.311639 0.632410
0.807068 0.311606 0.631326
0.839436 0.311572 0.630242
0.871803 0.311539 0.629158
0.904170 0.311505 0.628074
0.936537 0.311472 0.626991
0.968904 0.311439 0.625907
1.000000 0.311405 0.624823
1.000000 0.311372 0.623739
1.000000 0.311339 0.622655
1.000000 0.311305 0.621571
0.066381 0.343510 0.652608
0.098749 0.343477 0.651524
0.131116 0.343444 0.650441
0.163483 0.343410 0.649357
0.195850 0.343377 0.648273
0.228217 0.343344 0.647189
0.260585 0.343310 0.646105
0.292952 0.343277 0.645021
0.325319 0.343244 0.643938
0.357686 0.343210 0.642854
0.390053 0.343177 0.641770
0.422420 0.343144 0.640686
0.454788 0.343110 0.639602
0.487155 0.343077 0.638518
0.519522 0.343043 0.637434
0.551889 0.343010 0.636351
0.584256 0.342977 0.635267
0.616624 0.342943 0.634183
0.648991 0.342910 0.633099
0.681358 0.342877 0.632015
0.713725 0.342843 0.630931
0.746092 0.342810 0.629848
0.778460 0.342777 0.628764
0.810827 0.342743 0.627680
0.843194 0.342710 0.626596
0.875561 0.342677 0.625512
0.907928 0.342643 0.624428
0.940296 0.342610 0.623345
0.972663 0.342577 0.622261
1.000000 0.342543 0.621177
1.000000 0.342510 0.620093
1.000000 0.342319 0.620606
1.000000 0.342002 0.622391
0.070140 0.374648 0.648962
0.102507 0.374615 0.647878
0.134874 0.374581 0.646794
0.167241 0.374548 0.645711
0.199608 0.374515 0.644627
0.231976 0.374481 0.643543
0.264343 0.374448 0.642459
0.296710 0.374415 0.641375
0.329077 0.374381 0.640291
0.361444 0.374348 0.639208
0.393812 0.374315 0.638124
0.426179 0.374281 0.637040
0.458546 0.374248 0.635956
0.490913 0.374215 0.634872
0.523280 0.374181 0.633788
0.555648 0.374148 0.632705
0.588015 0.374115 0.631621
0.620382 0.374081 0.630537
0.652749 0.374048 0.629453
0.685116 0.374015 0.628369
0.717484 0.373981 0.627285
0.749851 0.373948 0.626201
0.782218 0.373914 0.625118
0.814585 0.373881 0.624034
0.846952 0.373848 0.622950
0.879319 0.373814 0.621866
0.911687 0.373781 0.620782
0.944054 0.373748 0.619698
0.974041 0.373453 0.621256
1.000000 0.373137 0.623040
1.000000 0.372820 0.624824
1.000000 0.372503 0.626608
1.000000 0.372186 0.628393
0.073898 0.405786 0.645316
0.106265 0.405753 0.644232
0.138632 0.405719 0.643148
0.171000 0.405686 0.642065
0.203367 0.405653 0.640981
0.235734 0.405619 0.639897
0.268101 0.405586 0.638813
0.300468 0.405553 0.637729
0.332836 0.405519 0.636645
0.365203 0.405486 0.635561
0.397570 0.405452 0.634478
0.429937 0.405419 0.633394
0.462304 0.405386 0.632310
0.494671 0.405352 0.631226
0.527039 0.405319 0.630142
0.559406 0.405286 0.629058
0.591773 0.405252 0.627975
0.624140 0.405219 0.626891
0.656507 0.405186 0.625807
0.688875 0.405152 0.624723
0.721242 0.405119 0.623639
0.753609 0.405086 0.622555
0.785976 0.405052 0.621471
0.818343 0.405019 0.620388
0.849974 0.404905 0.620121
0.879757 0.404588 0.621905
0.909539 0.404271 0.623690
0.939322 0.403954 0.625474
0.969104 0.403638 0.627258
0.998887 0.403321 0.629042
1.000000 0.403004 0.630826
1.000000 0.402687 0.632611
1.000000 0.402370 0.634395
0.077656 0.436924 0.641670
0.110023 0.436890 0.640586
0.142391 0.436857 0.639502
0.174758 0.436824 0.638418
0.207125 0.436790 0.637335
0.239492 0.436757 0.636251
0.271859 0.436724 0.635167
0.304227 0.436690 0.634083
0.336594 0.436657 0.632999
0.368961 0.436624 0.631915
0.401328 0.436590 0.630831
0.433695 0.436557 0.629748
0.466063 0.436524 0.628664
0.498430 0.436490 0.627580
0.530797 0.436457 0.626496
0.563164 0.436424 0.625412
0.595531 0.436390 0.624328
0.627899 0.436357 0.623245
0.660266 0.436323 0.622161
0.692633 0.436290 0.621077
0.725000 0.436257 0.619993
0.755690 0.436039 0.620771
0.785472 0.435723 0.622555
0.815255 0.435406 0.624339
0.845038 0.435089 0.626123
0.874820 0.434772 0.627908
0.904603 0.434455 0.629692
0.934386 0.434139 0.631476
0.964168 0.433822 0.633260
0.993951 0.433505 0.635044
1.000000 0.433188 0.636828
1.000000 0.432871 0.638613
1.000000 0.432554 0.640397
0.081415 0.468062 0.638024
0.113782 0.468028 0.636940
0.146149 0.467995 0.635856
0.178516 0.467962 0.634772
0.210883 0.467928 0.633688
0.243251 0.467895 0.632605
0.275618 0.467861 0.631521
0.307985 0.467828 0.630437
0.340352 0.467795 0.629353
0.372719 0.467761 0.628269
0.405087 0.467728 0.627185
0.437454 0.467695 0.626102
0.469821 0.467661 0.625018
0.502188 0.467628 0.623934
0.534555 0.467595 0.622850
0.566922 0.467561 0.621766
0.599290 0.467528 0.620682
0.631623 0.467491 0.619636
0.661405 0.467174 0.621420
0.691188 0.466857 0.623205
0.720971 0.466540 0.624989
0.750753 0.466224 0.626773
0.780536 0.465907 0.628557
0.810319 0.465590 0.630341
0.840101 0.465273 0.632125
0.869884 0.464956 0.633910
0.899667 0.464640 0.635694
0.929449 0.464323 0.637478
0.959232 0.464006 0.639262
0.989015 0.463689 0.641046
1.000000 0.463372 0.642830
1.000000 0.463056 0.644615
1.000000 0.462739 0.646399
0.085173 0.499199 0.634378
0.117540 0.499166 0.633294
0.149907 0.499133 0.632210
0.182274 0.499099 0.631126
0.214642 0.499066 0.630042
0.247009 0.499033 0.628958
0.279376 0.498999 0.627875
0.311743 0.498966 0.626791
0.344110 0.498933 0.625707
0.376478 0.498899 0.624623
0.408845 0.498866 0.623539
0.441212 0.498833 0.622455
0.473579 0.498799 0.621372
0.505946 0.498766 0.620288
0.537339 0.498626 0.620286
0.567121 0.498309 0.622070
0.596904 0.497992 0.623854
0.626687 0.497675 0.625638
0.656469 0.497358 0.627422
0.686252 0.497042 0.629207
0.716034 0.496725 0.630991
0.745817 0.496408 0.632775
0.775600 0.496091 0.634559
0.805382 0.495774 0.636343
0.835165 0.495457 0.638128
0.864948 0.495141 0.639912
0.894730 0.494824 0.641696
0.924513 0.494507 0.643480
0.954296 0.494190 0.645264
0.984078 0.493873 0.647048
1.000000 0.493557 0.648833
1.000000 0.493240 0.650617
1.000000 0.492923 0.652401
0.088931 0.530337 0.630732
0.121298 0.530304 0.629648
0.153666 0.530271 0.628564
0.186033 0.530237 0.627480
0.218400 0.530204 0.626396
0.250767 0.530170 0.625312
0.283134 0.530137 0.624229
0.315502 0.530104 0.623145
0.347869 0.530070 0.622061
0.380236 0.530037 0.620977
0.412603 0.530004 0.619893
0.443054 0.529760 0.620935
0.472837 0.529443 0.622720
0.502620 0.529127 0.624504
0.532402 0.528810 0.626288
0.562185 0.528493 0.628072
0.591968 0.528176 0.629856
0.621750 0.527859 0.631640
0.651533 0.527543 0.633425
0.681316 0.527226 0.635209
0.711098 0.526909 0.636993
0.740881 0.526592 0.638777
0.770663 0.526275 0.640561
0.800446 0.525958 0.642345
0.830229 0.525642 0.644130
0.860011 0.525325 0.645914
0.889794 0.525008 0.647698
0.919577 0.524691 0.649482
0.949359 0.524374 0.651266
0.979142 0.524058 0.653050
1.000000 0.523741 0.654835
1.000000 0.523424 0.656619
1.000000 0.523107 0.658403
0.092690 0.561475 0.627085
0.125057 0.561442 0.626002
0.157424 0.561408 0.624918
0.189791 0.561375 0.623834
0.222158 0.561342 0.622750
0.254525 0.561308 0.621666
0.286893 0.561275 0.620582
0.318988 0.561212 0.619801
0.348770 0.560895 0.621585
0.378553 0.560578 0.623369
0.408335 0.560261 0.625153
0.438118 0.559944 0.626937
0.467901 0.559628 0.628722
0.497683 0.559311 0.630506
0.527466 0.558994 0.632290
0.557249 0.558677 0.634074
0.587031 0.558360 0.635858
0.616814 0.558044 0.637642
0.646597 0.557727 0.639427
0.676379 0.557410 0.641211
0.706162 0.557093 0.642995
0.735945 0.556776 0.644779
0.765727 0.556459 0.646563
0.795510 0.556143 0.648347
0.825292 0.555826 0.650132
0.855075 0.555509 0.651916
0.884858 0.555192 0.653700
0.914640 0.554875 0.655484
0.944423 0.554559 0.657268
0.974206 0.554242 0.659053
1.000000 0.553925 0.660837
1.000000 0.553608 0.662621
1.000000 0.553291 0.664405
0.096448 0.592613 0.623439
0.128815 0.592579 0.622355
0.161182 0.592546 0.621272
0.193549 0.592513 0.620188
0.224703 0.592346 0.620450
0.254486 0.592030 0.622234
0.284269 0.591713 0.624019
0.314051 0.591396 0.625803
0.343834 0.591079 0.627587
0.373617 0.590762 0.629371
0.403399 0.590445 0.631155
0.433182 0.590129 0.632939
0.462964 0.589812 0.634724
0.492747 0.589495 0.636508
0.522530 0.589178 0.638292
0.552312 0.588861 0.640076
0.582095 0.588545 0.641860
0.611878 0.588228 0.643645
0.641660 0.587911 0.645429
0.671443 0.587594 0.647213
0.701226 0.587277 0.648997
0.731008 0.586961 0.650781
0.760791 0.586644 0.652565
0.790574 0.586327 0.654350
0.820356 0.586010 0.656134
0.850139 0.585693 0.657918
0.879921 0.585376 0.659702
0.909704 0.585060 0.661486
0.939487 0.584743 0.663270
0.969269 0.584426 0.665055
0.999052 0.584109 0.666839
1.000000 0.583792 0.668623
1.000000 0.583476 0.670407
0.100206 0.623751 0.619793
0.130419 0.623481 0.621100
0.160202 0.623164 0.622884
0.189984 0.622847 0.624668
0.219767 0.622531 0.626452
0.249550 0.622214 0.628237
0.279332 0.621897 0.630021
0.309115 0.621580 0.631805
0.338898 0.621263 0.633589
0.368680 0.620947 0.635373
0.398463 0.620630 0.637157
0.428246 0.620313 0.638942
0.458028 0.619996 0.640726
0.487811 0.619679 0.642510
0.517593 0.619362 0.644294
0.547376 0.619046 0.646078
0.577159 0.618729 0.647862
0.606941 0.618412 0.649647
0.636724 0.618095 0.651431
0.666507 0.617778 0.653215
0.696289 0.617462 0.654999
0.726072 0.617145 0.656783
0.755855 0.616828 0.658567
0.785637 0.616511 0.660352
0.815420 0.616194 0.662136
0.845203 0.615877 0.663920
0.874985 0.615561 0.665704
0.904768 0.615244 0.667488
0.934550 0.614927 0.669272
0.964333 0.614610 0.671057
0.994116 0.614293 0.672841
1.000000 0.613977 0.674625
1.000000 0.613660 0.676409
0.095700 0.653982 0.625318
0.125483 0.653665 0.627102
0.155265 0.653348 0.628886
0.185048 0.653032 0.630670
0.214831 0.652715 0.632454
0.244613 0.652398 0.634239
0.274396 0.652081 0.636023
0.304179 0.651764 0.637807
0.333961 0.651448 0.639591
0.363744 0.651131 0.641375
0.393527 0.650814 0.643159
0.423309 0.650497 0.644944
0.453092 0.650180 0.646728
0.482875 0.649863 0.648512
0.512657 0.649547 0.650296
0.542440 0.649230 0.652080
0.572222 0.648913 0.653864
0.602005 0.648596 0.655649
0.631788 0.648279 0.657433
0.661570 0.647963 0.659217
0.691353 0.647646 0.661001
0.721136 0.647329 0.662785
0.750918 0.647012 0.664570
0.780701 0.646695 0.666354
0.810484 0.646378 0.668138
0.840266 0.646062 0.669922
0.870049 0.645745 0.671706
0.899832 0.645428 0.673490
0.929614 0.645111 0.675275
0.959397 0.644794 0.677059
0.989179 0.644478 0.678843
1.000000 0.644161 0.680627
1.000000 0.643844 0.682411
0.090764 0.684166 0.631320
0.120547 0.683849 0.633104
0.150329 0.683533 0.634888
0.180112 0.683216 0.636672
0.209894 0.682899 0.638456
0.239677 0.682582 0.640241
0.269460 0.682265 0.642025
0.299242 0.681949 0.643809
0.329025 0.681632 0.645593
0.358808 0.681315 0.647377
0.388590 0.680998 0.649162
0.418373 0.680681 0.650946
0.448156 0.680364 0.652730
0.477938 0.680048 0.654514
0.507721 0.679731 0.656298
0.537504 0.679414 0.658082
0.567286 0.679097 0.659867
0.597069 0.678780 0.661651
0.626851 0.678464 0.663435
0.656634 0.678147 0.665219
0.686417 0.677830 0.667003
0.716199 0.677513 0.668787
0.745982 0.677196 0.670572
0.775765 0.676880 0.672356
0.805547 0.676563 0.674140
0.835330 0.676246 0.675924
0.865113 0.675929 0.677708
0.894895 0.675612 0.679492
0.924678 0.675295 0.681277
0.954461 0.674979 0.683061
0.984243 0.674662 0.684845
1.000000 0.674345 0.686629
1.000000 0.674028 0.688413
0.085828 0.714350 0.637322
0.115610 0.714034 0.639106
0.145393 0.713717 0.640890
0.175176 0.713400 0.642674
0.204958 0.713083 0.644459
0.234741 0.712766 0.646243
0.264523 0.712450 0.648027
0.294306 0.712133 0.649811
0.324089 0.711816 0.651595
0.353871 0.711499 0.653379
0.383654 0.711182 0.655164
0.413437 0.710866 0.656948
0.443219 0.710549 0.658732
0.473002 0.710232 0.660516
0.502785 0.709915 0.662300
0.532567 0.709598 0.664084
0.562350 0.709281 0.665869
0.592133 0.708965 0.667653
0.621915 0.708648 0.669437
0.651698 0.708331 0.671221
0.681481 0.708014 0.673005
0.711263 0.707697 0.674789
0.741046 0.707381 0.676574
0.770828 0.707064 0.678358
0.800611 0.706747 0.680142
0.830394 0.706430 0.681926
0.860176 0.706113 0.683710
0.889959 0.705796 0.685495
0.919742 0.705480 0.687279
0.949524 0.705163 0.689063
0.979307 0.704846 0.690847
1.000000 0.704529 0.692631
1.000000 0.704212 0.694415
0.080891 0.744535 0.643324
0.110674 0.744218 0.645108
0.140457 0.743901 0.646892
0.170239 0.743584 0.648676
0.200022 0.743267 0.650461
0.229805 0.742951 0.652245
0.259587 0.742634 0.654029
0.289370 0.742317 0.655813
0.319153 0.742000 0.657597
0.348935 0.741683 0.659381
0.378718 0.741367 0.661166
0.408500 0.741050 0.662950
0.438283 0.740733 0.664734
0.468066 0.740416 0.666518
0.497848 0.740099 0.668302
0.527631 0.739782 0.670087
0.557414 0.739466 0.671871
0.587196 0.739149 0.673655
0.616979 0.738832 0.675439
0.646762 0.738515 0.677223
0.676544 0.738198 0.679007
0.706327 0.737882 0.680792
0.736110 0.737565 0.682576
0.765892 0.737248 0.684360
0.795675 0.736931 0.686144
0.825457 0.736614 0.687928
0.855240 0.736297 0.689712
0.885023 0.735981 0.691497
0.914805 0.735664 0.693281
0.944588 0.735347 0.695065
0.974371 0.735030 0.696849
1.000000 0.734713 0.698633
1.000000 0.734397 0.700417
0.075955 0.774719 0.649326
0.105738 0.774402 0.651110
0.135520 0.774085 0.652894
0.165303 0.773768 0.654679
0.195086 0.773452 0.656463
0.224868 0.773135 0.658247
0.254651 0.772818 0.660031
0.284434 0.772501 0.661815
0.314216 0.772184 0.663599
0.343999 0.771868 0.665384
0.373782 0.771551 0.667168
0.403564 0.771234 0.668952
0.433347 0.770917 0.670736
0.463129 0.770600 0.672520
0.492912 0.770283 0.674304
0.522695 0.769967 0.676089
0.552477 0.769650 0.677873
0.582260 0.769333 0.679657
0.612043 0.769016 0.681441
0.641825 0.768699 0.683225
0.671608 0.768383 0.685009
0.701391 0.768066 0.686794
0.731173 0.767749 0.688578
0.760956 0.767432 0.690362
0.790739 0.767115 0.692146
0.820521 0.766799 0.693930
0.850304 0.766482 0.695715
0.880086 0.766165 0.697499
0.909869 0.765848 0.699283
0.939652 0.765531 0.701067
0.969434 0.765214 0.702851
0.999217 0.764898 0.704635
1.000000 0.764581 0.706420
0.071019 0.804903 0.655328
0.100801 0.804586 0.657112
0.130584 0.804269 0.658896
0.160367 0.803953 0.660681
0.190149 0.803636 0.662465
0.219932 0.803319 0.664249
0.249715 0.803002 0.666033
0.279497 0.802685 0.667817
0.309280 0.802369 0.669601
0.339063 0.802052 0.671386
0.368845 0.801735 0.673170
0.398628 0.801418 0.674954
0.428411 0.801101 0.676738
0.458193 0.800785 0.678522
0.487976 0.800468 0.680307
0.517758 0.800151 0.682091
0.547541 0.799834 0.683875
0.577324 0.799517 0.685659
0.607106 0.799200 0.687443
0.636889 0.798884 0.689227
0.666672 0.798567 0.691012
0.696454 0.798250 0.692796
0.726237 0.797933 0.694580
0.756020 0.797616 0.696364
0.785802 0.797300 0.698148
0.815585 0.796983 0.699932
0.845368 0.796666 0.701717
0.875150 0.796349 0.703501
0.904933 0.796032 0.705285
0.934715 0.795715 0.707069
0.964498 0.795399 0.708853
0.994281 0.795082 0.710637
1.000000 0.794765 0.712422
0.066083 0.835087 0.661330
0.095865 0.834771 0.663114
0.125648 0.834454 0.664899
0.155430 0.834137 0.666683
0.185213 0.833820 0.668467
0.214996 0.833503 0.670251
0.244778 0.833186 0.672035
0.274561 0.832870 0.673819
0.304344 0.832553 0.675604
0.334126 0.832236 0.677388
0.363909 0.831919 0.679172
0.393692 0.831602 0.680956
0.423474 0.831286 0.682740
0.453257 0.830969 0.684524
0.483040 0.830652 0.686309
0.512822 0.830335 0.688093
0.542605 0.830018 0.689877
0.572387 0.829701 0.691661
0.602170 0.829385 0.693445
0.631953 0.829068 0.695229
0.661735 0.828751 0.697014
0.691518 0.828434 0.698798
0.721301 0.828117 0.700582
0.751083 0.827801 0.702366
0.780866 0.827484 0.704150
0.810649 0.827167 0.705934
0.840431 0.826850 0.707719
0.870214 0.826533 0.709503
0.899997 0.826216 0.711287
0.929779 0.825900 0.713071
0.959562 0.825583 0.714855
0.989344 0.825266 0.716640
1.000000 0.824949 0.718424
0.061146 0.865272 0.667332
0.090929 0.864955 0.669116
0.120712 0.864638 0.670901
0.150494 0.864321 0.672685
0.180277 0.864004 0.674469
0.210059 0.863687 0.676253
0.239842 0.863371 0.678037
0.269625 0.863054 0.679821
0.299407 0.862737 0.681606
0.329190 0.862420 0.683390
0.358973 0.862103 0.685174
0.388755 0.861787 0.686958
0.418538 0.861470 0.688742
0.448321 0.861153 0.690526
0.478103 0.860836 0.692311
0.507886 0.860519 0.694095
0.537669 0.860202 0.695879
0.567451 0.859886 0.697663
0.597234 0.859569 0.699447
0.627016 0.859252 0.701232
0.656799 0.858935 0.703016
0.686582 0.858618 0.704800
0.716364 0.858302 0.706584
0.746147 0.857985 0.708368
0.775930 0.857668 0.710152
0.805712 0.857351 0.711937
0.835495 0.857034 0.713721
0.865278 0.856718 0.715505
0.895060 0.856401 0.717289
0.924843 0.856084 0.719073
0.954626 0.855767 0.720857
0.984408 0.855450 0.722642
1.000000 0.855133 0.724426
0.056210 0.895456 0.673334
0.085993 0.895139 0.675118
0.115775 0.894822 0.676903
0.145558 0.894505 0.678687
0.175341 0.894188 0.680471
0.205123 0.893872 0.682255
0.234906 0.893555 0.684039
0.264688 0.893238 0.685824
0.294471 0.892921 0.687608
0.324254 0.892604 0.689392
0.354036 0.892288 0.691176
0.383819 0.891971 0.692960
0.413602 0.891654 0.694744
0.443384 0.891337 0.696529
0.473167 0.891020 0.698313
0.502950 0.890704 0.700097
0.532732 0.890387 0.701881
0.562515 0.890070 0.703665
0.592298 0.889753 0.705449
0.622080 0.889436 0.707234
0.651863 0.889119 0.709018
0.681645 0.888803 0.710802
0.711428 0.888486 0.712586
0.741211 0.888169 0.714370
0.770993 0.887852 0.716154
0.800776 0.887535 0.717939
0.830559 0.887219 0.719723
0.860341 0.886902 0.721507
0.890124 0.886585 0.723291
0.919907 0.886268 0.725075
0.949689 0.885951 0.726859
0.979472 0.885634 0.728644
1.000000 0.885318 0.730428
0.051274 0.925640 0.679336
0.081056 0.925323 0.681121
0.110839 0.925006 0.682905
0.140622 0.924690 0.684689
0.170404 0.924373 0.686473
0.200187 0.924056 0.688257
0.229970 0.923739 0.690041
0.259752 0.923422 0.691826
0.289535 0.923105 0.693610
0.319317 0.922789 0.695394
0.349100 0.922472 0.697178
0.378883 0.922155 0.698962
0.408665 0.921838 0.700746
0.438448 0.921521 0.702531
0.468231 0.921205 0.704315
0.498013 0.920888 0.706099
0.527796 0.920571 0.707883
0.557579 0.920254 0.709667
0.587361 0.919937 0.711451
0.617144 0.919620 0.713236
0.646927 0.919304 0.715020
0.676709 0.918987 0.716804
0.706492 0.918670 0.718588
0.736274 0.918353 0.720372
0.766057 0.918036 0.722157
0.795840 0.917720 0.723941
0.825622 0.917403 0.725725
0.855405 0.917086 0.727509
0.885188 0.916769 0.729293
0.914970 0.916452 0.731077
0.944753 0.916135 0.732862
0.974536 0.915819 0.734646
1.000000 0.915502 0.736430
0.046337 0.955824 0.685338
0.076120 0.955507 0.687123
0.105903 0.955191 0.688907
0.135685 0.954874 0.690691
0.165468 0.954557 0.692475
0.195251 0.954240 0.694259
0.225033 0.953923 0.696043
0.254816 0.953606 0.697828
0.284599 0.953290 0.699612
0.314381 0.952973 0.701396
0.344164 0.952656 0.703180
0.373946 0.952339 0.704964
0.403729 0.952022 0.706749
0.433512 0.951706 0.708533
0.463294 0.951389 0.710317
0.493077 0.951072 0.712101
0.522860 0.950755 0.713885
0.552642 0.950438 0.715669
0.582425 0.950121 0.717454
0.612208 0.949805 0.719238
0.641990 0.949488 0.721022
0.671773 0.949171 0.722806
0.701556 0.948854 0.724590
0.731338 0.948537 0.726374
0.761121 0.948221 0.728159
0.790903 0.947904 0.729943
0.820686 0.947587 0.731727
0.850469 0.947270 0.733511
0.880251 0.946953 0.735295
0.910034 0.946637 0.737079
0.939817 0.946320 0.738864
0.969599 0.946003 0.740648
0.999382 0.945686 0.742432
0.041401 0.986008 0.691341
0.071184 0.985692 0.693125
0.100966 0.985375 0.694909
0.130749 0.985058 0.696693
0.160532 0.984741 0.698477
0.190314 0.984424 0.700261
0.220097 0.984107 0.702046
0.249880 0.983791 0.703830
0.279662 0.983474 0.705614
0.309445 0.983157 0.707398
0.339228 0.982840 0.709182
0.369010 0.982523 0.710966
0.398793 0.982207 0.712751
0.428575 0.981890 0.714535
0.458358 0.981573 0.716319
0.488141 0.981256 0.718103
0.517923 0.980939 0.719887
0.547706 0.980623 0.721671
0.577489 0.980306 0.723456
0.607271 0.979989 0.725240
0.637054 0.979672 0.727024
0.666837 0.979355 0.728808
0.696619 0.979038 0.730592
0.726402 0.978722 0.732376
0.756185 0.978405 0.734161
0.785967 0.978088 0.735945
0.815750 0.977771 0.737729
0.845532 0.977454 0.739513
0.875315 0.977138 0.741297
0.905098 0.976821 0.743082
0.934880 0.976504 0.744866
0.964663 0.976187 0.746650
0.994446 0.975870 0.748434
0.025419 0.000983 0.723597
0.057787 0.000950 0.722514
0.090154 0.000916 0.721430
0.122521 0.000883 0.720346
0.154888 0.000850 0.719262
0.187255 0.000816 0.718178
0.219623 0.000783 0.717094
0.251990 0.000750 0.716011
0.284357 0.000716 0.714927
0.316724 0.000683 0.713843
0.349091 0.000650 0.712759
0.381459 0.000616 0.711675
0.413826 0.000583 0.710591
0.446193 0.000550 0.709508
0.478560 0.000516 0.708424
0.510927 0.000483 0.707340
0.543294 0.000450 0.706256
0.575662 0.000416 0.705172
0.608029 0.000383 0.704088
0.640396 0.000349 0.703004
0.672763 0.000316 0.701921
0.705130 0.000283 0.700837
0.737498 0.000249 0.699753
0.769865 0.000216 0.698669
0.802232 0.000183 0.697585
0.834599 0.000149 0.696501
0.866966 0.000116 0.695418
0.899334 0.000083 0.694334
0.931701 0.000049 0.693250
0.964068 0.000016 0.692166
0.996435 0.000000 0.691082
1.000000 0.000000 0.689998
1.000000 0.000000 0.688915
0.029178 0.032121 0.719951
0.061545 0.032088 0.718868
0.093912 0.032054 0.717784
0.126279 0.032021 0.716700
0.158646 0.031988 0.715616
0.191014 0.031954 0.714532
0.223381 0.031921 0.713448
0.255748 0.031887 0.712364
0.288115 0.031854 0.711281
0.320482 0.031821 0.710197
0.352850 0.031787 0.709113
0.385217 0.031754 0.708029
0.417584 0.031721 0.706945
0.449951 0.031687 0.705861
0.482318 0.031654 0.704778
0.514686 0.031621 0.703694
0.547053 0.031587 0.702610
0.579420 0.031554 0.701526
0.611787 0.031521 0.700442
0.644154 0.031487 0.699358
0.676522 0.031454 0.698275
0.708889 0.031421 0.697191
0.741256 0.031387 0.696107
0.773623 0.031354 0.695023
0.805990 0.031321 0.693939
0.838358 0.031287 0.692855
0.870725 0.031254 0.691771
0.903092 0.031220 0.690688
0.935459 0.031187 0.689604
0.967826 0.031154 0.688520
1.000000 0.031120 0.687436
1.000000 0.031087 0.686352
1.000000 0.031054 0.685268
0.032936 0.063259 0.716305
0.065303 0.063225 0.715221
0.097670 0.063192 0.714138
0.130038 0.063159 0.713054
0.162405 0.063125 0.711970
0.194772 0.063092 0.710886
0.227139 0.063059 0.709802
0.259506 0.063025 0.708718
0.291874 0.062992 0.707635
0.324241 0.062959 0.706551
0.356608 0.062925 0.705467
0.388975 0.062892 0.704383
0.421342 0.062859 0.703299
0.453710 0.062825 0.702215
0.486077 0.062792 0.701131
0.518444 0.062758 0.700048
0.550811 0.062725 0.698964
0.583178 0.062692 0.697880
0.615545 0.062658 0.696796
0.647913 0.062625 0.695712
0.680280 0.062592 0.694628
0.712647 0.062558 0.693545
0.745014 0.062525 0.692461
0.777381 0.062492 0.691377
0.809749 0.062458 0.690293
0.842116 0.062425 0.689209
0.874483 0.062392 0.688125
0.906850 0.062358 0.687041
0.939217 0.062325 0.685958
0.971585 0.062292 0.684874
1.000000 0.062258 0.683790
1.000000 0.062225 0.682706
1.000000 0.062192 0.681622
0.036694 0.094397 0.712659
0.069062 0.094363 0.711575
0.101429 0.094330 0.710491
0.133796 0.094296 0.709408
0.166163 0.094263 0.708324
0.198530 0.094230 0.707240
0.230897 0.094196 0.706156
0.263265 0.094163 0.705072
0.295632 0.094130 0.703988
0.327999 0.094096 0.702905
0.360366 0.094063 0.701821
0.392733 0.094030 0.700737
0.425101 0.093996 0.699653
0.457468 0.093963 0.698569
0.489835 0.093930 0.697485
0.522202 0.093896 0.696401
0.554569 0.093863 0.695318
0.586937 0.093830 0.694234
0.619304 0.093796 0.693150
0.651671 0.093763 0.692066
0.684038 0.093730 0.690982
0.716405 0.093696 0.689898
0.748773 0.093663 0.688815
0.781140 0.093629 0.687731
0.813507 0.093596 0.686647
0.845874 0.093563 0.685563
0.878241 0.093529 0.684479
0.910609 0.093496 0.683395
0.942976 0.093463 0.682312
0.975343 0.093429 0.681228
1.000000 0.093396 0.680144
1.000000 0.093363 0.679060
1.000000 0.093329 0.677976
0.040453 0.125534 0.709013
0.072820 0.125501 0.707929
0.105187 0.125468 0.706845
0.137554 0.125434 0.705761
0.169921 0.125401 0.704678
0.202289 0.125368 0.703594
0.234656 0.125334 0.702510
0.267023 0.125301 0.701426
0.299390 0.125268 0.700342
0.331757 0.125234 0.699258
0.364125 0.125201 0.698175
0.396492 0.125167 0.697091
0.428859 0.125134 0.696007
0.461226 0.125101 0.694923
0.493593 0.125067 0.693839
0.525961 0.125034 0.692755
0.558328 0.125001 0.691672
0.590695 0.124967 0.690588
0.623062 0.124934 0.689504
0.655429 0.124901 0.688420
0.687796 0.124867 0.687336
0.720164 0.124834 0.686252
0.752531 0.124801 0.685168
0.784898 0.124767 0.684085
0.817265 0.124734 0.683001
0.849632 0.124701 0.681917
0.882000 0.124667 0.680833
0.914367 0.124634 0.679749
0.946734 0.124601 0.678665
0.979101 0.124567 0.677582
1.000000 0.124534 0.676498
1.000000 0.124501 0.675414
1.000000 0.124467 0.674330
0.044211 0.156672 0.705367
0.076578 0.156639 0.704283
0.108945 0.156605 0.703199
0.141313 0.156572 0.702115
0.173680 0.156539 0.701032
0.206047 0.156505 0.699948
0.238414 0.156472 0.698864
0.270781 0.156439 0.697780
0.303148 0.156405 0.696696
0.335516 0.156372 0.695612
0.367883 0.156339 0.694528
0.400250 0.156305 0.693445
0.432617 0.156272 0.692361
0.464984 0.156239 0.691277
0.497352 0.156205 0.690193
0.529719 0.156172 0.689109
0.562086 0.156139 0.688025
0.594453 0.156105 0.686942
0.626820 0.156072 0.685858
0.659188 0.156039 0.684774
0.691555 0.156005 0.683690
0.723922 0.155972 0.682606
0.756289 0.155938 0.681522
0.788656 0.155905 0.680439
0.821024 0.155872 0.679355
0.853391 0.155838 0.678271
0.885758 0.155805 0.677187
0.918125 0.155772 0.676103
0.950492 0.155738 0.675019
0.982860 0.155705 0.673935
1.000000 0.155672 0.672852
1.000000 0.155638 0.671768
1.000000 0.155605 0.670684
0.047969 0.187810 0.701721
0.080336 0.187777 0.700637
0.112704 0.187743 0.699553
0.145071 0.187710 0.698469
0.177438 0.187677 0.697385
0.209805 0.187643 0.696302
0.242172 0.187610 0.695218
0.274540 0.187577 0.694134
0.306907 0.187543 0.693050
0.339274 0.187510 0.691966
0.371641 0.187476 0.690882
0.404008 0.187443 0.689799
0.436376 0.187410 0.688715
0.468743 0.187376 0.687631
0.501110 0.187343 0.686547
0.533477 0.187310 0.685463
0.565844 0.187276 0.684379
0.598212 0.187243 0.683295
0.630579 0.187210 0.682212
0.662946 0.187176 0.681128
0.695313 0.187143 0.680044
0.727680 0.187110 0.678960
0.760047 0.187076 0.677876
0.792415 0.187043 0.676792
0.824782 0.187010 0.675709
0.857149 0.186976 0.674625
0.889516 0.186943 0.673541
0.921883 0.186910 0.672457
0.954251 0.186876 0.671373
0.986618 0.186843 0.670289
1.000000 0.186809 0.669205
1.000000 0.186776 0.668122
1.000000 0.186743 0.667038
0.051728 0.218948 0.698075
0.084095 0.218914 0.696991
0.116462 0.218881 0.695907
0.148829 0.218848 0.694823
0.181196 0.218814 0.693739
0.213564 0.218781 0.692655
0.245931 0.218748 0.691572
0.278298 0.218714 0.690488
0.310665 0.218681 0.689404
0.343032 0.218648 0.688320
0.375399 0.218614 0.687236
0.407767 0.218581 0.686152
0.440134 0.218548 0.685069
0.472501 0.218514 0.683985
0.504868 0.218481 0.682901
0.537235 0.218448 0.681817
0.569603 0.218414 0.680733
0.601970 0.218381 0.679649
0.634337 0.218347 0.678565
0.666704 0.218314 0.677482
0.699071 0.218281 0.676398
0.731439 0.218247 0.675314
0.763806 0.218214 0.674230
0.796173 0.218181 0.673146
0.828540 0.218147 0.672062
0.860907 0.218114 0.670979
0.893275 0.218081 0.669895
0.925642 0.218047 0.668811
0.958009 0.218014 0.667727
0.990376 0.217981 0.666643
1.000000 0.217947 0.665559
1.000000 0.217914 0.664476
1.000000 0.217881 0.663392
0.055486 0.250086 0.694429
0.087853 0.250052 0.693345
0.120220 0.250019 0.692261
0.152587 0.249986 0.691177
0.184955 0.249952 0.690093
0.217322 0.249919 0.689009
0.249689 0.249885 0.687925
0.282056 0.249852 0.686842
0.314423 0.249819 0.685758
0.346791 0.249785 0.684674
0.379158 0.249752 0.683590
0.411525 0.249719 0.682506
0.443892 0.249685 0.681422
0.476259 0.249652 0.680339
0.508627 0.249619 0.679255
0.540994 0.249585 0.678171
0.573361 0.249552 0.677087
0.605728 0.249519 0.676003
0.638095 0.249485 0.674919
0.670463 0.249452 0.673836
0.702830 0.249419 0.672752
0.735197 0.249385 0.671668
0.767564 0.249352 0.670584
0.799931 0.249319 0.669500
0.832298 0.249285 0.668416
0.864666 0.249252 0.667332
0.897033 0.249219 0.666249
0.929400 0.249185 0.665165
0.961767 0.249152 0.664081
0.994134 0.249118 0.662997
1.000000 0.249085 0.661913
1.000000 0.249052 0.660829
1.000000 0.249018 0.659746
0.059244 0.281223 0.690782
0.091611 0.281190 0.689699
0.123979 0.281157 0.688615
0.156346 0.281123 0.687531
0.188713 0.281090 0.686447
0.221080 0.281057 0.685363
0.253447 0.281023 0.684279
0.285815 0.280990 0.683196
0.318182 0.280957 0.682112
0.350549 0.280923 0.681028
0.382916 0.280890 0.679944
0.415283 0.280857 0.678860
0.447650 0.280823 0.677776
0.480018 0.280790 0.676692
0.512385 0.280757 0.675609
0.544752 0.280723 0.674525
0.577119 0.280690 0.673441
0.609486 0.280656 0.672357
0.641854 0.280623 0.671273
0.674221 0.280590 0.670189
0.706588 0.280556 0.669106
0.738955 0.280523 0.668022
0.771322 0.280490 0.666938
0.803690 0.280456 0.665854
0.836057 0.280423 0.664770
0.868424 0.280390 0.663686
0.900791 0.280356 0.662603
0.933158 0.280323 0.661519
0.965526 0.280290 0.660435
0.997893 0.280256 0.659351
1.000000 0.280223 0.658267
1.000000 0.280190 0.657183
1.000000 0.280156 0.656099
0.063002 0.312361 0.687136
0.095370 0.312328 0.686052
0.127737 0.312295 0.684969
0.160104 0.312261 0.683885
0.192471 0.312228 0.682801
0.224838 0.312194 0.681717
0.257206 0.312161 0.680633
0.289573 0.312128 0.679549
0.321940 0.312094 0.678466
0.354307 0.312061 0.677382
0.386674 0.312028 0.676298
0.419042 0.311994 0.675214
0.451409 0.311961 0.674130
0.483776 0.311928 0.673046
0.516143 0.311894 0.671963
0.548510 0.311861 0.670879
0.580878 0.311828 0.669795
0.613245 0.311794 0.668711
0.645612 0.311761 0.667627
0.677979 0.311728 0.666543
0.710346 0.311694 0.665459
0.742714 0.311661 0.664376
0.775081 0.311628 0.663292
0.807448 0.311594 0.662208
0.839815 0.311561 0.661124
0.872182 0.311527 0.660040
0.904549 0.311494 0.658956
0.936917 0.311461 0.657873
0.969284 0.311427 0.656789
1.000000 0.311394 0.655705
1.000000 0.311361 0.654621
1.000000 0.311327 0.653537
1.000000 0.311294 0.652453
0.066761 0.343499 0.683490
0.099128 0.343466 0.682406
0.131495 0.343432 0.681323
0.163862 0.343399 0.680239
0.196230 0.343366 0.679155
0.228597 0.343332 0.678071
0.260964 0.343299 0.676987
0.293331 0.343266 0.675903
0.325698 0.343232 0.674819
0.358066 0.343199 0.673736
0.390433 0.343166 0.672652
0.422800 0.343132 0.671568
0.455167 0.343099 0.670484
0.487534 0.343065 0.669400
0.519901 0.343032 0.668316
0.552269 0.342999 0.667233
0.584636 0.342965 0.666149
0.617003 0.342932 0.665065
0.649370 0.342899 0.663981
0.681737 0.342865 0.662897
0.714105 0.342832 0.661813
0.746472 0.342799 0.660729
0.778839 0.342765 0.659646
0.811206 0.342732 0.658562
0.843573 0.342699 0.657478
0.875941 0.342665 0.656394
0.908308 0.342632 0.655310
0.940675 0.342599 0.654226
0.973042 0.342565 0.653143
1.000000 0.342532 0.652059
1.000000 0.342499 0.650975
1.000000 0.342211 0.652462
1.000000 0.341894 0.654246
0.070519 0.374637 0.679844
0.102886 0.374603 0.678760
0.135253 0.374570 0.677676
0.167621 0.374537 0.676593
0.199988 0.374503 0.675509
0.232355 0.374470 0.674425
0.264722 0.374437 0.673341
0.297089 0.374403 0.672257
0.329457 0.374370 0.671173
0.361824 0.374337 0.670089
0.394191 0.374303 0.669006
0.426558 0.374270 0.667922
0.458925 0.374237 0.666838
0.491293 0.374203 0.665754
0.523660 0.374170 0.664670
0.556027 0.374137 0.663586
0.588394 0.374103 0.662503
0.620761 0.374070 0.661419
0.653129 0.374037 0.660335
0.685496 0.374003 0.659251
0.717863 0.373970 0.658167
0.750230 0.373937 0.657083
0.782597 0.373903 0.656000
0.814965 0.373870 0.654916
0.847332 0.373836 0.653832
0.879699 0.373803 0.652748
0.912066 0.373770 0.651664
0.943760 0.373663 0.651328
0.973542 0.373346 0.653112
1.000000 0.373029 0.654896
1.000000 0.372712 0.656680
1.000000 0.372395 0.658464
1.000000 0.372078 0.660249
0.074277 0.405775 0.676198
0.106645 0.405741 0.675114
0.139012 0.405708 0.674030
0.171379 0.405675 0.672946
0.203746 0.405641 0.671863
0.236113 0.405608 0.670779
0.268481 0.405575 0.669695
0.300848 0.405541 0.668611
0.333215 0.405508 0.667527
0.365582 0.405475 0.666443
0.397949 0.405441 0.665360
0.430317 0.405408 0.664276
0.462684 0.405374 0.663192
0.495051 0.405341 0.662108
0.527418 0.405308 0.661024
0.559785 0.405274 0.659940
0.592152 0.405241 0.658856
0.624520 0.405208 0.657773
0.656887 0.405174 0.656689
0.689254 0.405141 0.655605
0.721621 0.405108 0.654521
0.753988 0.405074 0.653437
0.786356 0.405041 0.652353
0.818723 0.405008 0.651270
0.849476 0.404797 0.651977
0.879258 0.404480 0.653761
0.909041 0.404164 0.655546
0.938824 0.403847 0.657330
0.968606 0.403530 0.659114
0.998389 0.403213 0.660898
1.000000 0.402896 0.662682
1.000000 0.402579 0.664466
1.000000 0.402263 0.666251
0.078036 0.436912 0.672552
0.110403 0.436879 0.671468
0.142770 0.436846 0.670384
0.175137 0.436812 0.669300
0.207504 0.436779 0.668216
0.239872 0.436746 0.667133
0.272239 0.436712 0.666049
0.304606 0.436679 0.664965
0.336973 0.436646 0.663881
0.369340 0.436612 0.662797
0.401708 0.436579 0.661713
0.434075 0.436546 0.660630
0.466442 0.436512 0.659546
0.498809 0.436479 0.658462
0.531176 0.436446 0.657378
0.563544 0.436412 0.656294
0.595911 0.436379 0.655210
0.628278 0.436346 0.654127
0.660645 0.436312 0.653043
0.693012 0.436279 0.651959
0.725380 0.436245 0.650875
0.755191 0.435932 0.652627
0.784974 0.435615 0.654411
0.814757 0.435298 0.656195
0.844539 0.434981 0.657979
0.874322 0.434665 0.659763
0.904105 0.434348 0.661548
0.933887 0.434031 0.663332
0.963670 0.433714 0.665116
0.993453 0.433397 0.666900
1.000000 0.433081 0.668684
1.000000 0.432764 0.670469
1.000000 0.432447 0.672253
0.081794 0.468050 0.668906
0.114161 0.468017 0.667822
0.146528 0.467984 0.666738
0.178896 0.467950 0.665654
0.211263 0.467917 0.664570
0.243630 0.467884 0.663487
0.275997 0.467850 0.662403
0.308364 0.467817 0.661319
0.340732 0.467783 0.660235
0.373099 0.467750 0.659151
0.405466 0.467717 0.658067
0.437833 0.467683 0.656983
0.470200 0.467650 0.655900
0.502568 0.467617 0.654816
0.534935 0.467583 0.653732
0.567302 0.467550 0.652648
0.599669 0.467517 0.651564
0.631125 0.467383 0.651492
0.660907 0.467067 0.653276
0.690690 0.466750 0.655061
0.720472 0.466433 0.656845
0.750255 0.466116 0.658629
0.780038 0.465799 0.660413
0.809820 0.465482 0.662197
0.839603 0.465166 0.663981
0.869386 0.464849 0.665766
0.899168 0.464532 0.667550
0.928951 0.464215 0.669334
0.958734 0.463898 0.671118
0.988516 0.463582 0.672902
1.000000 0.463265 0.674686
1.000000 0.462948 0.676471
1.000000 0.462631 0.678255
0.085552 0.499188 0.665260
0.117920 0.499155 0.664176
0.150287 0.499121 0.663092
0.182654 0.499088 0.662008
0.215021 0.499055 0.660924
0.247388 0.499021 0.659840
0.279755 0.498988 0.658757
0.312123 0.498955 0.657673
0.344490 0.498921 0.656589
0.376857 0.498888 0.655505
0.409224 0.498855 0.654421
0.441591 0.498821 0.653337
0.473959 0.498788 0.652253
0.506326 0.498755 0.651170
0.536840 0.498518 0.652142
0.566623 0.498201 0.653926
0.596406 0.497884 0.655710
0.626188 0.497568 0.657494
0.655971 0.497251 0.659278
0.685754 0.496934 0.661063
0.715536 0.496617 0.662847
0.745319 0.496300 0.664631
0.775101 0.495983 0.666415
0.804884 0.495667 0.668199
0.834667 0.495350 0.669983
0.864449 0.495033 0.671768
0.894232 0.494716 0.673552
0.924015 0.494399 0.675336
0.953797 0.494083 0.677120
0.983580 0.493766 0.678904
1.000000 0.493449 0.680688
1.000000 0.493132 0.682473
1.000000 0.492815 0.684257
0.089311 0.530326 0.661613
0.121678 0.530293 0.660530
0.154045 0.530259 0.659446
0.186412 0.530226 0.658362
0.218779 0.530192 0.657278
0.251147 0.530159 0.656194
0.283514 0.530126 0.655110
0.315881 0.530092 0.654027
0.348248 0.530059 0.652943
0.380615 0.530026 0.651859
0.412773 0.529969 0.651007
0.442556 0.529653 0.652791
0.472339 0.529336 0.654575
0.502121 0.529019 0.656360
0.531904 0.528702 0.658144
0.561687 0.528385 0.659928
0.591469 0.528069 0.661712
0.621252 0.527752 0.663496
0.651035 0.527435 0.665280
0.680817 0.527118 0.667065
0.710600 0.526801 0.668849
0.740383 0.526484 0.670633
0.770165 0.526168 0.672417
0.799948 0.525851 0.674201
0.829730 0.525534 0.675986
0.859513 0.525217 0.677770
0.889296 0.524900 0.679554
0.919078 0.524584 0.681338
0.948861 0.524267 0.683122
0.978644 0.523950 0.684906
1.000000 0.523633 0.686691
1.000000 0.523316 0.688475
1.000000 0.523000 0.690259
0.093069 0.561464 0.657967
0.125436 0.561430 0.656884
0.157803 0.561397 0.655800
0.190171 0.561364 0.654716
0.222538 0.561330 0.653632
0.254905 0.561297 0.652548
0.287272 0.561264 0.651464
0.318489 0.561104 0.651657
0.348272 0.560787 0.653441
0.378055 0.560470 0.655225
0.407837 0.560154 0.657009
0.437620 0.559837 0.658793
0.467402 0.559520 0.660578
0.497185 0.559203 0.662362
0.526968 0.558886 0.664146
0.556750 0.558570 0.665930
0.586533 0.558253 0.667714
0.616316 0.557936 0.669498
0.646098 0.557619 0.671283
0.675881 0.557302 0.673067
0.705664 0.556986 0.674851
0.735446 0.556669 0.676635
0.765229 0.556352 0.678419
0.795012 0.556035 0.680203
0.824794 0.555718 0.681988
0.854577 0.555401 0.683772
0.884359 0.555085 0.685556
0.914142 0.554768 0.687340
0.943925 0.554451 0.689124
0.973707 0.554134 0.690908
1.000000 0.553817 0.692693
1.000000 0.553501 0.694477
1.000000 0.553184 0.696261
0.096827 0.592602 0.654321
0.129194 0.592568 0.653237
0.161562 0.592535 0.652154
0.193929 0.592501 0.651070
0.224205 0.592239 0.652306
0.253988 0.591922 0.654090
0.283770 0.591605 0.655875
0.313553 0.591288 0.657659
0.343336 0.590972 0.659443
0.373118 0.590655 0.661227
0.402901 0.590338 0.663011
0.432684 0.590021 0.664795
0.462466 0.589704 0.666580
0.492249 0.589387 0.668364
0.522031 0.589071 0.670148
0.551814 0.588754 0.671932
0.581597 0.588437 0.673716
0.611379 0.588120 0.675500
0.641162 0.587803 0.677285
0.670945 0.587487 0.679069
0.700727 0.587170 0.680853
0.730510 0.586853 0.682637
0.760293 0.586536 0.684421
0.790075 0.586219 0.686205
0.819858 0.585902 0.687990
0.849641 0.585586 0.689774
0.879423 0.585269 0.691558
0.909206 0.584952 0.693342
0.938988 0.584635 0.695126
0.968771 0.584318 0.696911
0.998554 0.584002 0.698695
1.000000 0.583685 0.700479
1.000000 0.583368 0.702263
0.100138 0.623690 0.651172
0.129921 0.623373 0.652956
0.159703 0.623057 0.654740
0.189486 0.622740 0.656524
0.219269 0.622423 0.658308
0.249051 0.622106 0.660092
0.278834 0.621789 0.661877
0.308617 0.621473 0.663661
0.338399 0.621156 0.665445
0.368182 0.620839 0.667229
0.397965 0.620522 0.669013
0.427747 0.620205 0.670797
0.457530 0.619888 0.672582
0.487313 0.619572 0.674366
0.517095 0.619255 0.676150
0.546878 0.618938 0.677934
0.576660 0.618621 0.679718
0.606443 0.618304 0.681503
0.636226 0.617988 0.683287
0.666008 0.617671 0.685071
0.695791 0.617354 0.686855
0.725574 0.617037 0.688639
0.755356 0.616720 0.690423
0.785139 0.616403 0.692208
0.814922 0.616087 0.693992
0.844704 0.615770 0.695776
0.874487 0.615453 0.697560
0.904270 0.615136 0.699344
0.934052 0.614819 0.701128
0.963835 0.614503 0.702913
0.993617 0.614186 0.704697
1.000000 0.613869 0.706481
1.000000 0.613552 0.708265
0.095202 0.653874 0.657174
0.124985 0.653558 0.658958
0.154767 0.653241 0.660742
0.184550 0.652924 0.662526
0.214332 0.652607 0.664310
0.244115 0.652290 0.666095
0.273898 0.651974 0.667879
0.303680 0.651657 0.669663
0.333463 0.651340 0.671447
0.363246 0.651023 0.673231
0.393028 0.650706 0.675015
0.422811 0.650389 0.676800
0.452594 0.650073 0.678584
0.482376 0.649756 0.680368
0.512159 0.649439 0.682152
0.541942 0.649122 0.683936
0.571724 0.648805 0.685720
0.601507 0.648489 0.687505
0.631289 0.648172 0.689289
0.661072 0.647855 0.691073
0.690855 0.647538 0.692857
0.720637 0.647221 0.694641
0.750420 0.646905 0.696425
0.780203 0.646588 0.698210
0.809985 0.646271 0.699994
0.839768 0.645954 0.701778
0.869551 0.645637 0.703562
0.899333 0.645320 0.705346
0.929116 0.645004 0.707130
0.958899 0.644687 0.708915
0.988681 0.644370 0.710699
1.000000 0.644053 0.712483
1.000000 0.643736 0.714267
0.090266 0.684059 0.663176
0.120048 0.683742 0.664960
0.149831 0.683425 0.666744
0.179614 0.683108 0.668528
0.209396 0.682791 0.670312
0.239179 0.682475 0.672097
0.268961 0.682158 0.673881
0.298744 0.681841 0.675665
0.328527 0.681524 0.677449
0.358309 0.681207 0.679233
0.388092 0.680891 0.681017
0.417875 0.680574 0.682802
0.447657 0.680257 0.684586
0.477440 0.679940 0.686370
0.507223 0.679623 0.688154
0.537005 0.679306 0.689938
0.566788 0.678990 0.691722
0.596571 0.678673 0.693507
0.626353 0.678356 0.695291
0.656136 0.678039 0.697075
0.685918 0.677722 0.698859
0.715701 0.677406 0.700643
0.745484 0.677089 0.702428
0.775266 0.676772 0.704212
0.805049 0.676455 0.705996
0.834832 0.676138 0.707780
0.864614 0.675821 0.709564
0.894397 0.675505 0.711348
0.924180 0.675188 0.713133
0.953962 0.674871 0.714917
0.983745 0.674554 0.716701
1.000000 0.674237 0.718485
1.000000 0.673921 0.720269
0.085329 0.714243 0.669178
0.115112 0.713926 0.670962
0.144895 0.713609 0.672746
0.174677 0.713292 0.674530
0.204460 0.712976 0.676314
0.234243 0.712659 0.678099
0.264025 0.712342 0.679883
0.293808 0.712025 0.681667
0.323590 0.711708 0.683451
0.353373 0.711392 0.685235
0.383156 0.711075 0.687020
0.412938 0.710758 0.688804
0.442721 0.710441 0.690588
0.472504 0.710124 0.692372
0.502286 0.709807 0.694156
0.532069 0.709491 0.695940
0.561852 0.709174 0.697725
0.591634 0.708857 0.699509
0.621417 0.708540 0.701293
0.651200 0.708223 0.703077
0.680982 0.707907 0.704861
0.710765 0.707590 0.706645
0.740547 0.707273 0.708430
0.770330 0.706956 0.710214
0.800113 0.706639 0.711998
0.829895 0.706323 0.713782
0.859678 0.706006 0.715566
0.889461 0.705689 0.717350
0.919243 0.705372 0.719135
0.949026 0.705055 0.720919
0.978809 0.704738 0.722703
1.000000 0.704422 0.724487
1.000000 0.704105 0.726271
0.080393 0.744427 0.675180
0.110176 0.744110 0.676964
0.139958 0.743793 0.678748
0.169741 0.743477 0.680532
0.199524 0.743160 0.682317
0.229306 0.742843 0.684101
0.259089 0.742526 0.685885
0.288872 0.742209 0.687669
0.318654 0.741893 0.689453
0.348437 0.741576 0.691237
0.378219 0.741259 0.693022
0.408002 0.740942 0.694806
0.437785 0.740625 0.696590
0.467567 0.740309 0.698374
0.497350 0.739992 0.700158
0.527133 0.739675 0.701942
0.556915 0.739358 0.703727
0.586698 0.739041 0.705511
0.616481 0.738724 0.707295
0.646263 0.738408 0.709079
0.676046 0.738091 0.710863
0.705829 0.737774 0.712647
0.735611 0.737457 0.714432
0.765394 0.737140 0.716216
0.795176 0.736824 0.718000
0.824959 0.736507 0.719784
0.854742 0.736190 0.721568
0.884524 0.735873 0.723353
0.914307 0.735556 0.725137
0.944090 0.735239 0.726921
0.973872 0.734923 0.728705
1.000000 0.734606 0.730489
1.000000 0.734289 0.732273
0.075457 0.774611 0.681182
0.105239 0.774295 0.682966
0.135022 0.773978 0.684750
0.164805 0.773661 0.686534
0.194587 0.773344 0.688319
0.224370 0.773027 0.690103
0.254153 0.772710 0.691887
0.283935 0.772394 0.693671
0.313718 0.772077 0.695455
0.343501 0.771760 0.697239
0.373283 0.771443 0.699024
0.403066 0.771126 0.700808
0.432848 0.770810 0.702592
0.462631 0.770493 0.704376
0.492414 0.770176 0.706160
0.522196 0.769859 0.707945
0.551979 0.769542 0.709729
0.581762 0.769225 0.711513
0.611544 0.768909 0.713297
0.641327 0.768592 0.715081
0.671110 0.768275 0.716865
0.700892 0.767958 0.718650
0.730675 0.767641 0.720434
0.760458 0.767325 0.722218
0.790240 0.767008 0.724002
0.820023 0.766691 0.725786
0.849805 0.766374 0.727570
0.879588 0.766057 0.729355
0.909371 0.765740 0.731139
0.939153 0.765424 0.732923
0.968936 0.765107 0.734707
0.998719 0.764790 0.736491
1.000000 0.764473 0.738275
0.070520 0.804796 0.687184
0.100303 0.804479 0.688968
0.130086 0.804162 0.690752
0.159868 0.803845 0.692537
0.189651 0.803528 0.694321
0.219434 0.803211 0.696105
0.249216 0.802895 0.697889
0.278999 0.802578 0.699673
0.308782 0.802261 0.701457
0.338564 0.801944 0.703242
0.368347 0.801627 0.705026
0.398130 0.801311 0.706810
0.427912 0.800994 0.708594
0.457695 0.800677 0.710378
0.487477 0.800360 0.712162
0.517260 0.800043 0.713947
0.547043 0.799726 0.715731
0.576825 0.799410 0.717515
0.606608 0.799093 0.719299
0.636391 0.798776 0.721083
0.666173 0.798459 0.722867
0.695956 0.798142 0.724652
0.725739 0.797826 0.726436
0.755521 0.797509 0.728220
0.785304 0.797192 0.730004
0.815087 0.796875 0.731788
0.844869 0.796558 0.733572
0.874652 0.796242 0.735357
0.904434 0.795925 0.737141
0.934217 0.795608 0.738925
0.964000 0.795291 0.740709
0.993782 0.794974 0.742493
1.000000 0.794657 0.744278
0.065584 0.834980 0.693186
0.095367 0.834663 0.694970
0.125149 0.834346 0.696754
0.154932 0.834029 0.698539
0.184715 0.833712 0.700323
0.214497 0.833396 0.702107
0.244280 0.833079 0.703891
0.274063 0.832762 0.705675
0.303845 0.832445 0.707459
0.333628 0.832128 0.709244
0.363411 0.831812 0.711028
0.393193 0.831495 0.712812
0.422976 0.831178 0.714596
0.452759 0.830861 0.716380
0.482541 0.830544 0.718164
0.512324 0.830228 0.719949
0.542106 0.829911 0.721733
0.571889 0.829594 0.723517
0.601672 0.829277 0.725301
0.631454 0.828960 0.727085
0.661237 0.828643 0.728870
0.691020 0.828327 0.730654
0.720802 0.828010 0.732438
0.750585 0.827693 0.734222
0.780368 0.827376 0.736006
0.810150 0.827059 0.737790
0.839933 0.826743 0.739575
0.869716 0.826426 0.741359
0.899498 0.826109 0.743143
0.929281 0.825792 0.744927
0.959063 0.825475 0.746711
0.988846 0.825158 0.748495
1.000000 0.824842 0.750280
0.060648 0.865164 0.699188
0.090431 0.864847 0.700972
0.120213 0.864530 0.702756
0.149996 0.864214 0.704541
0.179778 0.863897 0.706325
0.209561 0.863580 0.708109
0.239344 0.863263 0.709893
0.269126 0.862946 0.711677
0.298909 0.862629 0.713462
0.328692 0.862313 0.715246
0.358474 0.861996 0.717030
0.388257 0.861679 0.718814
0.418040 0.861362 0.720598
0.447822 0.861045 0.722382
0.477605 0.860729 0.724167
0.507388 0.860412 0.725951
0.537170 0.860095 0.727735
0.566953 0.859778 0.729519
0.596735 0.859461 0.731303
0.626518 0.859144 0.733087
0.656301 0.858828 0.734872
0.686083 0.858511 0.736656
0.715866 0.858194 0.738440
0.745649 0.857877 0.740224
0.775431 0.857560 0.742008
0.805214 0.857244 0.743792
0.834997 0.856927 0.745577
0.864779 0.856610 0.747361
0.894562 0.856293 0.749145
0.924345 0.855976 0.750929
0.954127 0.855659 0.752713
0.983910 0.855343 0.754497
1.000000 0.855026 0.756282
0.055712 0.895348 0.705190
0.085494 0.895031 0.706974
0.115277 0.894715 0.708759
0.145060 0.894398 0.710543
0.174842 0.894081 0.712327
0.204625 0.893764 0.714111
0.234407 0.893447 0.715895
0.264190 0.893130 0.717679
0.293973 0.892814 0.719464
0.323755 0.892497 0.721248
0.353538 0.892180 0.723032
0.383321 0.891863 0.724816
0.413103 0.891546 0.726600
0.442886 0.891230 0.728384
0.472669 0.890913 0.730169
0.502451 0.890596 0.731953
0.532234 0.890279 0.733737
0.562017 0.889962 0.735521
0.591799 0.889645 0.737305
0.621582 0.889329 0.739089
0.651364 0.889012 0.740874
0.681147 0.888695 0.742658
0.710930 0.888378 0.744442
0.740712 0.888061 0.746226
0.770495 0.887745 0.748010
0.800278 0.887428 0.749795
0.830060 0.887111 0.751579
0.859843 0.886794 0.753363
0.889626 0.886477 0.755147
0.919408 0.886161 0.756931
0.949191 0.885844 0.758715
0.978974 0.885527 0.760500
1.000000 0.885210 0.762284
0.050775 0.925532 0.711192
0.080558 0.925216 0.712976
0.110341 0.924899 0.714761
0.140123 0.924582 0.716545
0.169906 0.924265 0.718329
0.199689 0.923948 0.720113
0.229471 0.923631 0.721897
0.259254 0.923315 0.723681
0.289036 0.922998 0.725466
0.318819 0.922681 0.727250
0.348602 0.922364 0.729034
0.378384 0.922047 0.730818
0.408167 0.921731 0.732602
0.437950 0.921414 0.734387
0.467732 0.921097 0.736171
0.497515 0.920780 0.737955
0.527298 0.920463 0.739739
0.557080 0.920147 0.741523
0.586863 0.919830 0.743307
0.616646 0.919513 0.745092
0.646428 0.919196 0.746876
0.676211 0.918879 0.748660
0.705993 0.918562 0.750444
0.735776 0.918246 0.752228
0.765559 0.917929 0.754012
0.795341 0.917612 0.755797
0.825124 0.917295 0.757581
0.854907 0.916978 0.759365
0.884689 0.916662 0.761149
0.914472 0.916345 0.762933
0.944255 0.916028 0.764717
0.974037 0.915711 0.766502
1.000000 0.915394 0.768286
0.045839 0.955717 0.717194
0.075622 0.955400 0.718979
0.105404 0.955083 0.720763
0.135187 0.954766 0.722547
0.164970 0.954449 0.724331
0.194752 0.954133 0.726115
0.224535 0.953816 0.727899
0.254318 0.953499 0.729684
0.284100 0.953182 0.731468
0.313883 0.952865 0.733252
0.343665 0.952548 0.735036
0.373448 0.952232 0.736820
0.403231 0.951915 0.738604
0.433013 0.951598 0.740389
0.462796 0.951281 0.742173
0.492579 0.950964 0.743957
0.522361 0.950648 0.745741
0.552144 0.950331 0.747525
0.581927 0.950014 0.749309
0.611709 0.949697 0.751094
0.641492 0.949380 0.752878
0.671275 0.949063 0.754662
0.701057 0.948747 0.756446
0.730840 0.948430 0.758230
0.760622 0.948113 0.760014
0.790405 0.947796 0.761799
0.820188 0.947479 0.763583
0.849970 0.947163 0.765367
0.879753 0.946846 0.767151
0.909536 0.946529 0.768935
0.939318 0.946212 0.770720
0.969101 0.945895 0.772504
0.998884 0.945578 0.774288
0.040903 0.985901 0.723196
0.070685 0.985584 0.724981
0.100468 0.985267 0.726765
0.130251 0.984950 0.728549
0.160033 0.984634 0.730333
0.189816 0.984317 0.732117
0.219599 0.984000 0.733901
0.249381 0.983683 0.735686
0.279164 0.983366 0.737470
0.308947 0.983049 0.739254
0.338729 0.982733 0.741038
0.368512 0.982416 0.742822
0.398294 0.982099 0.744606
0.428077 0.981782 0.746391
0.457860 0.981465 0.748175
0.487642 0.981149 0.749959
0.517425 0.980832 0.751743
0.547208 0.980515 0.753527
0.576990 0.980198 0.755312
0.606773 0.979881 0.757096
0.636556 0.979564 0.758880
0.666338 0.979248 0.760664
0.696121 0.978931 0.762448
0.725904 0.978614 0.764232
0.755686 0.978297 0.766017
0.785469 0.977980 0.767801
0.815251 0.977664 0.769585
0.845034 0.977347 0.771369
0.874817 0.977030 0.773153
0.904599 0.976713 0.774937
0.934382 0.976396 0.776722
0.964165 0.976080 0.778506
0.993947 0.975763 0.780290
0.025799 0.000972 0.754479
0.058166 0.000938 0.753396
0.090533 0.000905 0.752312
0.122900 0.000872 0.751228
0.155268 0.000838 0.750144
0.187635 0.000805 0.749060
0.220002 0.000772 0.747976
0.252369 0.000738 0.746893
0.284736 0.000705 0.745809
0.317104 0.000672 0.744725
0.349471 0.000638 0.743641
0.381838 0.000605 0.742557
0.414205 0.000572 0.741473
0.446572 0.000538 0.740389
0.478940 0.000505 0.739306
0.511307 0.000472 0.738222
0.543674 0.000438 0.737138
0.576041 0.000405 0.736054
0.608408 0.000371 0.734970
0.640775 0.000338 0.733886
0.673143 0.000305 0.732803
0.705510 0.000271 0.731719
0.737877 0.000238 0.730635
0.770244 0.000205 0.729551
0.802611 0.000171 0.728467
0.834979 0.000138 0.727383
0.867346 0.000105 0.726299
0.899713 0.000071 0.725216
0.932080 0.000038 0.724132
0.964447 0.000005 0.723048
0.996815 0.000000 0.721964
1.000000 0.000000 0.720880
1.000000 0.000000 0.719796
0.029557 0.032110 0.750833
0.061924 0.032076 0.749749
0.094292 0.032043 0.748666
0.126659 0.032010 0.747582
0.159026 0.031976 0.746498
0.191393 0.031943 0.745414
0.223760 0.031909 0.744330
0.256127 0.031876 0.743246
0.288495 0.031843 0.742163
0.320862 0.031809 0.741079
0.353229 0.031776 0.739995
0.385596 0.031743 0.738911
0.417963 0.031709 0.737827
0.450331 0.031676 0.736743
0.482698 0.031643 0.735659
0.515065 0.031609 0.734576
0.547432 0.031576 0.733492
0.579799 0.031543 0.732408
0.612167 0.031509 0.731324
0.644534 0.031476 0.730240
0.676901 0.031443 0.729156
0.709268 0.031409 0.728073
0.741635 0.031376 0.726989
0.774003 0.031343 0.725905
0.806370 0.031309 0.724821
0.838737 0.031276 0.723737
0.871104 0.031243 0.722653
0.903471 0.031209 0.721570
0.935839 0.031176 0.720486
0.968206 0.031142 0.719402
1.000000 0.031109 0.718318
1.000000 0.031076 0.717234
1.000000 0.031042 0.716150
0.033315 0.063247 0.747187
0.065683 0.063214 0.746103
0.098050 0.063181 0.745019
0.130417 0.063147 0.743936
0.162784 0.063114 0.742852
0.195151 0.063081 0.741768
0.227519 0.063047 0.740684
0.259886 0.063014 0.739600
0.292253 0.062981 0.738516
0.324620 0.062947 0.737433
0.356987 0.062914 0.736349
0.389355 0.062881 0.735265
0.421722 0.062847 0.734181
0.454089 0.062814 0.733097
0.486456 0.062781 0.732013
0.518823 0.062747 0.730930
0.551191 0.062714 0.729846
0.583558 0.062680 0.728762
0.615925 0.062647 0.727678
0.648292 0.062614 0.726594
0.680659 0.062580 0.725510
0.713026 0.062547 0.724426
0.745394 0.062514 0.723343
0.777761 0.062480 0.722259
0.810128 0.062447 0.721175
0.842495 0.062414 0.720091
0.874862 0.062380 0.719007
0.907230 0.062347 0.717923
0.939597 0.062314 0.716840
0.971964 0.062280 0.715756
1.000000 0.062247 0.714672
1.000000 0.062214 0.713588
1.000000 0.062180 0.712504
0.037074 0.094385 0.743541
0.069441 0.094352 0.742457
0.101808 0.094319 0.741373
0.134175 0.094285 0.740290
0.166543 0.094252 0.739206
0.198910 0.094218 0.738122
0.231277 0.094185 0.737038
0.263644 0.094152 0.735954
0.296011 0.094118 0.734870
0.328378 0.094085 0.733786
0.360746 0.094052 0.732703
0.393113 0.094018 0.731619
0.425480 0.093985 0.730535
0.457847 0.093952 0.729451
0.490214 0.093918 0.728367
0.522582 0.093885 0.727283
0.554949 0.093852 0.726200
0.587316 0.093818 0.725116
0.619683 0.093785 0.724032
0.652050 0.093752 0.722948
0.684418 0.093718 0.721864
0.716785 0.093685 0.720780
0.749152 0.093652 0.719697
0.781519 0.093618 0.718613
0.813886 0.093585 0.717529
0.846254 0.093551 0.716445
0.878621 0.093518 0.715361
0.910988 0.093485 0.714277
0.943355 0.093451 0.713193
0.975722 0.093418 0.712110
1.000000 0.093385 0.711026
1.000000 0.093351 0.709942
1.000000 0.093318 0.708858
0.040832 0.125523 0.739895
0.073199 0.125490 0.738811
0.105566 0.125456 0.737727
0.137934 0.125423 0.736643
0.170301 0.125390 0.735560
0.202668 0.125356 0.734476
0.235035 0.125323 0.733392
0.267402 0.125290 0.732308
0.299770 0.125256 0.731224
0.332137 0.125223 0.730140
0.364504 0.125190 0.729057
0.396871 0.125156 0.727973
0.429238 0.125123 0.726889
0.461606 0.125089 0.725805
0.493973 0.125056 0.724721
0.526340 0.125023 0.723637
0.558707 0.124989 0.722553
0.591074 0.124956 0.721470
0.623442 0.124923 0.720386
0.655809 0.124889 0.719302
0.688176 0.124856 0.718218
0.720543 0.124823 0.717134
0.752910 0.124789 0.716050
0.785277 0.124756 0.714967
0.817645 0.124723 0.713883
0.850012 0.124689 0.712799
0.882379 0.124656 0.711715
0.914746 0.124623 0.710631
0.947113 0.124589 0.709547
0.979481 0.124556 0.708463
1.000000 0.124523 0.707380
1.000000 0.124489 0.706296
1.000000 0.124456 0.705212
0.044590 0.156661 0.736249
0.076958 0.156627 0.735165
0.109325 0.156594 0.734081
0.141692 0.156561 0.732997
0.174059 0.156527 0.731913
0.206426 0.156494 0.730830
0.238794 0.156461 0.729746
0.271161 0.156427 0.728662
0.303528 0.156394 0.727578
0.335895 0.156361 0.726494
0.368262 0.156327 0.725410
0.400629 0.156294 0.724327
0.432997 0.156261 0.723243
0.465364 0.156227 0.722159
0.497731 0.156194 0.721075
0.530098 0.156161 0.719991
0.562465 0.156127 0.718907
0.594833 0.156094 0.717823
0.627200 0.156061 0.716740
0.659567 0.156027 0.715656
0.691934 0.155994 0.714572
0.724301 0.155960 0.713488
0.756669 0.155927 0.712404
0.789036 0.155894 0.711320
0.821403 0.155860 0.710237
0.853770 0.155827 0.709153
0.886137 0.155794 0.708069
0.918505 0.155760 0.706985
0.950872 0.155727 0.705901
0.983239 0.155694 0.704817
1.000000 0.155660 0.703734
1.000000 0.155627 0.702650
1.000000 0.155594 0.701566
0.048349 0.187799 0.732603
0.080716 0.187765 0.731519
0.113083 0.187732 0.730435
0.145450 0.187699 0.729351
0.177817 0.187665 0.728267
0.210185 0.187632 0.727183
0.242552 0.187599 0.726100
0.274919 0.187565 0.725016
0.307286 0.187532 0.723932
0.339653 0.187498 0.722848
0.372021 0.187465 0.721764
0.404388 0.187432 0.720680
0.436755 0.187398 0.719597
0.469122 0.187365 0.718513
0.501489 0.187332 0.717429
0.533857 0.187298 0.716345
0.566224 0.187265 0.715261
0.598591 0.187232 0.714177
0.630958 0.187198 0.713094
0.663325 0.187165 0.712010
0.695693 0.187132 0.710926
0.728060 0.187098 0.709842
0.760427 0.187065 0.708758
0.792794 0.187032 0.707674
0.825161 0.186998 0.706590
0.857528 0.186965 0.705507
0.889896 0.186932 0.704423
0.922263 0.186898 0.703339
0.954630 0.186865 0.702255
0.986997 0.186832 0.701171
1.000000 0.186798 0.700087
1.000000 0.186765 0.699004
1.000000 0.186731 0.697920
0.052107 0.218936 0.728957
0.084474 0.218903 0.727873
0.116841 0.218870 0.726789
0.149209 0.218836 0.725705
0.181576 0.218803 0.724621
0.213943 0.218770 0.723537
0.246310 0.218736 0.722454
0.278677 0.218703 0.721370
0.311045 0.218670 0.720286
0.343412 0.218636 0.719202
0.375779 0.218603 0.718118
0.408146 0.218570 0.717034
0.440513 0.218536 0.715950
0.472880 0.218503 0.714867
0.505248 0.218470 0.713783
0.537615 0.218436 0.712699
0.569982 0.218403 0.711615
0.602349 0.218370 0.710531
0.634716 0.218336 0.709447
0.667084 0.218303 0.708364
0.699451 0.218269 0.707280
0.731818 0.218236 0.706196
0.764185 0.218203 0.705112
0.796552 0.218169 0.704028
0.828920 0.218136 0.702944
0.861287 0.218103 0.701861
0.893654 0.218069 0.700777
0.926021 0.218036 0.699693
0.958388 0.218003 0.698609
0.990756 0.217969 0.697525
1.000000 0.217936 0.696441
1.000000 0.217903 0.695357
1.000000 0.217869 0.694274
0.055865 0.250074 0.725310
0.088232 0.250041 0.724227
0.120600 0.250008 0.723143
0.152967 0.249974 0.722059
0.185334 0.249941 0.720975
0.217701 0.249908 0.719891
0.250068 0.249874 0.718807
0.282436 0.249841 0.717724
0.314803 0.249807 0.716640
0.347170 0.249774 0.715556
0.379537 0.249741 0.714472
0.411904 0.249707 0.713388
0.444272 0.249674 0.712304
0.476639 0.249641 0.711221
0.509006 0.249607 0.710137
0.541373 0.249574 0.709053
0.573740 0.249541 0.707969
0.606108 0.249507 0.706885
0.638475 0.249474 0.705801
0.670842 0.249441 0.704717
0.703209 0.249407 0.703634
0.735576 0.249374 0.702550
0.767943 0.249341 0.701466
0.800311 0.249307 0.700382
0.832678 0.249274 0.699298
0.865045 0.249241 0.698214
0.897412 0.249207 0.697131
0.929779 0.249174 0.696047
0.962147 0.249140 0.694963
0.994514 0.249107 0.693879
1.000000 0.249074 0.692795
1.000000 0.249040 0.691711
1.000000 0.249007 0.690627
0.059624 0.281212 0.721664
0.091991 0.281179 0.720581
0.124358 0.281145 0.719497
0.156725 0.281112 0.718413
0.189092 0.281079 0.717329
0.221460 0.281045 0.716245
0.253827 0.281012 0.715161
0.286194 0.280979 0.714077
0.318561 0.280945 0.712994
0.350928 0.280912 0.711910
0.383295 0.280879 0.710826
0.415663 0.280845 0.709742
0.448030 0.280812 0.708658
0.480397 0.280779 0.707574
0.512764 0.280745 0.706491
0.545131 0.280712 0.705407
0.577499 0.280678 0.704323
0.609866 0.280645 0.703239
0.642233 0.280612 0.702155
0.674600 0.280578 0.701071
0.706967 0.280545 0.699987
0.739335 0.280512 0.698904
0.771702 0.280478 0.697820
0.804069 0.280445 0.696736
0.836436 0.280412 0.695652
0.868803 0.280378 0.694568
0.901171 0.280345 0.693484
0.933538 0.280312 0.692401
0.965905 0.280278 0.691317
0.998272 0.280245 0.690233
1.000000 0.280212 0.689149
1.000000 0.280178 0.688065
1.000000 0.280145 0.686981
0.063382 0.312350 0.718018
0.095749 0.312317 0.716934
0.128116 0.312283 0.715851
0.160483 0.312250 0.714767
0.192851 0.312216 0.713683
0.225218 0.312183 0.712599
0.257585 0.312150 0.711515
0.289952 0.312116 0.710431
0.322319 0.312083 0.709347
0.354687 0.312050 0.708264
0.387054 0.312016 0.707180
0.419421 0.311983 0.706096
0.451788 0.311950 0.705012
0.484155 0.311916 0.703928
0.516523 0.311883 0.702844
0.548890 0.311850 0.701761
0.581257 0.311816 0.700677
0.613624 0.311783 0.699593
0.645991 0.311750 0.698509
0.678359 0.311716 0.697425
0.710726 0.311683 0.696341
0.743093 0.311650 0.695258
0.775460 0.311616 0.694174
0.807827 0.311583 0.693090
0.840194 0.311550 0.692006
0.872562 0.311516 0.690922
0.904929 0.311483 0.689838
0.937296 0.311449 0.688754
0.969663 0.311416 0.687671
1.000000 0.311383 0.686587
1.000000 0.311349 0.685503
1.000000 0.311316 0.684419
1.000000 0.311283 0.683335
0.067140 0.343488 0.714372
0.099507 0.343454 0.713288
0.131875 0.343421 0.712204
0.164242 0.343388 0.711121
0.196609 0.343354 0.710037
0.228976 0.343321 0.708953
0.261343 0.343288 0.707869
0.293711 0.343254 0.706785
0.326078 0.343221 0.705701
0.358445 0.343188 0.704618
0.390812 0.343154 0.703534
0.423179 0.343121 0.702450
0.455546 0.343088 0.701366
0.487914 0.343054 0.700282
0.520281 0.343021 0.699198
0.552648 0.342987 0.698114
0.585015 0.342954 0.697031
0.617382 0.342921 0.695947
0.649750 0.342887 0.694863
0.682117 0.342854 0.693779
0.714484 0.342821 0.692695
0.746851 0.342787 0.691611
0.779218 0.342754 0.690528
0.811586 0.342721 0.689444
0.843953 0.342687 0.688360
0.876320 0.342654 0.687276
0.908687 0.342621 0.686192
0.941054 0.342587 0.685108
0.973422 0.342554 0.684025
1.000000 0.342521 0.682941
1.000000 0.342420 0.682534
1.000000 0.342103 0.684318
1.000000 0.341787 0.686102
0.070898 0.374626 0.710726
0.103266 0.374592 0.709642
0.135633 0.374559 0.708558
0.168000 0.374525 0.707474
0.200367 0.374492 0.706391
0.232734 0.374459 0.705307
0.265102 0.374425 0.704223
0.297469 0.374392 0.703139
0.329836 0.374359 0.702055
0.362203 0.374325 0.700971
0.394570 0.374292 0.699888
0.426938 0.374259 0.698804
0.459305 0.374225 0.697720
0.491672 0.374192 0.696636
0.524039 0.374159 0.695552
0.556406 0.374125 0.694468
0.588774 0.374092 0.693385
0.621141 0.374059 0.692301
0.653508 0.374025 0.691217
0.685875 0.373992 0.690133
0.718242 0.373959 0.689049
0.750610 0.373925 0.687965
0.782977 0.373892 0.686881
0.815344 0.373858 0.685798
0.847711 0.373825 0.684714
0.880078 0.373792 0.683630
0.912445 0.373758 0.682546
0.943261 0.373555 0.683184
0.973044 0.373238 0.684968
1.000000 0.372921 0.686752
1.000000 0.372605 0.688536
1.000000 0.372288 0.690320
1.000000 0.371971 0.692104
0.074657 0.405763 0.707080
0.107024 0.405730 0.705996
0.139391 0.405697 0.704912
0.171758 0.405663 0.703828
0.204126 0.405630 0.702745
0.236493 0.405597 0.701661
0.268860 0.405563 0.700577
0.301227 0.405530 0.699493
0.333594 0.405497 0.698409
0.365962 0.405463 0.697325
0.398329 0.405430 0.696241
0.430696 0.405396 0.695158
0.463063 0.405363 0.694074
0.495430 0.405330 0.692990
0.527797 0.405296 0.691906
0.560165 0.405263 0.690822
0.592532 0.405230 0.689738
0.624899 0.405196 0.688655
0.657266 0.405163 0.687571
0.689633 0.405130 0.686487
0.722001 0.405096 0.685403
0.754368 0.405063 0.684319
0.786735 0.405030 0.683235
0.819102 0.404996 0.682151
0.848977 0.404690 0.683833
0.878760 0.404373 0.685617
0.908543 0.404056 0.687401
0.938325 0.403739 0.689186
0.968108 0.403422 0.690970
0.997890 0.403106 0.692754
1.000000 0.402789 0.694538
1.000000 0.402472 0.696322
1.000000 0.402155 0.698107
0.078415 0.436901 0.703434
0.110782 0.436868 0.702350
0.143149 0.436834 0.701266
0.175517 0.436801 0.700182
0.207884 0.436768 0.699098
0.240251 0.436734 0.698015
0.272618 0.436701 0.696931
0.304985 0.436668 0.695847
0.337353 0.436634 0.694763
0.369720 0.436601 0.693679
0.402087 0.436568 0.692595
0.434454 0.436534 0.691511
0.466821 0.436501 0.690428
0.499189 0.436468 0.689344
0.531556 0.436434 0.688260
0.563923 0.436401 0.687176
0.596290 0.436368 0.686092
0.628657 0.436334 0.685008
0.661025 0.436301 0.683925
0.693392 0.436267 0.682841
0.724910 0.436141 0.682699
0.754693 0.435824 0.684483
0.784476 0.435507 0.686267
0.814258 0.435191 0.688051
0.844041 0.434874 0.689835
0.873824 0.434557 0.691619
0.903606 0.434240 0.693404
0.933389 0.433923 0.695188
0.963172 0.433607 0.696972
0.992954 0.433290 0.698756
1.000000 0.432973 0.700540
1.000000 0.432656 0.702324
1.000000 0.432339 0.704109
0.082173 0.468039 0.699788
0.114541 0.468006 0.698704
0.146908 0.467972 0.697620
0.179275 0.467939 0.696536
0.211642 0.467906 0.695452
0.244009 0.467872 0.694368
0.276377 0.467839 0.693285
0.308744 0.467805 0.692201
0.341111 0.467772 0.691117
0.373478 0.467739 0.690033
0.405845 0.467705 0.688949
0.438213 0.467672 0.687865
0.470580 0.467639 0.686782
0.502947 0.467605 0.685698
0.535314 0.467572 0.684614
0.567681 0.467539 0.683530
0.600048 0.467505 0.682446
0.630626 0.467276 0.683348
0.660409 0.466959 0.685132
0.690191 0.466642 0.686916
0.719974 0.466325 0.688701
0.749757 0.466008 0.690485
0.779539 0.465692 0.692269
0.809322 0.465375 0.694053
0.839105 0.465058 0.695837
0.868887 0.464741 0.697621
0.898670 0.464424 0.699406
0.928453 0.464108 0.701190
0.958235 0.463791 0.702974
0.988018 0.463474 0.704758
1.000000 0.463157 0.706542
1.000000 0.462840 0.708326
1.000000 0.462524 0.710111
0.085932 0.499177 0.696142
0.118299 0.499143 0.695058
0.150666 0.499110 0.693974
0.183033 0.499077 0.692890
0.215400 0.499043 0.691806
0.247768 0.499010 0.690722
0.280135 0.498977 0.689638
0.312502 0.498943 0.688555
0.344869 0.498910 0.687471
0.377236 0.498877 0.686387
0.409604 0.498843 0.685303
0.441971 0.498810 0.684219
0.474338 0.498777 0.683135
0.506559 0.498727 0.682213
0.536342 0.498410 0.683998
0.566125 0.498094 0.685782
0.595907 0.497777 0.687566
0.625690 0.497460 0.689350
0.655473 0.497143 0.691134
0.685255 0.496826 0.692918
0.715038 0.496510 0.694703
0.744820 0.496193 0.696487
0.774603 0.495876 0.698271
0.804386 0.495559 0.700055
0.834168 0.495242 0.701839
0.863951 0.494925 0.703624
0.893734 0.494609 0.705408
0.923516 0.494292 0.707192
0.953299 0.493975 0.708976
0.983082 0.493658 0.710760
1.000000 0.493341 0.712544
1.000000 0.493025 0.714329
1.000000 0.492708 0.716113
0.089690 0.530315 0.692495
0.122057 0.530281 0.691412
0.154424 0.530248 0.690328
0.186792 0.530215 0.689244
0.219159 0.530181 0.688160
0.251526 0.530148 0.687076
0.283893 0.530114 0.685992
0.316260 0.530081 0.684909
0.348628 0.530048 0.683825
0.380995 0.530014 0.682741
0.412275 0.529862 0.682863
0.442058 0.529545 0.684647
0.471840 0.529228 0.686431
0.501623 0.528911 0.688216
0.531406 0.528595 0.690000
0.561188 0.528278 0.691784
0.590971 0.527961 0.693568
0.620754 0.527644 0.695352
0.650536 0.527327 0.697136
0.680319 0.527011 0.698921
0.710102 0.526694 0.700705
0.739884 0.526377 0.702489
0.769667 0.526060 0.704273
0.799449 0.525743 0.706057
0.829232 0.525426 0.707841
0.859015 0.525110 0.709626
0.888797 0.524793 0.711410
0.918580 0.524476 0.713194
0.948363 0.524159 0.714978
0.978145 0.523842 0.716762
1.000000 0.523526 0.718546
1.000000 0.523209 0.720331
1.000000 0.522892 0.722115
0.093448 0.561452 0.688849
0.125816 0.561419 0.687765
0.158183 0.561386 0.686682
0.190550 0.561352 0.685598
0.222917 0.561319 0.684514
0.255284 0.561286 0.683430
0.287651 0.561252 0.682346
0.317991 0.560997 0.683513
0.347774 0.560680 0.685297
0.377556 0.560363 0.687081
0.407339 0.560046 0.688865
0.437121 0.559729 0.690649
0.466904 0.559412 0.692433
0.496687 0.559096 0.694218
0.526469 0.558779 0.696002
0.556252 0.558462 0.697786
0.586035 0.558145 0.699570
0.615817 0.557828 0.701354
0.645600 0.557512 0.703138
0.675383 0.557195 0.704923
0.705165 0.556878 0.706707
0.734948 0.556561 0.708491
0.764731 0.556244 0.710275
0.794513 0.555927 0.712059
0.824296 0.555611 0.713843
0.854078 0.555294 0.715628
0.883861 0.554977 0.717412
0.913644 0.554660 0.719196
0.943426 0.554343 0.720980
0.973209 0.554027 0.722764
1.000000 0.553710 0.724549
1.000000 0.553393 0.726333
1.000000 0.553076 0.728117
0.097207 0.592590 0.685203
0.129574 0.592557 0.684119
0.161941 0.592523 0.683035
0.193924 0.592448 0.682378
0.223707 0.592131 0.684162
0.253489 0.591814 0.685946
0.283272 0.591498 0.687730
0.313055 0.591181 0.689515
0.342837 0.590864 0.691299
0.372620 0.590547 0.693083
0.402403 0.590230 0.694867
0.432185 0.589913 0.696651
0.461968 0.589597 0.698435
0.491750 0.589280 0.700220
0.521533 0.588963 0.702004
0.551316 0.588646 0.703788
0.581098 0.588329 0.705572
0.610881 0.588013 0.707356
0.640664 0.587696 0.709141
0.670446 0.587379 0.710925
0.700229 0.587062 0.712709
0.730012 0.586745 0.714493
0.759794 0.586429 0.716277
0.789577 0.586112 0.718061
0.819360 0.585795 0.719846
0.849142 0.585478 0.721630
0.878925 0.585161 0.723414
0.908707 0.584844 0.725198
0.938490 0.584528 0.726982
0.968273 0.584211 0.728766
0.998055 0.583894 0.730551
1.000000 0.583577 0.732335
1.000000 0.583260 0.734119
0.099640 0.623583 0.683027
0.129422 0.623266 0.684812
0.159205 0.622949 0.686596
0.188988 0.622632 0.688380
0.218770 0.622315 0.690164
0.248553 0.621999 0.691948
0.278336 0.621682 0.693733
0.308118 0.621365 0.695517
0.337901 0.621048 0.697301
0.367684 0.620731 0.699085
0.397466 0.620415 0.700869
0.427249 0.620098 0.702653
0.457032 0.619781 0.704438
0.486814 0.619464 0.706222
0.516597 0.619147 0.708006
0.546379 0.618830 0.709790
0.576162 0.618514 0.711574
0.605945 0.618197 0.713358
0.635727 0.617880 0.715143
0.665510 0.617563 0.716927
0.695293 0.617246 0.718711
0.725075 0.616930 0.720495
0.754858 0.616613 0.722279
0.784641 0.616296 0.724063
0.814423 0.615979 0.725848
0.844206 0.615662 0.727632
0.873989 0.615345 0.729416
0.903771 0.615029 0.731200
0.933554 0.614712 0.732984
0.963336 0.614395 0.734768
0.993119 0.614078 0.736553
1.000000 0.613761 0.738337
1.000000 0.613445 0.740121
0.094704 0.653767 0.689030
0.124486 0.653450 0.690814
0.154269 0.653133 0.692598
0.184051 0.652816 0.694382
0.213834 0.652500 0.696166
0.243617 0.652183 0.697950
0.273399 0.651866 0.699735
0.303182 0.651549 0.701519
0.332965 0.651232 0.703303
0.362747 0.650916 0.705087
0.392530 0.650599 0.706871
0.422313 0.650282 0.708655
0.452095 0.649965 0.710440
0.481878 0.649648 0.712224
0.511661 0.649331 0.714008
0.541443 0.649015 0.715792
0.571226 0.648698 0.717576
0.601008 0.648381 0.719360
0.630791 0.648064 0.721145
0.660574 0.647747 0.722929
0.690356 0.647431 0.724713
0.720139 0.647114 0.726497
0.749922 0.646797 0.728281
0.779704 0.646480 0.730066
0.809487 0.646163 0.731850
0.839270 0.645846 0.733634
0.869052 0.645530 0.735418
0.898835 0.645213 0.737202
0.928618 0.644896 0.738986
0.958400 0.644579 0.740771
0.988183 0.644262 0.742555
1.000000 0.643946 0.744339
1.000000 0.643629 0.746123
0.089767 0.683951 0.695032
0.119550 0.683634 0.696816
0.149333 0.683317 0.698600
0.179115 0.683001 0.700384
0.208898 0.682684 0.702168
0.238680 0.682367 0.703952
0.268463 0.682050 0.705737
0.298246 0.681733 0.707521
0.328028 0.681417 0.709305
0.357811 0.681100 0.711089
0.387594 0.680783 0.712873
0.417376 0.680466 0.714658
0.447159 0.680149 0.716442
0.476942 0.679832 0.718226
0.506724 0.679516 0.720010
0.536507 0.679199 0.721794
0.566290 0.678882 0.723578
0.596072 0.678565 0.725363
0.625855 0.678248 0.727147
0.655637 0.677932 0.728931
0.685420 0.677615 0.730715
0.715203 0.677298 0.732499
0.744985 0.676981 0.734283
0.774768 0.676664 0.736068
0.804551 0.676348 0.737852
0.834333 0.676031 0.739636
0.864116 0.675714 0.741420
0.893899 0.675397 0.743204
0.923681 0.675080 0.744988
0.953464 0.674763 0.746773
0.983247 0.674447 0.748557
1.000000 0.674130 0.750341
1.000000 0.673813 0.752125
0.084831 0.714135 0.701034
0.114614 0.713818 0.702818
0.144396 0.713502 0.704602
0.174179 0.713185 0.706386
0.203962 0.712868 0.708170
0.233744 0.712551 0.709955
0.263527 0.712234 0.711739
0.293309 0.711918 0.713523
0.323092 0.711601 0.715307
0.352875 0.711284 0.717091
0.382657 0.710967 0.718875
0.412440 0.710650 0.720660
0.442223 0.710334 0.722444
0.472005 0.710017 0.724228
0.501788 0.709700 0.726012
0.531571 0.709383 0.727796
0.561353 0.709066 0.729580
0.591136 0.708749 0.731365
0.620919 0.708433 0.733149
0.650701 0.708116 0.734933
0.680484 0.707799 0.736717
0.710267 0.707482 0.738501
0.740049 0.707165 0.740285
0.769832 0.706849 0.742070
0.799614 0.706532 0.743854
0.829397 0.706215 0.745638
0.859180 0.705898 0.747422
0.888962 0.705581 0.749206
0.918745 0.705264 0.750991
0.948528 0.704948 0.752775
0.978310 0.704631 0.754559
1.000000 0.704314 0.756343
1.000000 0.703997 0.758127
0.079895 0.744320 0.707036
0.109677 0.744003 0.708820
0.139460 0.743686 0.710604
0.169243 0.743369 0.712388
0.199025 0.743052 0.714172
0.228808 0.742735 0.715957
0.258591 0.742419 0.717741
0.288373 0.742102 0.719525
0.318156 0.741785 0.721309
0.347939 0.741468 0.723093
0.377721 0.741151 0.724877
0.407504 0.740835 0.726662
0.437286 0.740518 0.728446
0.467069 0.740201 0.730230
0.496852 0.739884 0.732014
0.526634 0.739567 0.733798
0.556417 0.739250 0.735583
0.586200 0.738934 0.737367
0.615982 0.738617 0.739151
0.645765 0.738300 0.740935
0.675548 0.737983 0.742719
0.705330 0.737666 0.744503
0.735113 0.737350 0.746288
0.764896 0.737033 0.748072
0.794678 0.736716 0.749856
0.824461 0.736399 0.751640
0.854243 0.736082 0.753424
0.884026 0.735765 0.755208
0.913809 0.735449 0.756993
0.943591 0.735132 0.758777
0.973374 0.734815 0.760561
1.000000 0.734498 0.762345
1.000000 0.734181 0.764129
0.074958 0.774504 0.713038
0.104741 0.774187 0.714822
0.134524 0.773870 0.716606
0.164306 0.773553 0.718390
0.194089 0.773236 0.720175
0.223872 0.772920 0.721959
0.253654 0.772603 0.723743
0.283437 0.772286 0.725527
0.313220 0.771969 0.727311
0.343002 0.771652 0.729095
0.372785 0.771336 0.730880
0.402568 0.771019 0.732664
0.432350 0.770702 0.734448
0.462133 0.770385 0.736232
0.491915 0.770068 0.738016
0.521698 0.769751 0.739800
0.551481 0.769435 0.741585
0.581263 0.769118 0.743369
0.611046 0.768801 0.745153
0.640829 0.768484 0.746937
0.670611 0.768167 0.748721
0.700394 0.767851 0.750505
0.730177 0.767534 0.752290
0.759959 0.767217 0.754074
0.789742 0.766900 0.755858
0.819525 0.766583 0.757642
0.849307 0.766267 0.759426
0.879090 0.765950 0.761211
0.908872 0.765633 0.762995
0.938655 0.765316 0.764779
0.968438 0.764999 0.766563
0.998220 0.764682 0.768347
1.000000 0.764366 0.770131
0.070022 0.804688 0.719040
0.099805 0.804371 0.720824
0.129587 0.804054 0.722608
0.159370 0.803737 0.724392
0.189153 0.803421 0.726177
0.218935 0.803104 0.727961
0.248718 0.802787 0.729745
0.278501 0.802470 0.731529
0.308283 0.802153 0.733313
0.338066 0.801837 0.735097
0.367849 0.801520 0.736882
0.397631 0.801203 0.738666
0.427414 0.800886 0.740450
0.457197 0.800569 0.742234
0.486979 0.800253 0.744018
0.516762 0.799936 0.745803
0.546544 0.799619 0.747587
0.576327 0.799302 0.749371
0.606110 0.798985 0.751155
0.635892 0.798668 0.752939
0.665675 0.798352 0.754723
0.695458 0.798035 0.756508
0.725240 0.797718 0.758292
0.755023 0.797401 0.760076
0.784806 0.797084 0.761860
0.814588 0.796768 0.763644
0.844371 0.796451 0.765428
0.874154 0.796134 0.767213
0.903936 0.795817 0.768997
0.933719 0.795500 0.770781
0.963501 0.795183 0.772565
0.993284 0.794867 0.774349
1.000000 0.794550 0.776133
0.065086 0.834872 0.725042
0.094869 0.834555 0.726826
0.124651 0.834239 0.728610
0.154434 0.833922 0.730395
0.184216 0.833605 0.732179
0.213999 0.833288 0.733963
0.243782 0.832971 0.735747
0.273564 0.832654 0.737531
0.303347 0.832338 0.739315
0.333130 0.832021 0.741100
0.362912 0.831704 0.742884
0.392695 0.831387 0.744668
0.422478 0.831070 0.746452
0.452260 0.830754 0.748236
0.482043 0.830437 0.750020
0.511826 0.830120 0.751805
0.541608 0.829803 0.753589
0.571391 0.829486 0.755373
0.601173 0.829169 0.757157
0.630956 0.828853 0.758941
0.660739 0.828536 0.760725
0.690521 0.828219 0.762510
0.720304 0.827902 0.764294
0.750087 0.827585 0.766078
0.779869 0.827269 0.767862
0.809652 0.826952 0.769646
0.839435 0.826635 0.771430
0.869217 0.826318 0.773215
0.899000 0.826001 0.774999
0.928783 0.825684 0.776783
0.958565 0.825368 0.778567
0.988348 0.825051 0.780351
1.000000 0.824734 0.782136
0.060150 0.865056 0.731044
0.089932 0.864740 0.732828
0.119715 0.864423 0.734612
0.149498 0.864106 0.736397
0.179280 0.863789 0.738181
0.209063 0.863472 0.739965
0.238845 0.863155 0.741749
0.268628 0.862839 0.743533
0.298411 0.862522 0.745317
0.328193 0.862205 0.747102
0.357976 0.861888 0.748886
0.387759 0.861571 0.750670
0.417541 0.861255 0.752454
0.447324 0.860938 0.754238
0.477107 0.860621 0.756022
0.506889 0.860304 0.757807
0.536672 0.859987 0.759591
0.566455 0.859670 0.761375
0.596237 0.859354 0.763159
0.626020 0.859037 0.764943
0.655802 0.858720 0.766728
0.685585 0.858403 0.768512
0.715368 0.858086 0.770296
0.745150 0.857770 0.772080
0.774933 0.857453 0.773864
0.804716 0.857136 0.775648
0.834498 0.856819 0.777433
0.864281 0.856502 0.779217
0.894064 0.856186 0.781001
0.923846 0.855869 0.782785
0.953629 0.855552 0.784569
0.983412 0.855235 0.786353
1.000000 0.854918 0.788138
0.055213 0.895241 0.737046
0.084996 0.894924 0.738830
0.114779 0.894607 0.740614
0.144561 0.894290 0.742399
0.174344 0.893973 0.744183
0.204127 0.893656 0.745967
0.233909 0.893340 0.747751
0.263692 0.893023 0.749535
0.293474 0.892706 0.751320
0.323257 0.892389 0.753104
0.353040 0.892072 0.754888
0.382822 0.891756 0.756672
0.412605 0.891439 0.758456
0.442388 0.891122 0.760240
0.472170 0.890805 0.762025
0.501953 0.890488 0.763809
0.531736 0.890172 0.765593
0.561518 0.889855 0.767377
0.591301 0.889538 0.769161
0.621084 0.889221 0.770945
0.650866 0.888904 0.772730
0.680649 0.888587 0.774514
0.710431 0.888271 0.776298
0.740214 0.887954 0.778082
0.769997 0.887637 0.779866
0.799779 0.887320 0.781650
0.829562 0.887003 0.783435
0.859345 0.886687 0.785219
0.889127 0.886370 0.787003
0.918910 0.886053 0.788787
0.948693 0.885736 0.790571
0.978475 0.885419 0.792355
1.000000 0.885102 0.794140
0.050277 0.925425 0.743048
0.080060 0.925108 0.744832
0.109842 0.924791 0.746617
0.139625 0.924474 0.748401
0.169408 0.924158 0.750185
0.199190 0.923841 0.751969
0.228973 0.923524 0.753753
0.258756 0.923207 0.755537
0.288538 0.922890 0.757322
0.318321 0.922573 0.759106
0.348103 0.922257 0.760890
0.377886 0.921940 0.762674
0.407669 0.921623 0.764458
0.437451 0.921306 0.766242
0.467234 0.920989 0.768027
0.497017 0.920673 0.769811
0.526799 0.920356 0.771595
0.556582 0.920039 0.773379
0.586365 0.919722 0.775163
0.616147 0.919405 0.776947
0.645930 0.919088 0.778732
0.675713 0.918772 0.780516
0.705495 0.918455 0.782300
0.735278 0.918138 0.784084
0.765060 0.917821 0.785868
0.794843 0.917504 0.787653
0.824626 0.917188 0.789437
0.854408 0.916871 0.791221
0.884191 0.916554 0.793005
0.913974 0.916237 0.794789
0.943756 0.915920 0.796573
0.973539 0.915603 0.798358
1.000000 0.915287 0.800142
0.045341 0.955609 0.749050
0.075123 0.955292 0.750834
0.104906 0.954975 0.752619
0.134689 0.954659 0.754403
0.164471 0.954342 0.756187
0.194254 0.954025 0.757971
0.224037 0.953708 0.759755
0.253819 0.953391 0.761539
0.283602 0.953074 0.763324
0.313385 0.952758 0.765108
0.343167 0.952441 0.766892
0.372950 0.952124 0.768676
0.402732 0.951807 0.770460
0.432515 0.951490 0.772245
0.462298 0.951174 0.774029
0.492080 0.950857 0.775813
0.521863 0.950540 0.777597
0.551646 0.950223 0.779381
0.581428 0.949906 0.781165
0.611211 0.949589 0.782950
0.640994 0.949273 0.784734
0.670776 0.948956 0.786518
0.700559 0.948639 0.788302
0.730342 0.948322 0.790086
0.760124 0.948005 0.791870
0.789907 0.947689 0.793655
0.819689 0.947372 0.795439
0.849472 0.947055 0.797223
0.879255 0.946738 0.799007
0.909037 0.946421 0.800791
0.938820 0.946105 0.802575
0.968603 0.945788 0.804360
0.998385 0.945471 0.806144
0.040404 0.985793 0.755052
0.070187 0.985476 0.756837
0.099970 0.985160 0.758621
0.129752 0.984843 0.760405
0.159535 0.984526 0.762189
0.189318 0.984209 0.763973
0.219100 0.983892 0.765757
0.248883 0.983575 0.767542
0.278666 0.983259 0.769326
0.308448 0.982942 0.771110
0.338231 0.982625 0.772894
0.368014 0.982308 0.774678
0.397796 0.981991 0.776462
0.427579 0.981675 0.778247
0.457361 0.981358 0.780031
0.487144 0.981041 0.781815
0.516927 0.980724 0.783599
0.546709 0.980407 0.785383
0.576492 0.980091 0.787167
0.606275 0.979774 0.788952
0.636057 0.979457 0.790736
0.665840 0.979140 0.792520
0.695623 0.978823 0.794304
0.725405 0.978506 0.796088
0.755188 0.978190 0.797872
0.784971 0.977873 0.799657
0.814753 0.977556 0.801441
0.844536 0.977239 0.803225
0.874318 0.976922 0.805009
0.904101 0.976606 0.806793
0.933884 0.976289 0.808578
0.963666 0.975972 0.810362
0.993449 0.975655 0.812146
0.026178 0.000960 0.785361
0.058545 0.000927 0.784277
0.090913 0.000894 0.783194
0.123280 0.000860 0.782110
0.155647 0.000827 0.781026
0.188014 0.000794 0.779942
0.220381 0.000760 0.778858
0.252749 0.000727 0.777774
0.285116 0.000694 0.776691
0.317483 0.000660 0.775607
0.349850 0.000627 0.774523
0.382217 0.000594 0.773439
0.414585 0.000560 0.772355
0.446952 0.000527 0.771271
0.479319 0.000494 0.770188
0.511686 0.000460 0.769104
0.544053 0.000427 0.768020
0.576420 0.000394 0.766936
0.608788 0.000360 0.765852
0.641155 0.000327 0.764768
0.673522 0.000293 0.763684
0.705889 0.000260 0.762601
0.738256 0.000227 0.761517
0.770624 0.000193 0.760433
0.802991 0.000160 0.759349
0.835358 0.000127 0.758265
0.867725 0.000093 0.757181
0.900092 0.000060 0.756098
0.932460 0.000027 0.755014
0.964827 0.000000 0.753930
0.997194 0.000000 0.752846
1.000000 0.000000 0.751762
1.000000 0.000000 0.750678
0.029937 0.032098 0.781715
0.062304 0.032065 0.780631
0.094671 0.032032 0.779548
0.127038 0.031998 0.778464
0.159405 0.031965 0.777380
0.191772 0.031932 0.776296
0.224140 0.031898 0.775212
0.256507 0.031865 0.774128
0.288874 0.031831 0.773044
0.321241 0.031798 0.771961
0.353608 0.031765 0.770877
0.385976 0.031731 0.769793
0.418343 0.031698 0.768709
0.450710 0.031665 0.767625
0.483077 0.031631 0.766541
0.515444 0.031598 0.765458
0.547812 0.031565 0.764374
0.580179 0.031531 0.763290
0.612546 0.031498 0.762206
0.644913 0.031465 0.761122
0.677280 0.031431 0.760038
0.709648 0.031398 0.758955
0.742015 0.031365 0.757871
0.774382 0.031331 0.756787
0.806749 0.031298 0.755703
0.839116 0.031265 0.754619
0.871484 0.031231 0.753535
0.903851 0.031198 0.752451
0.936218 0.031164 0.751368
0.968585 0.031131 0.750284
1.000000 0.031098 0.749200
1.000000 0.031064 0.748116
1.000000 0.031031 0.747032
0.033695 0.063236 0.778069
0.066062 0.063203 0.776985
0.098429 0.063169 0.775901
0.130796 0.063136 0.774818
0.163164 0.063103 0.773734
0.195531 0.063069 0.772650
0.227898 0.063036 0.771566
0.260265 0.063003 0.770482
0.292632 0.062969 0.769398
0.325000 0.062936 0.768315
0.357367 0.062903 0.767231
0.389734 0.062869 0.766147
0.422101 0.062836 0.765063
0.454468 0.062803 0.763979
0.486836 0.062769 0.762895
0.519203 0.062736 0.761811
0.551570 0.062702 0.760728
0.583937 0.062669 0.759644
0.616304 0.062636 0.758560
0.648671 0.062602 0.757476
0.681039 0.062569 0.756392
0.713406 0.062536 0.755308
0.745773 0.062502 0.754225
0.778140 0.062469 0.753141
0.810507 0.062436 0.752057
0.842875 0.062402 0.750973
0.875242 0.062369 0.749889
0.907609 0.062336 0.748805
0.939976 0.062302 0.747721
0.972343 0.062269 0.746638
1.000000 0.062236 0.745554
1.000000 0.062202 0.744470
1.000000 0.062169 0.743386
0.037453 0.094374 0.774423
0.069820 0.094341 0.773339
0.102188 0.094307 0.772255
0.134555 0.094274 0.771171
0.166922 0.094240 0.770088
0.199289 0.094207 0.769004
0.231656 0.094174 0.767920
0.264023 0.094140 0.766836
0.296391 0.094107 0.765752
0.328758 0.094074 0.764668
0.361125 0.094040 0.763585
0.393492 0.094007 0.762501
0.425859 0.093974 0.761417
0.458227 0.093940 0.760333
0.490594 0.093907 0.759249
0.522961 0.093874 0.758165
0.555328 0.093840 0.757081
0.587695 0.093807 0.755998
0.620063 0.093774 0.754914
0.652430 0.093740 0.753830
0.684797 0.093707 0.752746
0.717164 0.093674 0.751662
0.749531 0.093640 0.750578
0.781899 0.093607 0.749495
0.814266 0.093573 0.748411
0.846633 0.093540 0.747327
0.879000 0.093507 0.746243
0.911367 0.093473 0.745159
0.943735 0.093440 0.744075
0.976102 0.093407 0.742992
1.000000 0.093373 0.741908
1.000000 0.093340 0.740824
1.000000 0.093307 0.739740
0.041211 0.125512 0.770777
0.073579 0.125478 0.769693
0.105946 0.125445 0.768609
0.138313 0.125412 0.767525
0.170680 0.125378 0.766441
0.203047 0.125345 0.765358
0.235415 0.125312 0.764274
0.267782 0.125278 0.763190
0.300149 0.125245 0.762106
0.332516 0.125212 0.761022
0.364883 0.125178 0.759938
0.397251 0.125145 0.758855
0.429618 0.125111 0.757771
0.461985 0.125078 0.756687
0.494352 0.125045 0.755603
0.526719 0.125011 0.754519
0.559087 0.124978 0.753435
0.591454 0.124945 0.752352
0.623821 0.124911 0.751268
0.656188 0.124878 0.750184
0.688555 0.124845 0.749100
0.720922 0.124811 0.748016
0.753290 0.124778 0.746932
0.785657 0.124745 0.745848
0.818024 0.124711 0.744765
0.850391 0.124678 0.743681
0.882758 0.124645 0.742597
0.915126 0.124611 0.741513
0.947493 0.124578 0.740429
0.979860 0.124545 0.739345
1.000000 0.124511 0.738262
1.000000 0.124478 0.737178
1.000000 0.124445 0.736094
0.044970 0.156649 0.767131
0.077337 0.156616 0.766047
0.109704 0.156583 0.764963
0.142071 0.156549 0.763879
0.174439 0.156516 0.762795
0.206806 0.156483 0.761712
0.239173 0.156449 0.760628
0.271540 0.156416 0.759544
0.303907 0.156383 0.758460
0.336274 0.156349 0.757376
0.368642 0.156316 0.756292
0.401009 0.156283 0.755208
0.433376 0.156249 0.754125
0.465743 0.156216 0.753041
0.498110 0.156183 0.751957
0.530478 0.156149 0.750873
0.562845 0.156116 0.749789
0.595212 0.156083 0.748705
0.627579 0.156049 0.747622
0.659946 0.156016 0.746538
0.692314 0.155983 0.745454
0.724681 0.155949 0.744370
0.757048 0.155916 0.743286
0.789415 0.155882 0.742202
0.821782 0.155849 0.741119
0.854150 0.155816 0.740035
0.886517 0.155782 0.738951
0.918884 0.155749 0.737867
0.951251 0.155716 0.736783
0.983618 0.155682 0.735699
1.000000 0.155649 0.734615
1.000000 0.155616 0.733532
1.000000 0.155582 0.732448
0.048728 0.187787 0.763485
0.081095 0.187754 0.762401
0.113462 0.187721 0.761317
0.145830 0.187687 0.760233
0.178197 0.187654 0.759149
0.210564 0.187621 0.758065
0.242931 0.187587 0.756982
0.275298 0.187554 0.755898
0.307666 0.187521 0.754814
0.340033 0.187487 0.753730
0.372400 0.187454 0.752646
0.404767 0.187420 0.751562
0.437134 0.187387 0.750479
0.469502 0.187354 0.749395
0.501869 0.187320 0.748311
0.534236 0.187287 0.747227
0.566603 0.187254 0.746143
0.598970 0.187220 0.745059
0.631338 0.187187 0.743975
0.663705 0.187154 0.742892
0.696072 0.187120 0.741808
0.728439 0.187087 0.740724
0.760806 0.187054 0.739640
0.793173 0.187020 0.738556
0.825541 0.186987 0.737472
0.857908 0.186954 0.736389
0.890275 0.186920 0.735305
0.922642 0.186887 0.734221
0.955009 0.186854 0.733137
0.987377 0.186820 0.732053
1.000000 0.186787 0.730969
1.000000 0.186753 0.729885
1.000000 0.186720 0.728802
0.052486 0.218925 0.759839
0.084854 0.218892 0.758755
0.117221 0.218858 0.757671
0.149588 0.218825 0.756587
0.181955 0.218792 0.755503
0.214322 0.218758 0.754419
0.246690 0.218725 0.753335
0.279057 0.218692 0.752252
0.311424 0.218658 0.751168
0.343791 0.218625 0.750084
0.376158 0.218592 0.749000
0.408525 0.218558 0.747916
0.440893 0.218525 0.746832
0.473260 0.218492 0.745749
0.505627 0.218458 0.744665
0.537994 0.218425 0.743581
0.570361 0.218392 0.742497
0.602729 0.218358 0.741413
0.635096 0.218325 0.740329
0.667463 0.218291 0.739245
0.699830 0.218258 0.738162
0.732197 0.218225 0.737078
0.764565 0.218191 0.735994
0.796932 0.218158 0.734910
0.829299 0.218125 0.733826
0.861666 0.218091 0.732742
0.894033 0.218058 0.731659
0.926401 0.218025 0.730575
0.958768 0.217991 0.729491
0.991135 0.217958 0.728407
1.000000 0.217925 0.727323
1.000000 0.217891 0.726239
1.000000 0.217858 0.725156
0.056245 0.250063 0.756192
0.088612 0.250030 0.755109
0.120979 0.249996 0.754025
0.153346 0.249963 0.752941
0.185713 0.249930 0.751857
0.218081 0.249896 0.750773
0.250448 0.249863 0.749689
0.282815 0.249829 0.748605
0.315182 0.249796 0.747522
0.347549 0.249763 0.746438
0.379917 0.249729 0.745354
0.412284 0.249696 0.744270
0.444651 0.249663 0.743186
0.477018 0.249629 0.742102
0.509385 0.249596 0.741019
0.541753 0.249563 0.739935
0.574120 0.249529 0.738851
0.606487 0.249496 0.737767
0.638854 0.249463 0.736683
0.671221 0.249429 0.735599
0.703589 0.249396 0.734516
0.735956 0.249363 0.733432
0.768323 0.249329 0.732348
0.800690 0.249296 0.731264
0.833057 0.249263 0.730180
0.865424 0.249229 0.729096
0.897792 0.249196 0.728012
0.930159 0.249163 0.726929
0.962526 0.249129 0.725845
0.994893 0.249096 0.724761
1.000000 0.249062 0.723677
1.000000 0.249029 0.722593
1.000000 0.248996 0.721509
0.060003 0.281201 0.752546
0.092370 0.281167 0.751462
0.124737 0.281134 0.750379
0.157105 0.281101 0.749295
0.189472 0.281067 0.748211
0.221839 0.281034 0.747127
0.254206 0.281001 0.746043
0.286573 0.280967 0.744959
0.318941 0.280934 0.743876
0.351308 0.280901 0.742792
0.383675 0.280867 0.741708
0.416042 0.280834 0.740624
0.448409 0.280801 0.739540
0.480776 0.280767 0.738456
0.513144 0.280734 0.737372
0.545511 0.280701 0.736289
0.577878 0.280667 0.735205
0.610245 0.280634 0.734121
0.642612 0.280600 0.733037
0.674980 0.280567 0.731953
0.707347 0.280534 0.730869
0.739714 0.280500 0.729786
0.772081 0.280467 0.728702
0.804448 0.280434 0.727618
0.836816 0.280400 0.726534
0.869183 0.280367 0.725450
0.901550 0.280334 0.724366
0.933917 0.280300 0.723283
0.966284 0.280267 0.722199
0.998652 0.280234 0.721115
1.000000 0.280200 0.720031
1.000000 0.280167 0.718947
1.000000 0.280134 0.717863
0.063761 0.312339 0.748900
0.096128 0.312305 0.747816
0.128496 0.312272 0.746732
0.160863 0.312239 0.745649
0.193230 0.312205 0.744565
0.225597 0.312172 0.743481
0.257964 0.312138 0.742397
0.290332 0.312105 0.741313
0.322699 0.312072 0.740229
0.355066 0.312038 0.739146
0.387433 0.312005 0.738062
0.419800 0.311972 0.736978
0.452168 0.311938 0.735894
0.484535 0.311905 0.734810
0.516902 0.311872 0.733726
0.549269 0.311838 0.732643
0.581636 0.311805 0.731559
0.614004 0.311772 0.730475
0.646371 0.311738 0.729391
0.678738 0.311705 0.728307
0.711105 0.311672 0.727223
0.743472 0.311638 0.726139
0.775840 0.311605 0.725056
0.808207 0.311572 0.723972
0.840574 0.311538 0.722888
0.872941 0.311505 0.721804
0.905308 0.311471 0.720720
0.937675 0.311438 0.719636
0.970043 0.311405 0.718553
1.000000 0.311371 0.717469
1.000000 0.311338 0.716385
1.000000 0.311305 0.715301
1.000000 0.311271 0.714217
0.067520 0.343476 0.745254
0.099887 0.343443 0.744170
0.132254 0.343410 0.743086
0.164621 0.343376 0.742003
0.196988 0.343343 0.740919
0.229356 0.343310 0.739835
0.261723 0.343276 0.738751
0.294090 0.343243 0.737667
0.326457 0.343210 0.736583
0.358824 0.343176 0.735499
0.391192 0.343143 0.734416
0.423559 0.343110 0.733332
0.455926 0.343076 0.732248
0.488293 0.343043 0.731164
0.520660 0.343009 0.730080
0.553027 0.342976 0.728996
0.585395 0.342943 0.727913
0.617762 0.342909 0.726829
0.650129 0.342876 0.725745
0.682496 0.342843 0.724661
0.714863 0.342809 0.723577
0.747231 0.342776 0.722493
0.779598 0.342743 0.721409
0.811965 0.342709 0.720326
0.844332 0.342676 0.719242
0.876699 0.342643 0.718158
0.909067 0.342609 0.717074
0.941434 0.342576 0.715990
0.973801 0.342543 0.714906
1.000000 0.342509 0.713823
1.000000 0.342313 0.714390
1.000000 0.341996 0.716174
1.000000 0.341679 0.717958
0.071278 0.374614 0.741608
0.103645 0.374581 0.740524
0.136012 0.374547 0.739440
0.168379 0.374514 0.738356
0.200747 0.374481 0.737273
0.233114 0.374447 0.736189
0.265481 0.374414 0.735105
0.297848 0.374381 0.734021
0.330215 0.374347 0.732937
0.362583 0.374314 0.731853
0.394950 0.374281 0.730769
0.427317 0.374247 0.729686
0.459684 0.374214 0.728602
0.492051 0.374181 0.727518
0.524419 0.374147 0.726434
0.556786 0.374114 0.725350
0.589153 0.374081 0.724266
0.621520 0.374047 0.723183
0.653887 0.374014 0.722099
0.686255 0.373981 0.721015
0.718622 0.373947 0.719931
0.750989 0.373914 0.718847
0.783356 0.373881 0.717763
0.815723 0.373847 0.716680
0.848091 0.373814 0.715596
0.880458 0.373780 0.714512
0.912825 0.373747 0.713428
0.942763 0.373447 0.715039
0.972546 0.373131 0.716824
1.000000 0.372814 0.718608
1.000000 0.372497 0.720392
1.000000 0.372180 0.722176
1.000000 0.371863 0.723960
0.075036 0.405752 0.737962
0.107403 0.405719 0.736878
0.139771 0.405685 0.735794
0.172138 0.405652 0.734710
0.204505 0.405619 0.733626
0.236872 0.405585 0.732543
0.269239 0.405552 0.731459
0.301607 0.405519 0.730375
0.333974 0.405485 0.729291
0.366341 0.405452 0.728207
0.398708 0.405419 0.727123
0.431075 0.405385 0.726040
0.463443 0.405352 0.724956
0.495810 0.405318 0.723872
0.528177 0.405285 0.722788
0.560544 0.405252 0.721704
0.592911 0.405218 0.720620
0.625278 0.405185 0.719536
0.657646 0.405152 0.718453
0.690013 0.405118 0.717369
0.722380 0.405085 0.716285
0.754747 0.405052 0.715201
0.787114 0.405018 0.714117
0.818696 0.404899 0.713905
0.848479 0.404582 0.715689
0.878262 0.404265 0.717473
0.908044 0.403948 0.719257
0.937827 0.403632 0.721042
0.967610 0.403315 0.722826
0.997392 0.402998 0.724610
1.000000 0.402681 0.726394
1.000000 0.402364 0.728178
1.000000 0.402047 0.729962
0.078795 0.436890 0.734316
0.111162 0.436856 0.733232
0.143529 0.436823 0.732148
0.175896 0.436790 0.731064
0.208263 0.436756 0.729980
0.240630 0.436723 0.728896
0.272998 0.436690 0.727813
0.305365 0.436656 0.726729
0.337732 0.436623 0.725645
0.370099 0.436590 0.724561
0.402466 0.436556 0.723477
0.434834 0.436523 0.722393
0.467201 0.436490 0.721310
0.499568 0.436456 0.720226
0.531935 0.436423 0.719142
0.564302 0.436390 0.718058
0.596670 0.436356 0.716974
0.629037 0.436323 0.715890
0.661404 0.436290 0.714807
0.693771 0.436256 0.713723
0.724412 0.436033 0.714554
0.754195 0.435717 0.716339
0.783977 0.435400 0.718123
0.813760 0.435083 0.719907
0.843543 0.434766 0.721691
0.873325 0.434449 0.723475
0.903108 0.434133 0.725259
0.932891 0.433816 0.727044
0.962673 0.433499 0.728828
0.992456 0.433182 0.730612
1.000000 0.432865 0.732396
1.000000 0.432549 0.734180
1.000000 0.432232 0.735965
0.082553 0.468028 0.730670
0.114920 0.467994 0.729586
0.147287 0.467961 0.728502
0.179654 0.467928 0.727418
0.212022 0.467894 0.726334
0.244389 0.467861 0.725250
0.276756 0.467828 0.724167
0.309123 0.467794 0.723083
0.341490 0.467761 0.721999
0.373858 0.467727 0.720915
0.406225 0.467694 0.719831
0.438592 0.467661 0.718747
0.470959 0.467627 0.717663
0.503326 0.467594 0.716580
0.535694 0.467561 0.715496
0.568061 0.467527 0.714412
0.600345 0.467485 0.713420
0.630128 0.467168 0.715204
0.659911 0.466851 0.716988
0.689693 0.466535 0.718772
0.719476 0.466218 0.720557
0.749258 0.465901 0.722341
0.779041 0.465584 0.724125
0.808824 0.465267 0.725909
0.838606 0.464950 0.727693
0.868389 0.464634 0.729477
0.898172 0.464317 0.731262
0.927954 0.464000 0.733046
0.957737 0.463683 0.734830
0.987520 0.463366 0.736614
1.000000 0.463050 0.738398
1.000000 0.462733 0.740182
1.000000 0.462416 0.741967
0.086311 0.499165 0.727023
0.118678 0.499132 0.725940
0.151046 0.499099 0.724856
0.183413 0.499065 0.723772
0.215780 0.499032 0.722688
0.248147 0.498999 0.721604
0.280514 0.498965 0.720520
0.312881 0.498932 0.719437
0.345249 0.498899 0.718353
0.377616 0.498865 0.717269
0.409983 0.498832 0.716185
0.442350 0.498799 0.715101
0.474717 0.498765 0.714017
0.506061 0.498620 0.714069
0.535844 0.498303 0.715854
0.565626 0.497986 0.717638
0.595409 0.497669 0.719422
0.625192 0.497352 0.721206
0.654974 0.497036 0.722990
0.684757 0.496719 0.724774
0.714540 0.496402 0.726559
0.744322 0.496085 0.728343
0.774105 0.495768 0.730127
0.803887 0.495451 0.731911
0.833670 0.495135 0.733695
0.863453 0.494818 0.735479
0.893235 0.494501 0.737264
0.923018 0.494184 0.739048
0.952801 0.493867 0.740832
0.982583 0.493551 0.742616
1.000000 0.493234 0.744400
1.000000 0.492917 0.746184
1.000000 0.492600 0.747969
0.090069 0.530303 0.723377
0.122437 0.530270 0.722293
0.154804 0.530237 0.721210
0.187171 0.530203 0.720126
0.219538 0.530170 0.719042
0.251905 0.530136 0.717958
0.284273 0.530103 0.716874
0.316640 0.530070 0.715790
0.349007 0.530036 0.714707
0.381374 0.530003 0.713623
0.411777 0.529754 0.714719
0.441559 0.529437 0.716503
0.471342 0.529121 0.718287
0.501125 0.528804 0.720071
0.530907 0.528487 0.721856
0.560690 0.528170 0.723640
0.590473 0.527853 0.725424
0.620255 0.527537 0.727208
0.650038 0.527220 0.728992
0.679821 0.526903 0.730776
0.709603 0.526586 0.732561
0.739386 0.526269 0.734345
0.769169 0.525952 0.736129
0.798951 0.525636 0.737913
0.828734 0.525319 0.739697
0.858516 0.525002 0.741482
0.888299 0.524685 0.743266
0.918082 0.524368 0.745050
0.947864 0.524052 0.746834
0.977647 0.523735 0.748618
1.000000 0.523418 0.750402
1.000000 0.523101 0.752187
1.000000 0.522784 0.753971
0.093828 0.561441 0.719731
0.126195 0.561408 0.718647
0.158562 0.561374 0.717564
0.190929 0.561341 0.716480
0.223297 0.561308 0.715396
0.255664 0.561274 0.714312
0.287710 0.561206 0.713584
0.317493 0.560889 0.715368
0.347275 0.560572 0.717153
0.377058 0.560255 0.718937
0.406841 0.559938 0.720721
0.436623 0.559622 0.722505
0.466406 0.559305 0.724289
0.496188 0.558988 0.726074
0.525971 0.558671 0.727858
0.555754 0.558354 0.729642
0.585536 0.558038 0.731426
0.615319 0.557721 0.733210
0.645102 0.557404 0.734994
0.674884 0.557087 0.736779
0.704667 0.556770 0.738563
0.734450 0.556454 0.740347
0.764232 0.556137 0.742131
0.794015 0.555820 0.743915
0.823798 0.555503 0.745699
0.853580 0.555186 0.747484
0.883363 0.554869 0.749268
0.913145 0.554553 0.751052
0.942928 0.554236 0.752836
0.972711 0.553919 0.754620
1.000000 0.553602 0.756404
1.000000 0.553285 0.758189
1.000000 0.552969 0.759973
0.097586 0.592579 0.716085
0.129953 0.592546 0.715001
0.162320 0.592512 0.713917
0.193426 0.592340 0.714234
0.223208 0.592024 0.716018
0.252991 0.591707 0.717802
0.282774 0.591390 0.719586
0.312556 0.591073 0.721371
0.342339 0.590756 0.723155
0.372122 0.590440 0.724939
0.401904 0.590123 0.726723
0.431687 0.589806 0.728507
0.461470 0.589489 0.730291
0.491252 0.589172 0.732076
0.521035 0.588855 0.733860
0.550817 0.588539 0.735644
0.580600 0.588222 0.737428
0.610383 0.587905 0.739212
0.640165 0.587588 0.740996
0.669948 0.587271 0.742781
0.699731 0.586955 0.744565
0.729513 0.586638 0.746349
0.759296 0.586321 0.748133
0.789079 0.586004 0.749917
0.818861 0.585687 0.751701
0.848644 0.585370 0.753486
0.878427 0.585054 0.755270
0.908209 0.584737 0.757054
0.937992 0.584420 0.758838
0.967774 0.584103 0.760622
0.997557 0.583786 0.762407
1.000000 0.583470 0.764191
1.000000 0.583153 0.765975
0.099142 0.623475 0.714883
0.128924 0.623158 0.716668
0.158707 0.622841 0.718452
0.188489 0.622525 0.720236
0.218272 0.622208 0.722020
0.248055 0.621891 0.723804
0.277837 0.621574 0.725588
0.307620 0.621257 0.727373
0.337403 0.620941 0.729157
0.367185 0.620624 0.730941
0.396968 0.620307 0.732725
0.426751 0.619990 0.734509
0.456533 0.619673 0.736293
0.486316 0.619356 0.738078
0.516099 0.619040 0.739862
0.545881 0.618723 0.741646
0.575664 0.618406 0.743430
0.605446 0.618089 0.745214
0.635229 0.617772 0.746999
0.665012 0.617456 0.748783
0.694794 0.617139 0.750567
0.724577 0.616822 0.752351
0.754360 0.616505 0.754135
0.784142 0.616188 0.755919
0.813925 0.615871 0.757704
0.843708 0.615555 0.759488
0.873490 0.615238 0.761272
0.903273 0.614921 0.763056
0.933056 0.614604 0.764840
0.962838 0.614287 0.766624
0.992621 0.613971 0.768409
1.000000 0.613654 0.770193
1.000000 0.613337 0.771977
0.094205 0.653659 0.720885
0.123988 0.653342 0.722670
0.153771 0.653026 0.724454
0.183553 0.652709 0.726238
0.213336 0.652392 0.728022
0.243118 0.652075 0.729806
0.272901 0.651758 0.731591
0.302684 0.651442 0.733375
0.332466 0.651125 0.735159
0.362249 0.650808 0.736943
0.392032 0.650491 0.738727
0.421814 0.650174 0.740511
0.451597 0.649857 0.742296
0.481380 0.649541 0.744080
0.511162 0.649224 0.745864
0.540945 0.648907 0.747648
0.570728 0.648590 0.749432
0.600510 0.648273 0.751216
0.630293 0.647957 0.753001
0.660075 0.647640 0.754785
0.689858 0.647323 0.756569
0.719641 0.647006 0.758353
0.749423 0.646689 0.760137
0.779206 0.646373 0.761921
0.808989 0.646056 0.763706
0.838771 0.645739 0.765490
0.868554 0.645422 0.767274
0.898337 0.645105 0.769058
0.928119 0.644788 0.770842
0.957902 0.644472 0.772626
0.987685 0.644155 0.774411
1.000000 0.643838 0.776195
1.000000 0.643521 0.777979
0.089269 0.683843 0.726888
0.119052 0.683527 0.728672
0.148834 0.683210 0.730456
0.178617 0.682893 0.732240
0.208400 0.682576 0.734024
0.238182 0.682259 0.735808
0.267965 0.681943 0.737593
0.297747 0.681626 0.739377
0.327530 0.681309 0.741161
0.357313 0.680992 0.742945
0.387095 0.680675 0.744729
0.416878 0.680359 0.746513
0.446661 0.680042 0.748298
0.476443 0.679725 0.750082
0.506226 0.679408 0.751866
0.536009 0.679091 0.753650
0.565791 0.678774 0.755434
0.595574 0.678458 0.757218
0.625357 0.678141 0.759003
0.655139 0.677824 0.760787
0.684922 0.677507 0.762571
0.714704 0.677190 0.764355
0.744487 0.676874 0.766139
0.774270 0.676557 0.767924
0.804052 0.676240 0.769708
0.833835 0.675923 0.771492
0.863618 0.675606 0.773276
0.893400 0.675289 0.775060
0.923183 0.674973 0.776844
0.952966 0.674656 0.778629
0.982748 0.674339 0.780413
1.000000 0.674022 0.782197
1.000000 0.673705 0.783981
0.084333 0.714028 0.732890
0.114115 0.713711 0.734674
0.143898 0.713394 0.736458
0.173681 0.713077 0.738242
0.203463 0.712760 0.740026
0.233246 0.712444 0.741810
0.263029 0.712127 0.743595
0.292811 0.711810 0.745379
0.322594 0.711493 0.747163
0.352376 0.711176 0.748947
0.382159 0.710860 0.750731
0.411942 0.710543 0.752516
0.441724 0.710226 0.754300
0.471507 0.709909 0.756084
0.501290 0.709592 0.757868
0.531072 0.709275 0.759652
0.560855 0.708959 0.761436
0.590638 0.708642 0.763221
0.620420 0.708325 0.765005
0.650203 0.708008 0.766789
0.679986 0.707691 0.768573
0.709768 0.707375 0.770357
0.739551 0.707058 0.772141
0.769333 0.706741 0.773926
0.799116 0.706424 0.775710
0.828899 0.706107 0.777494
0.858681 0.705791 0.779278
0.888464 0.705474 0.781062
0.918247 0.705157 0.782846
0.948029 0.704840 0.784631
0.977812 0.704523 0.786415
1.000000 0.704206 0.788199
1.000000 0.703890 0.789983
0.079396 0.744212 0.738892
0.109179 0.743895 0.740676
0.138962 0.743578 0.742460
0.168744 0.743261 0.744244
0.198527 0.742945 0.746028
0.228310 0.742628 0.747813
0.258092 0.742311 0.749597
0.287875 0.741994 0.751381
0.317658 0.741677 0.753165
0.347440 0.741361 0.754949
0.377223 0.741044 0.756733
0.407005 0.740727 0.758518
0.436788 0.740410 0.760302
0.466571 0.740093 0.762086
0.496353 0.739777 0.763870
0.526136 0.739460 0.765654
0.555919 0.739143 0.767438
0.585701 0.738826 0.769223
0.615484 0.738509 0.771007
0.645267 0.738192 0.772791
0.675049 0.737876 0.774575
0.704832 0.737559 0.776359
0.734615 0.737242 0.778143
0.764397 0.736925 0.779928
0.794180 0.736608 0.781712
0.823962 0.736292 0.783496
0.853745 0.735975 0.785280
0.883528 0.735658 0.787064
0.913310 0.735341 0.788849
0.943093 0.735024 0.790633
0.972876 0.734707 0.792417
1.000000 0.734391 0.794201
1.000000 0.734074 0.795985
0.074460 0.774396 0.744894
0.104243 0.774079 0.746678
0.134025 0.773763 0.748462
0.163808 0.773446 0.750246
0.193591 0.773129 0.752030
0.223373 0.772812 0.753815
0.253156 0.772495 0.755599
0.282939 0.772178 0.757383
0.312721 0.771862 0.759167
0.342504 0.771545 0.760951
0.372287 0.771228 0.762735
0.402069 0.770911 0.764520
0.431852 0.770594 0.766304
0.461634 0.770278 0.768088
0.491417 0.769961 0.769872
0.521200 0.769644 0.771656
0.550982 0.769327 0.773441
0.580765 0.769010 0.775225
0.610548 0.768693 0.777009
0.640330 0.768377 0.778793
0.670113 0.768060 0.780577
0.699896 0.767743 0.782361
0.729678 0.767426 0.784146
0.759461 0.767109 0.785930
0.789244 0.766793 0.787714
0.819026 0.766476 0.789498
0.848809 0.766159 0.791282
0.878591 0.765842 0.793066
0.908374 0.765525 0.794851
0.938157 0.765208 0.796635
0.967939 0.764892 0.798419
0.997722 0.764575 0.800203
1.000000 0.764258 0.801987
0.069524 0.804580 0.750896
0.099306 0.804264 0.752680
0.129089 0.803947 0.754464
0.158872 0.803630 0.756248
0.188654 0.803313 0.758033
0.218437 0.802996 0.759817
0.248220 0.802679 0.761601
0.278002 0.802363 0.763385
0.307785 0.802046 0.765169
0.337568 0.801729 0.766953
0.367350 0.801412 0.768738
0.397133 0.801095 0.770522
0.426916 0.800779 0.772306
0.456698 0.800462 0.774090
0.486481 0.800145 0.775874
0.516263 0.799828 0.777658
0.546046 0.799511 0.779443
0.575829 0.799194 0.781227
0.605611 0.798878 0.783011
0.635394 0.798561 0.784795
0.665177 0.798244 0.786579
0.694959 0.797927 0.788363
0.724742 0.797610 0.790148
0.754525 0.797294 0.791932
0.784307 0.796977 0.793716
0.814090 0.796660 0.795500
0.843873 0.796343 0.797284
0.873655 0.796026 0.799068
0.903438 0.795710 0.800853
0.933220 0.795393 0.802637
0.963003 0.795076 0.804421
0.992786 0.794759 0.806205
1.000000 0.794442 0.807989
0.064588 0.834765 0.756898
0.094370 0.834448 0.758682
0.124153 0.834131 0.760466
0.153935 0.833814 0.762250
0.183718 0.833497 0.764035
0.213501 0.833180 0.765819
0.243283 0.832864 0.767603
0.273066 0.832547 0.769387
0.302849 0.832230 0.771171
0.332631 0.831913 0.772955
0.362414 0.831596 0.774740
0.392197 0.831280 0.776524
0.421979 0.830963 0.778308
0.451762 0.830646 0.780092
0.481545 0.830329 0.781876
0.511327 0.830012 0.783660
0.541110 0.829696 0.785445
0.570892 0.829379 0.787229
0.600675 0.829062 0.789013
0.630458 0.828745 0.790797
0.660240 0.828428 0.792581
0.690023 0.828111 0.794366
0.719806 0.827795 0.796150
0.749588 0.827478 0.797934
0.779371 0.827161 0.799718
0.809154 0.826844 0.801502
0.838936 0.826527 0.803286
0.868719 0.826211 0.805071
0.898502 0.825894 0.806855
0.928284 0.825577 0.808639
0.958067 0.825260 0.810423
0.987849 0.824943 0.812207
1.000000 0.824626 0.813991
0.059651 0.864949 0.762900
0.089434 0.864632 0.764684
0.119217 0.864315 0.766468
0.148999 0.863998 0.768252
0.178782 0.863682 0.770037
0.208564 0.863365 0.771821
0.238347 0.863048 0.773605
0.268130 0.862731 0.775389
0.297912 0.862414 0.777173
0.327695 0.862097 0.778958
0.357478 0.861781 0.780742
0.387260 0.861464 0.782526
0.417043 0.861147 0.784310
0.446826 0.860830 0.786094
0.476608 0.860513 0.787878
0.506391 0.860197 0.789663
0.536174 0.859880 0.791447
0.565956 0.859563 0.793231
0.595739 0.859246 0.795015
0.625521 0.858929 0.796799
0.655304 0.858612 0.798583
0.685087 0.858296 0.800368
0.714869 0.857979 0.802152
0.744652 0.857662 0.803936
0.774435 0.857345 0.805720
0.804217 0.857028 0.807504
0.834000 0.856712 0.809288
0.863783 0.856395 0.811073
0.893565 0.856078 0.812857
0.923348 0.855761 0.814641
0.953131 0.855444 0.816425
0.982913 0.855127 0.818209
1.000000 0.854811 0.819993
0.054715 0.895133 0.768902
0.084498 0.894816 0.770686
0.114280 0.894499 0.772470
0.144063 0.894183 0.774255
0.173846 0.893866 0.776039
0.203628 0.893549 0.777823
0.233411 0.893232 0.779607
0.263193 0.892915 0.781391
0.292976 0.892598 0.783175
0.322759 0.892282 0.784960
0.352541 0.891965 0.786744
0.382324 0.891648 0.788528
0.412107 0.891331 0.790312
0.441889 0.891014 0.792096
0.471672 0.890698 0.793880
0.501455 0.890381 0.795665
0.531237 0.890064 0.797449
0.561020 0.889747 0.799233
0.590803 0.889430 0.801017
0.620585 0.889113 0.802801
0.650368 0.888797 0.804585
0.680150 0.888480 0.806370
0.709933 0.888163 0.808154
0.739716 0.887846 0.809938
0.769498 0.887529 0.811722
0.799281 0.887213 0.813506
0.829064 0.886896 0.815291
0.858846 0.886579 0.817075
0.888629 0.886262 0.818859
0.918412 0.885945 0.820643
0.948194 0.885629 0.822427
0.977977 0.885312 0.824211
1.000000 0.884995 0.825996
0.049779 0.925317 0.774904
0.079561 0.925000 0.776688
0.109344 0.924684 0.778472
0.139127 0.924367 0.780257
0.168909 0.924050 0.782041
0.198692 0.923733 0.783825
0.228475 0.923416 0.785609
0.258257 0.923099 0.787393
0.288040 0.922783 0.789177
0.317822 0.922466 0.790962
0.347605 0.922149 0.792746
0.377388 0.921832 0.794530
0.407170 0.921515 0.796314
0.436953 0.921199 0.798098
0.466736 0.920882 0.799883
0.496518 0.920565 0.801667
0.526301 0.920248 0.803451
0.556084 0.919931 0.805235
0.585866 0.919615 0.807019
0.615649 0.919298 0.808803
0.645432 0.918981 0.810588
0.675214 0.918664 0.812372
0.704997 0.918347 0.814156
0.734779 0.918030 0.815940
0.764562 0.917714 0.817724
0.794345 0.917397 0.819508
0.824127 0.917080 0.821293
0.853910 0.916763 0.823077
0.883693 0.916446 0.824861
0.913475 0.916130 0.826645
0.943258 0.915813 0.828429
0.973041 0.915496 0.830213
1.000000 0.915179 0.831998
0.044842 0.955501 0.780906
0.074625 0.955185 0.782690
0.104408 0.954868 0.784475
0.134190 0.954551 0.786259
0.163973 0.954234 0.788043
0.193756 0.953917 0.789827
0.223538 0.953601 0.791611
0.253321 0.953284 0.793395
0.283104 0.952967 0.795180
0.312886 0.952650 0.796964
0.342669 0.952333 0.798748
0.372451 0.952016 0.800532
0.402234 0.951700 0.802316
0.432017 0.951383 0.804100
0.461799 0.951066 0.805885
0.491582 0.950749 0.807669
0.521365 0.950432 0.809453
0.551147 0.950116 0.811237
0.580930 0.949799 0.813021
0.610713 0.949482 0.814805
0.640495 0.949165 0.816590
0.670278 0.948848 0.818374
0.700061 0.948531 0.820158
0.729843 0.948215 0.821942
0.759626 0.947898 0.823726
0.789408 0.947581 0.825510
0.819191 0.947264 0.827295
0.848974 0.946947 0.829079
0.878756 0.946631 0.830863
0.908539 0.946314 0.832647
0.938322 0.945997 0.834431
0.968104 0.945680 0.836216
0.997887 0.945363 0.838000
0.039906 0.985686 0.786908
0.069689 0.985369 0.788692
0.099471 0.985052 0.790477
0.129254 0.984735 0.792261
0.159037 0.984418 0.794045
0.188819 0.984102 0.795829
0.218602 0.983785 0.797613
0.248385 0.983468 0.799397
0.278167 0.983151 0.801182
0.307950 0.982834 0.802966
0.337733 0.982517 0.804750
0.367515 0.982201 0.806534
0.397298 0.981884 0.808318
0.427080 0.981567 0.810102
0.456863 0.981250 0.811887
0.486646 0.980933 0.813671
0.516428 0.980617 0.815455
0.546211 0.980300 0.817239
0.575994 0.979983 0.819023
0.605776 0.979666 0.820808
0.635559 0.979349 0.822592
0.665342 0.979032 0.824376
0.695124 0.978716 0.826160
0.724907 0.978399 0.827944
0.754690 0.978082 0.829728
0.784472 0.977765 0.831513
0.814255 0.977448 0.833297
0.844037 0.977132 0.835081
0.873820 0.976815 0.836865
0.903603 0.976498 0.838649
0.933385 0.976181 0.840433
0.963168 0.975864 0.842218
0.992951 0.975548 0.844002
0.026558 0.000949 0.816243
0.058925 0.000916 0.815159
0.091292 0.000882 0.814076
0.123659 0.000849 0.812992
0.156026 0.000816 0.811908
0.188394 0.000782 0.810824
0.220761 0.000749 0.809740
0.253128 0.000716 0.808656
0.285495 0.000682 0.807573
0.317862 0.000649 0.806489
0.350230 0.000616 0.805405
0.382597 0.000582 0.804321
0.414964 0.000549 0.803237
0.447331 0.000516 0.802153
0.479698 0.000482 0.801069
0.512066 0.000449 0.799986
0.544433 0.000416 0.798902
0.576800 0.000382 0.797818
0.609167 0.000349 0.796734
0.641534 0.000315 0.795650
0.673901 0.000282 0.794566
0.706269 0.000249 0.793483
0.738636 0.000215 0.792399
0.771003 0.000182 0.791315
0.803370 0.000149 0.790231
0.835737 0.000115 0.789147
0.868105 0.000082 0.788063
0.900472 0.000049 0.786979
0.932839 0.000015 0.785896
0.965206 0.000000 0.784812
0.997573 0.000000 0.783728
1.000000 0.000000 0.782644
1.000000 0.000000 0.781560
0.030316 0.032087 0.812597
0.062683 0.032054 0.811513
0.095050 0.032020 0.810429
0.127418 0.031987 0.809346
0.159785 0.031954 0.808262
0.192152 0.031920 0.807178
0.224519 0.031887 0.806094
0.256886 0.031853 0.805010
0.289253 0.031820 0.803926
0.321621 0.031787 0.802843
0.353988 0.031753 0.801759
0.386355 0.031720 0.800675
0.418722 0.031687 0.799591
0.451089 0.031653 0.798507
0.483457 0.031620 0.797423
0.515824 0.031587 0.796339
0.548191 0.031553 0.795256
0.580558 0.031520 0.794172
0.612925 0.031487 0.793088
0.645293 0.031453 0.792004
0.677660 0.031420 0.790920
0.710027 0.031387 0.789836
0.742394 0.031353 0.788753
0.774761 0.031320 0.787669
0.807129 0.031287 0.786585
0.839496 0.031253 0.785501
0.871863 0.031220 0.784417
0.904230 0.031187 0.783333
0.936597 0.031153 0.782250
0.968965 0.031120 0.781166
1.000000 0.031086 0.780082
1.000000 0.031053 0.778998
1.000000 0.031020 0.777914
0.034074 0.063225 0.808951
0.066441 0.063191 0.807867
0.098809 0.063158 0.806783
0.131176 0.063125 0.805699
0.163543 0.063091 0.804616
0.195910 0.063058 0.803532
0.228277 0.063025 0.802448
0.260645 0.062991 0.801364
0.293012 0.062958 0.800280
0.325379 0.062925 0.799196
0.357746 0.062891 0.798113
0.390113 0.062858 0.797029
0.422481 0.062825 0.795945
0.454848 0.062791 0.794861
0.487215 0.062758 0.793777
0.519582 0.062725 0.792693
0.551949 0.062691 0.791610
0.584317 0.062658 0.790526
0.616684 0.062624 0.789442
0.649051 0.062591 0.788358
0.681418 0.062558 0.787274
0.713785 0.062524 0.786190
0.746152 0.062491 0.785106
0.778520 0.062458 0.784023
0.810887 0.062424 0.782939
0.843254 0.062391 0.781855
0.875621 0.062358 0.780771
0.907988 0.062324 0.779687
0.940356 0.062291 0.778603
0.972723 0.062258 0.777520
1.000000 0.062224 0.776436
1.000000 0.062191 0.775352
1.000000 0.062158 0.774268
0.037833 0.094363 0.805305
0.070200 0.094329 0.804221
0.102567 0.094296 0.803137
0.134934 0.094263 0.802053
0.167301 0.094229 0.800970
0.199669 0.094196 0.799886
0.232036 0.094162 0.798802
0.264403 0.094129 0.797718
0.296770 0.094096 0.796634
0.329137 0.094062 0.795550
0.361504 0.094029 0.794466
0.393872 0.093996 0.793383
0.426239 0.093962 0.792299
0.458606 0.093929 0.791215
0.490973 0.093896 0.790131
0.523340 0.093862 0.789047
0.555708 0.093829 0.787963
0.588075 0.093796 0.786880
0.620442 0.093762 0.785796
0.652809 0.093729 0.784712
0.685176 0.093696 0.783628
0.717544 0.093662 0.782544
0.749911 0.093629 0.781460
0.782278 0.093596 0.780377
0.814645 0.093562 0.779293
0.847012 0.093529 0.778209
0.879380 0.093495 0.777125
0.911747 0.093462 0.776041
0.944114 0.093429 0.774957
0.976481 0.093395 0.773873
1.000000 0.093362 0.772790
1.000000 0.093329 0.771706
1.000000 0.093295 0.770622
0.041591 0.125500 0.801659
0.073958 0.125467 0.800575
0.106325 0.125434 0.799491
0.138692 0.125400 0.798407
0.171060 0.125367 0.797323
0.203427 0.125334 0.796240
0.235794 0.125300 0.795156
0.268161 0.125267 0.794072
0.300528 0.125234 0.792988
0.332896 0.125200 0.791904
0.365263 0.125167 0.790820
0.397630 0.125134 0.789737
0.429997 0.125100 0.788653
0.462364 0.125067 0.787569
0.494732 0.125033 0.786485
0.527099 0.125000 0.785401
0.559466 0.124967 0.784317
0.591833 0.124933 0.783233
0.624200 0.124900 0.782150
0.656568 0.124867 0.781066
0.688935 0.124833 0.779982
0.721302 0.124800 0.778898
0.753669 0.124767 0.777814
0.786036 0.124733 0.776730
0.818403 0.124700 0.775647
0.850771 0.124667 0.774563
0.883138 0.124633 0.773479
0.915505 0.124600 0.772395
0.947872 0.124567 0.771311
0.980239 0.124533 0.770227
1.000000 0.124500 0.769143
1.000000 0.124467 0.768060
1.000000 0.124433 0.766976
0.045349 0.156638 0.798013
0.077716 0.156605 0.796929
0.110084 0.156571 0.795845
0.142451 0.156538 0.794761
0.174818 0.156505 0.793677
0.207185 0.156471 0.792593
0.239552 0.156438 0.791510
0.271920 0.156405 0.790426
0.304287 0.156371 0.789342
0.336654 0.156338 0.788258
0.369021 0.156305 0.787174
0.401388 0.156271 0.786090
0.433755 0.156238 0.785007
0.466123 0.156205 0.783923
0.498490 0.156171 0.782839
0.530857 0.156138 0.781755
0.563224 0.156105 0.780671
0.595591 0.156071 0.779587
0.627959 0.156038 0.778503
0.660326 0.156005 0.777420
0.692693 0.155971 0.776336
0.725060 0.155938 0.775252
0.757427 0.155904 0.774168
0.789795 0.155871 0.773084
0.822162 0.155838 0.772000
0.854529 0.155804 0.770917
0.886896 0.155771 0.769833
0.919263 0.155738 0.768749
0.951631 0.155704 0.767665
0.983998 0.155671 0.766581
1.000000 0.155638 0.765497
1.000000 0.155604 0.764414
1.000000 0.155571 0.763330
0.049107 0.187776 0.794367
0.081475 0.187743 0.793283
0.113842 0.187709 0.792199
0.146209 0.187676 0.791115
0.178576 0.187643 0.790031
0.210943 0.187609 0.788947
0.243311 0.187576 0.787863
0.275678 0.187543 0.786780
0.308045 0.187509 0.785696
0.340412 0.187476 0.784612
0.372779 0.187442 0.783528
0.405147 0.187409 0.782444
0.437514 0.187376 0.781360
0.469881 0.187342 0.780277
0.502248 0.187309 0.779193
0.534615 0.187276 0.778109
0.566983 0.187242 0.777025
0.599350 0.187209 0.775941
0.631717 0.187176 0.774857
0.664084 0.187142 0.773774
0.696451 0.187109 0.772690
0.728819 0.187076 0.771606
0.761186 0.187042 0.770522
0.793553 0.187009 0.769438
0.825920 0.186976 0.768354
0.858287 0.186942 0.767270
0.890654 0.186909 0.766187
0.923022 0.186876 0.765103
0.955389 0.186842 0.764019
0.987756 0.186809 0.762935
1.000000 0.186776 0.761851
1.000000 0.186742 0.760767
1.000000 0.186709 0.759684
0.052866 0.218914 0.790720
0.085233 0.218880 0.789637
0.117600 0.218847 0.788553
0.149967 0.218814 0.787469
0.182335 0.218780 0.786385
0.214702 0.218747 0.785301
0.247069 0.218714 0.784217
0.279436 0.218680 0.783134
0.311803 0.218647 0.782050
0.344171 0.218614 0.780966
0.376538 0.218580 0.779882
0.408905 0.218547 0.778798
0.441272 0.218514 0.777714
0.473639 0.218480 0.776630
0.506006 0.218447 0.775547
0.538374 0.218414 0.774463
0.570741 0.218380 0.773379
0.603108 0.218347 0.772295
0.635475 0.218314 0.771211
0.667842 0.218280 0.770127
0.700210 0.218247 0.769044
0.732577 0.218213 0.767960
0.764944 0.218180 0.766876
0.797311 0.218147 0.765792
0.829678 0.218113 0.764708
0.862046 0.218080 0.763624
0.894413 0.218047 0.762541
0.926780 0.218013 0.761457
0.959147 0.217980 0.760373
0.991514 0.217947 0.759289
1.000000 0.217913 0.758205
1.000000 0.217880 0.757121
1.000000 0.217847 0.756037
0.056624 0.250052 0.787074
0.088991 0.250018 0.785990
0.121358 0.249985 0.784907
0.153726 0.249952 0.783823
0.186093 0.249918 0.782739
0.218460 0.249885 0.781655
0.250827 0.249852 0.780571
0.283194 0.249818 0.779487
0.315562 0.249785 0.778404
0.347929 0.249751 0.777320
0.380296 0.249718 0.776236
0.412663 0.249685 0.775152
0.445030 0.249651 0.774068
0.477398 0.249618 0.772984
0.509765 0.249585 0.771901
0.542132 0.249551 0.770817
0.574499 0.249518 0.769733
0.606866 0.249485 0.768649
0.639234 0.249451 0.767565
0.671601 0.249418 0.766481
0.703968 0.249385 0.765397
0.736335 0.249351 0.764314
0.768702 0.249318 0.763230
0.801069 0.249285 0.762146
0.833437 0.249251 0.761062
0.865804 0.249218 0.759978
0.898171 0.249185 0.758894
0.930538 0.249151 0.757811
0.962905 0.249118 0.756727
0.995273 0.249084 0.755643
1.000000 0.249051 0.754559
1.000000 0.249018 0.753475
1.000000 0.248984 0.752391
0.060382 0.281189 0.783428
0.092750 0.281156 0.782344
0.125117 0.281123 0.781261
0.157484 0.281089 0.780177
0.189851 0.281056 0.779093
0.222218 0.281023 0.778009
0.254586 0.280989 0.776925
0.286953 0.280956 0.775841
0.319320 0.280923 0.774757
0.351687 0.280889 0.773674
0.384054 0.280856 0.772590
0.416421 0.280823 0.771506
0.448789 0.280789 0.770422
0.481156 0.280756 0.769338
0.513523 0.280723 0.768254
0.545890 0.280689 0.767171
0.578257 0.280656 0.766087
0.610625 0.280622 0.765003
0.642992 0.280589 0.763919
0.675359 0.280556 0.762835
0.707726 0.280522 0.761751
0.740093 0.280489 0.760667
0.772461 0.280456 0.759584
0.804828 0.280422 0.758500
0.837195 0.280389 0.757416
0.869562 0.280356 0.756332
0.901929 0.280322 0.755248
0.934297 0.280289 0.754164
0.966664 0.280256 0.753081
0.999031 0.280222 0.751997
1.000000 0.280189 0.750913
1.000000 0.280156 0.749829
1.000000 0.280122 0.748745
0.064141 0.312327 0.779782
0.096508 0.312294 0.778698
0.128875 0.312261 0.777614
0.161242 0.312227 0.776531
0.193609 0.312194 0.775447
0.225977 0.312160 0.774363
0.258344 0.312127 0.773279
0.290711 0.312094 0.772195
0.323078 0.312060 0.771111
0.355445 0.312027 0.770027
0.387813 0.311994 0.768944
0.420180 0.311960 0.767860
0.452547 0.311927 0.766776
0.484914 0.311894 0.765692
0.517281 0.311860 0.764608
0.549649 0.311827 0.763524
0.582016 0.311794 0.762441
0.614383 0.311760 0.761357
0.646750 0.311727 0.760273
0.679117 0.311694 0.759189
0.711485 0.311660 0.758105
0.743852 0.311627 0.757021
0.776219 0.311594 0.755938
0.808586 0.311560 0.754854
0.840953 0.311527 0.753770
0.873320 0.311494 0.752686
0.905688 0.311460 0.751602
0.938055 0.311427 0.750518
0.970422 0.311393 0.749434
1.000000 0.311360 0.748351
1.000000 0.311327 0.747267
1.000000 0.311293 0.746183
1.000000 0.311260 0.745099
0.067899 0.343465 0.776136
0.100266 0.343432 0.775052
0.132633 0.343398 0.773968
0.165001 0.343365 0.772884
0.197368 0.343332 0.771801
0.229735 0.343298 0.770717
0.262102 0.343265 0.769633
0.294469 0.343232 0.768549
0.326837 0.343198 0.767465
0.359204 0.343165 0.766381
0.391571 0.343132 0.765298
0.423938 0.343098 0.764214
0.456305 0.343065 0.763130
0.488672 0.343032 0.762046
0.521040 0.342998 0.760962
0.553407 0.342965 0.759878
0.585774 0.342931 0.758794
0.618141 0.342898 0.757711
0.650508 0.342865 0.756627
0.682876 0.342831 0.755543
0.715243 0.342798 0.754459
0.747610 0.342765 0.753375
0.779977 0.342731 0.752291
0.812344 0.342698 0.751208
0.844712 0.342665 0.750124
0.877079 0.342631 0.749040
0.909446 0.342598 0.747956
0.941813 0.342565 0.746872
0.974180 0.342531 0.745788
1.000000 0.342498 0.744705
1.000000 0.342205 0.746246
1.000000 0.341888 0.748030
1.000000 0.341571 0.749814
0.071657 0.374603 0.772490
0.104024 0.374570 0.771406
0.136392 0.374536 0.770322
0.168759 0.374503 0.769238
0.201126 0.374469 0.768154
0.233493 0.374436 0.767071
0.265860 0.374403 0.765987
0.298228 0.374369 0.764903
0.330595 0.374336 0.763819
0.362962 0.374303 0.762735
0.395329 0.374269 0.761651
0.427696 0.374236 0.760568
0.460064 0.374203 0.759484
0.492431 0.374169 0.758400
0.524798 0.374136 0.757316
0.557165 0.374103 0.756232
0.589532 0.374069 0.755148
0.621900 0.374036 0.754065
0.654267 0.374003 0.752981
0.686634 0.373969 0.751897
0.719001 0.373936 0.750813
0.751368 0.373903 0.749729
0.783736 0.373869 0.748645
0.816103 0.373836 0.747561
0.848470 0.373802 0.746478
0.880837 0.373769 0.745394
0.912482 0.373657 0.745111
0.942265 0.373340 0.746895
0.972047 0.373023 0.748680
1.000000 0.372706 0.750464
1.000000 0.372389 0.752248
1.000000 0.372073 0.754032
1.000000 0.371756 0.755816
0.075416 0.405741 0.768844
0.107783 0.405707 0.767760
0.140150 0.405674 0.766676
0.172517 0.405641 0.765592
0.204884 0.405607 0.764508
0.237252 0.405574 0.763425
0.269619 0.405541 0.762341
0.301986 0.405507 0.761257
0.334353 0.405474 0.760173
0.366720 0.405441 0.759089
0.399088 0.405407 0.758005
0.431455 0.405374 0.756921
0.463822 0.405340 0.755838
0.496189 0.405307 0.754754
0.528556 0.405274 0.753670
0.560923 0.405240 0.752586
0.593291 0.405207 0.751502
0.625658 0.405174 0.750418
0.658025 0.405140 0.749335
0.690392 0.405107 0.748251
0.722759 0.405074 0.747167
0.755127 0.405040 0.746083
0.787494 0.405007 0.744999
0.818198 0.404791 0.745761
0.847981 0.404474 0.747545
0.877763 0.404158 0.749329
0.907546 0.403841 0.751113
0.937329 0.403524 0.752897
0.967111 0.403207 0.754682
0.996894 0.402890 0.756466
1.000000 0.402574 0.758250
1.000000 0.402257 0.760034
1.000000 0.401940 0.761818
0.079174 0.436878 0.765198
0.111541 0.436845 0.764114
0.143908 0.436812 0.763030
0.176275 0.436778 0.761946
0.208643 0.436745 0.760862
0.241010 0.436712 0.759778
0.273377 0.436678 0.758695
0.305744 0.436645 0.757611
0.338111 0.436612 0.756527
0.370479 0.436578 0.755443
0.402846 0.436545 0.754359
0.435213 0.436512 0.753275
0.467580 0.436478 0.752191
0.499947 0.436445 0.751108
0.532315 0.436412 0.750024
0.564682 0.436378 0.748940
0.597049 0.436345 0.747856
0.629416 0.436312 0.746772
0.661783 0.436278 0.745688
0.694131 0.436243 0.744626
0.723914 0.435926 0.746410
0.753696 0.435609 0.748195
0.783479 0.435292 0.749979
0.813262 0.434975 0.751763
0.843044 0.434659 0.753547
0.872827 0.434342 0.755331
0.902610 0.434025 0.757115
0.932392 0.433708 0.758900
0.962175 0.433391 0.760684
0.991958 0.433075 0.762468
1.000000 0.432758 0.764252
1.000000 0.432441 0.766036
1.000000 0.432124 0.767820
0.082932 0.468016 0.761551
0.115299 0.467983 0.760468
0.147667 0.467950 0.759384
0.180034 0.467916 0.758300
0.212401 0.467883 0.757216
0.244768 0.467850 0.756132
0.277135 0.467816 0.755048
0.309503 0.467783 0.753965
0.341870 0.467749 0.752881
0.374237 0.467716 0.751797
0.406604 0.467683 0.750713
0.438971 0.467649 0.749629
0.471339 0.467616 0.748545
0.503706 0.467583 0.747462
0.536073 0.467549 0.746378
0.568440 0.467516 0.745294
0.599847 0.467377 0.745276
0.629630 0.467061 0.747060
0.659412 0.466744 0.748844
0.689195 0.466427 0.750628
0.718977 0.466110 0.752412
0.748760 0.465793 0.754197
0.778543 0.465476 0.755981
0.808325 0.465160 0.757765
0.838108 0.464843 0.759549
0.867891 0.464526 0.761333
0.897673 0.464209 0.763117
0.927456 0.463892 0.764902
0.957239 0.463576 0.766686
0.987021 0.463259 0.768470
1.000000 0.462942 0.770254
1.000000 0.462625 0.772038
1.000000 0.462308 0.773822
0.086691 0.499154 0.757905
0.119058 0.499121 0.756822
0.151425 0.499087 0.755738
0.183792 0.499054 0.754654
0.216159 0.499021 0.753570
0.248526 0.498987 0.752486
0.280894 0.498954 0.751402
0.313261 0.498921 0.750318
0.345628 0.498887 0.749235
0.377995 0.498854 0.748151
0.410362 0.498821 0.747067
0.442730 0.498787 0.745983
0.475097 0.498754 0.744899
0.505563 0.498512 0.745925
0.535345 0.498195 0.747709
0.565128 0.497878 0.749494
0.594911 0.497562 0.751278
0.624693 0.497245 0.753062
0.654476 0.496928 0.754846
0.684259 0.496611 0.756630
0.714041 0.496294 0.758414
0.743824 0.495978 0.760199
0.773606 0.495661 0.761983
0.803389 0.495344 0.763767
0.833172 0.495027 0.765551
0.862954 0.494710 0.767335
0.892737 0.494393 0.769120
0.922520 0.494077 0.770904
0.952302 0.493760 0.772688
0.982085 0.493443 0.774472
1.000000 0.493126 0.776256
1.000000 0.492809 0.778040
1.000000 0.492493 0.779825
0.090449 0.530292 0.754259
0.122816 0.530259 0.753175
0.155183 0.530225 0.752092
0.187550 0.530192 0.751008
0.219918 0.530159 0.749924
0.252285 0.530125 0.748840
0.284652 0.530092 0.747756
0.317019 0.530058 0.746672
0.349386 0.530025 0.745589
0.381496 0.529964 0.744791
0.411278 0.529647 0.746575
0.441061 0.529330 0.748359
0.470844 0.529013 0.750143
0.500626 0.528696 0.751927
0.530409 0.528379 0.753712
0.560192 0.528063 0.755496
0.589974 0.527746 0.757280
0.619757 0.527429 0.759064
0.649540 0.527112 0.760848
0.679322 0.526795 0.762632
0.709105 0.526479 0.764417
0.738888 0.526162 0.766201
0.768670 0.525845 0.767985
0.798453 0.525528 0.769769
0.828235 0.525211 0.771553
0.858018 0.524894 0.773337
0.887801 0.524578 0.775122
0.917583 0.524261 0.776906
0.947366 0.523944 0.778690
0.977149 0.523627 0.780474
1.000000 0.523310 0.782258
1.000000 0.522994 0.784042
1.000000 0.522677 0.785827
0.094207 0.561430 0.750613
0.126574 0.561396 0.749529
0.158942 0.561363 0.748445
0.191309 0.561330 0.747362
0.223676 0.561296 0.746278
0.256043 0.561263 0.745194
0.287212 0.561098 0.745440
0.316994 0.560781 0.747224
0.346777 0.560465 0.749009
0.376560 0.560148 0.750793
0.406342 0.559831 0.752577
0.436125 0.559514 0.754361
0.465907 0.559197 0.756145
0.495690 0.558880 0.757929
0.525473 0.558564 0.759714
0.555255 0.558247 0.761498
0.585038 0.557930 0.763282
0.614821 0.557613 0.765066
0.644603 0.557296 0.766850
0.674386 0.556980 0.768634
0.704169 0.556663 0.770419
0.733951 0.556346 0.772203
0.763734 0.556029 0.773987
0.793517 0.555712 0.775771
0.823299 0.555395 0.777555
0.853082 0.555079 0.779339
0.882864 0.554762 0.781124
0.912647 0.554445 0.782908
0.942430 0.554128 0.784692
0.972212 0.553811 0.786476
1.000000 0.553495 0.788260
1.000000 0.553178 0.790045
1.000000 0.552861 0.791829
0.097965 0.592568 0.746967
0.130333 0.592534 0.745883
0.162700 0.592501 0.744799
0.192927 0.592233 0.746090
0.222710 0.591916 0.747874
0.252493 0.591599 0.749658
0.282275 0.591282 0.751442
0.312058 0.590966 0.753226
0.341841 0.590649 0.755011
0.371623 0.590332 0.756795
0.401406 0.590015 0.758579
0.431189 0.589698 0.760363
0.460971 0.589381 0.762147
0.490754 0.589065 0.763931
0.520536 0.588748 0.765716
0.550319 0.588431 0.767500
0.580102 0.588114 0.769284
0.609884 0.587797 0.771068
0.639667 0.587481 0.772852
0.669450 0.587164 0.774637
0.699232 0.586847 0.776421
0.729015 0.586530 0.778205
0.758798 0.586213 0.779989
0.788580 0.585897 0.781773
0.818363 0.585580 0.783557
0.848146 0.585263 0.785342
0.877928 0.584946 0.787126
0.907711 0.584629 0.788910
0.937493 0.584312 0.790694
0.967276 0.583996 0.792478
0.997059 0.583679 0.794262
1.000000 0.583362 0.796047
1.000000 0.583045 0.797831
0.098643 0.623367 0.746739
0.128426 0.623051 0.748523
0.158208 0.622734 0.750308
0.187991 0.622417 0.752092
0.217774 0.622100 0.753876
0.247556 0.621783 0.755660
0.277339 0.621467 0.757444
0.307122 0.621150 0.759229
0.336904 0.620833 0.761013
0.366687 0.620516 0.762797
0.396470 0.620199 0.764581
0.426252 0.619883 0.766365
0.456035 0.619566 0.768149
0.485818 0.619249 0.769934
0.515600 0.618932 0.771718
0.545383 0.618615 0.773502
0.575165 0.618298 0.775286
0.604948 0.617982 0.777070
0.634731 0.617665 0.778854
0.664513 0.617348 0.780639
0.694296 0.617031 0.782423
0.724079 0.616714 0.784207
0.753861 0.616398 0.785991
0.783644 0.616081 0.787775
0.813427 0.615764 0.789559
0.843209 0.615447 0.791344
0.872992 0.615130 0.793128
0.902775 0.614813 0.794912
0.932557 0.614497 0.796696
0.962340 0.614180 0.798480
0.992122 0.613863 0.800264
1.000000 0.613546 0.802049
1.000000 0.613229 0.803833
0.093707 0.653552 0.752741
0.123490 0.653235 0.754526
0.153272 0.652918 0.756310
0.183055 0.652601 0.758094
0.212837 0.652284 0.759878
0.242620 0.651968 0.761662
0.272403 0.651651 0.763446
0.302185 0.651334 0.765231
0.331968 0.651017 0.767015
0.361751 0.650700 0.768799
0.391533 0.650384 0.770583
0.421316 0.650067 0.772367
0.451099 0.649750 0.774151
0.480881 0.649433 0.775936
0.510664 0.649116 0.777720
0.540447 0.648799 0.779504
0.570229 0.648483 0.781288
0.600012 0.648166 0.783072
0.629794 0.647849 0.784856
0.659577 0.647532 0.786641
0.689360 0.647215 0.788425
0.719142 0.646899 0.790209
0.748925 0.646582 0.791993
0.778708 0.646265 0.793777
0.808490 0.645948 0.795562
0.838273 0.645631 0.797346
0.868056 0.645314 0.799130
0.897838 0.644998 0.800914
0.927621 0.644681 0.802698
0.957404 0.644364 0.804482
0.987186 0.644047 0.806267
1.000000 0.643730 0.808051
1.000000 0.643414 0.809835
0.088771 0.683736 0.758743
0.118553 0.683419 0.760528
0.148336 0.683102 0.762312
0.178119 0.682785 0.764096
0.207901 0.682469 0.765880
0.237684 0.682152 0.767664
0.267466 0.681835 0.769448
0.297249 0.681518 0.771233
0.327032 0.681201 0.773017
0.356814 0.680885 0.774801
0.386597 0.680568 0.776585
0.416380 0.680251 0.778369
0.446162 0.679934 0.780154
0.475945 0.679617 0.781938
0.505728 0.679300 0.783722
0.535510 0.678984 0.785506
0.565293 0.678667 0.787290
0.595076 0.678350 0.789074
0.624858 0.678033 0.790859
0.654641 0.677716 0.792643
0.684423 0.677400 0.794427
0.714206 0.677083 0.796211
0.743989 0.676766 0.797995
0.773771 0.676449 0.799779
0.803554 0.676132 0.801564
0.833337 0.675816 0.803348
0.863119 0.675499 0.805132
0.892902 0.675182 0.806916
0.922685 0.674865 0.808700
0.952467 0.674548 0.810484
0.982250 0.674231 0.812269
1.000000 0.673915 0.814053
1.000000 0.673598 0.815837
0.083834 0.713920 0.764746
0.113617 0.713603 0.766530
0.143400 0.713286 0.768314
0.173182 0.712970 0.770098
0.202965 0.712653 0.771882
0.232748 0.712336 0.773666
0.262530 0.712019 0.775451
0.292313 0.711702 0.777235
0.322095 0.711386 0.779019
0.351878 0.711069 0.780803
0.381661 0.710752 0.782587
0.411443 0.710435 0.784371
0.441226 0.710118 0.786156
0.471009 0.709802 0.787940
0.500791 0.709485 0.789724
0.530574 0.709168 0.791508
0.560357 0.708851 0.793292
0.590139 0.708534 0.795076
0.619922 0.708217 0.796861
0.649705 0.707901 0.798645
0.679487 0.707584 0.800429
0.709270 0.707267 0.802213
0.739053 0.706950 0.803997
0.768835 0.706633 0.805781
0.798618 0.706317 0.807566
0.828400 0.706000 0.809350
0.858183 0.705683 0.811134
0.887966 0.705366 0.812918
0.917748 0.705049 0.814702
0.947531 0.704732 0.816487
0.977314 0.704416 0.818271
1.000000 0.704099 0.820055
1.000000 0.703782 0.821839
0.078898 0.744104 0.770748
0.108681 0.743788 0.772532
0.138463 0.743471 0.774316
0.168246 0.743154 0.776100
0.198029 0.742837 0.777884
0.227811 0.742520 0.779668
0.257594 0.742203 0.781453
0.287377 0.741887 0.783237
0.317159 0.741570 0.785021
0.346942 0.741253 0.786805
0.376725 0.740936 0.788589
0.406507 0.740619 0.790373
0.436290 0.740303 0.792158
0.466072 0.739986 0.793942
0.495855 0.739669 0.795726
0.525638 0.739352 0.797510
0.555420 0.739035 0.799294
0.585203 0.738718 0.801079
0.614986 0.738402 0.802863
0.644768 0.738085 0.804647
0.674551 0.737768 0.806431
0.704334 0.737451 0.808215
0.734116 0.737134 0.809999
0.763899 0.736818 0.811784
0.793682 0.736501 0.813568
0.823464 0.736184 0.815352
0.853247 0.735867 0.817136
0.883029 0.735550 0.818920
0.912812 0.735233 0.820704
0.942595 0.734917 0.822489
0.972377 0.734600 0.824273
1.000000 0.734283 0.826057
1.000000 0.733966 0.827841
0.073962 0.774289 0.776750
0.103744 0.773972 0.778534
0.133527 0.773655 0.780318
0.163310 0.773338 0.782102
0.193092 0.773021 0.783886
0.222875 0.772704 0.785671
0.252658 0.772388 0.787455
0.282440 0.772071 0.789239
0.312223 0.771754 0.791023
0.342006 0.771437 0.792807
0.371788 0.771120 0.794591
0.401571 0.770804 0.796376
0.431354 0.770487 0.798160
0.461136 0.770170 0.799944
0.490919 0.769853 0.801728
0.520701 0.769536 0.803512
0.550484 0.769219 0.805296
0.580267 0.768903 0.807081
0.610049 0.768586 0.808865
0.639832 0.768269 0.810649
0.669615 0.767952 0.812433
0.699397 0.767635 0.814217
0.729180 0.767319 0.816001
0.758963 0.767002 0.817786
0.788745 0.766685 0.819570
0.818528 0.766368 0.821354
0.848311 0.766051 0.823138
0.878093 0.765735 0.824922
0.907876 0.765418 0.826707
0.937658 0.765101 0.828491
0.967441 0.764784 0.830275
0.997224 0.764467 0.832059
1.000000 0.764150 0.833843
0.069026 0.804473 0.782752
0.098808 0.804156 0.784536
0.128591 0.803839 0.786320
0.158373 0.803522 0.788104
0.188156 0.803205 0.789888
0.217939 0.802889 0.791673
0.247721 0.802572 0.793457
0.277504 0.802255 0.795241
0.307287 0.801938 0.797025
0.337069 0.801621 0.798809
0.366852 0.801305 0.800593
0.396635 0.800988 0.802378
0.426417 0.800671 0.804162
0.456200 0.800354 0.805946
0.485983 0.800037 0.807730
0.515765 0.799721 0.809514
0.545548 0.799404 0.811299
0.575330 0.799087 0.813083
0.605113 0.798770 0.814867
0.634896 0.798453 0.816651
0.664678 0.798136 0.818435
0.694461 0.797820 0.820219
0.724244 0.797503 0.822004
0.754026 0.797186 0.823788
0.783809 0.796869 0.825572
0.813592 0.796552 0.827356
0.843374 0.796236 0.829140
0.873157 0.795919 0.830924
0.902940 0.795602 0.832709
0.932722 0.795285 0.834493
0.962505 0.794968 0.836277
0.992287 0.794651 0.838061
1.000000 0.794335 0.839845
0.064089 0.834657 0.788754
0.093872 0.834340 0.790538
0.123655 0.834023 0.792322
0.153437 0.833707 0.794106
0.183220 0.833390 0.795891
0.213002 0.833073 0.797675
0.242785 0.832756 0.799459
0.272568 0.832439 0.801243
0.302350 0.832122 0.803027
0.332133 0.831806 0.804811
0.361916 0.831489 0.806596
0.391698 0.831172 0.808380
0.421481 0.830855 0.810164
0.451264 0.830538 0.811948
0.481046 0.830222 0.813732
0.510829 0.829905 0.815516
0.540612 0.829588 0.817301
0.570394 0.829271 0.819085
0.600177 0.828954 0.820869
0.629959 0.828637 0.822653
0.659742 0.828321 0.824437
0.689525 0.828004 0.826221
0.719307 0.827687 0.828006
0.749090 0.827370 0.829790
0.778873 0.827053 0.831574
0.808655 0.826737 0.833358
0.838438 0.826420 0.835142
0.868221 0.826103 0.836926
0.898003 0.825786 0.838711
0.927786 0.825469 0.840495
0.957569 0.825152 0.842279
0.987351 0.824836 0.844063
1.000000 0.824519 0.845847
0.059153 0.864841 0.794756
0.088936 0.864524 0.796540
0.118718 0.864208 0.798324
0.148501 0.863891 0.800108
0.178284 0.863574 0.801893
0.208066 0.863257 0.803677
0.237849 0.862940 0.805461
0.267631 0.862623 0.807245
0.297414 0.862307 0.809029
0.327197 0.861990 0.810813
0.356979 0.861673 0.812598
0.386762 0.861356 0.814382
0.416545 0.861039 0.816166
0.446327 0.860723 0.817950
0.476110 0.860406 0.819734
0.505893 0.860089 0.821518
0.535675 0.859772 0.823303
0.565458 0.859455 0.825087
0.595241 0.859138 0.826871
0.625023 0.858822 0.828655
0.654806 0.858505 0.830439
0.684588 0.858188 0.832224
0.714371 0.857871 0.834008
0.744154 0.857554 0.835792
0.773936 0.857238 0.837576
0.803719 0.856921 0.839360
0.833502 0.856604 0.841144
0.863284 0.856287 0.842929
0.893067 0.855970 0.844713
0.922850 0.855654 0.846497
0.952632 0.855337 0.848281
0.982415 0.855020 0.850065
1.000000 0.854703 0.851849
0.054217 0.895025 0.800758
0.083999 0.894709 0.802542
0.113782 0.894392 0.804326
0.143565 0.894075 0.806110
0.173347 0.893758 0.807895
0.203130 0.893441 0.809679
0.232913 0.893124 0.811463
0.262695 0.892808 0.813247
0.292478 0.892491 0.815031
0.322260 0.892174 0.816816
0.352043 0.891857 0.818600
0.381826 0.891540 0.820384
0.411608 0.891224 0.822168
0.441391 0.890907 0.823952
0.471174 0.890590 0.825736
0.500956 0.890273 0.827521
0.530739 0.889956 0.829305
0.560522 0.889640 0.831089
0.590304 0.889323 0.832873
0.620087 0.889006 0.834657
0.649870 0.888689 0.836441
0.679652 0.888372 0.838226
0.709435 0.888055 0.840010
0.739217 0.887739 0.841794
0.769000 0.887422 0.843578
0.798783 0.887105 0.845362
0.828565 0.886788 0.847146
0.858348 0.886471 0.848931
0.888131 0.886155 0.850715
0.917913 0.885838 0.852499
0.947696 0.885521 0.854283
0.977479 0.885204 0.856067
1.000000 0.884887 0.857851
0.049280 0.925210 0.806760
0.079063 0.924893 0.808544
0.108846 0.924576 0.810328
0.138628 0.924259 0.812113
0.168411 0.923942 0.813897
0.198194 0.923626 0.815681
0.227976 0.923309 0.817465
0.257759 0.922992 0.819249
0.287542 0.922675 0.821033
0.317324 0.922358 0.822818
0.347107 0.922041 0.824602
0.376889 0.921725 0.826386
0.406672 0.921408 0.828170
0.436455 0.921091 0.829954
0.466237 0.920774 0.831738
0.496020 0.920457 0.833523
0.525803 0.920141 0.835307
0.555585 0.919824 0.837091
0.585368 0.919507 0.838875
0.615151 0.919190 0.840659
0.644933 0.918873 0.842443
0.674716 0.918556 0.844228
0.704499 0.918240 0.846012
0.734281 0.917923 0.847796
0.764064 0.917606 0.849580
0.793846 0.917289 0.851364
0.823629 0.916972 0.853149
0.853412 0.916656 0.854933
0.883194 0.916339 0.856717
0.912977 0.916022 0.858501
0.942760 0.915705 0.860285
0.972542 0.915388 0.862069
1.000000 0.915071 0.863854
0.044344 0.955394 0.812762
0.074127 0.955077 0.814546
0.103909 0.954760 0.816330
0.133692 0.954443 0.818115
0.163475 0.954127 0.819899
0.193257 0.953810 0.821683
0.223040 0.953493 0.823467
0.252823 0.953176 0.825251
0.282605 0.952859 0.827035
0.312388 0.952542 0.828820
0.342171 0.952226 0.830604
0.371953 0.951909 0.832388
0.401736 0.951592 0.834172
0.431518 0.951275 0.835956
0.461301 0.950958 0.837741
0.491084 0.950642 0.839525
0.520866 0.950325 0.841309
0.550649 0.950008 0.843093
0.580432 0.949691 0.844877
0.610214 0.949374 0.846661
0.639997 0.949057 0.848446
0.669780 0.948741 0.850230
0.699562 0.948424 0.852014
0.729345 0.948107 0.853798
0.759128 0.947790 0.855582
0.788910 0.947473 0.857366
0.818693 0.947157 0.859151
0.848475 0.946840 0.860935
0.878258 0.946523 0.862719
0.908041 0.946206 0.864503
0.937823 0.945889 0.866287
0.967606 0.945573 0.868071
0.997389 0.945256 0.869856
0.039408 0.985578 0.818764
0.069190 0.985261 0.820548
0.098973 0.984944 0.822333
0.128756 0.984628 0.824117
0.158538 0.984311 0.825901
0.188321 0.983994 0.827685
0.218104 0.983677 0.829469
0.247886 0.983360 0.831253
0.277669 0.983043 0.833038
0.307452 0.982727 0.834822
0.337234 0.982410 0.836606
0.367017 0.982093 0.838390
0.396800 0.981776 0.840174
0.426582 0.981459 0.841958
0.456365 0.981143 0.843743
0.486147 0.980826 0.845527
0.515930 0.980509 0.847311
0.545713 0.980192 0.849095
0.575495 0.979875 0.850879
0.605278 0.979559 0.852663
0.635061 0.979242 0.854448
0.664843 0.978925 0.856232
0.694626 0.978608 0.858016
0.724409 0.978291 0.859800
0.754191 0.977974 0.861584
0.783974 0.977658 0.863368
0.813757 0.977341 0.865153
0.843539 0.977024 0.866937
0.873322 0.976707 0.868721
0.903104 0.976390 0.870505
0.932887 0.976074 0.872289
0.962670 0.975757 0.874074
0.992452 0.975440 0.875858
0.026937 0.000938 0.847125
0.059304 0.000904 0.846041
0.091671 0.000871 0.844957
0.124039 0.000838 0.843874
0.156406 0.000804 0.842790
0.188773 0.000771 0.841706
0.221140 0.000738 0.840622
0.253507 0.000704 0.839538
0.285875 0.000671 0.838454
0.318242 0.000638 0.837371
0.350609 0.000604 0.836287
0.382976 0.000571 0.835203
0.415343 0.000538 0.834119
0.447711 0.000504 0.833035
0.480078 0.000471 0.831951
0.512445 0.000438 0.830868
0.544812 0.000404 0.829784
0.577179 0.000371 0.828700
0.609546 0.000338 0.827616
0.641914 0.000304 0.826532
0.674281 0.000271 0.825448
0.706648 0.000237 0.824364
0.739015 0.000204 0.823281
0.771382 0.000171 0.822197
0.803750 0.000137 0.821113
0.836117 0.000104 0.820029
0.868484 0.000071 0.818945
0.900851 0.000037 0.817861
0.933218 0.000004 0.816778
0.965586 0.000000 0.815694
0.997953 0.000000 0.814610
1.000000 0.000000 0.813526
1.000000 0.000000 0.812442
0.030695 0.032076 0.843479
0.063063 0.032042 0.842395
0.095430 0.032009 0.841311
0.127797 0.031976 0.840228
0.160164 0.031942 0.839144
0.192531 0.031909 0.838060
0.224898 0.031876 0.836976
0.257266 0.031842 0.835892
0.289633 0.031809 0.834808
0.322000 0.031775 0.833724
0.354367 0.031742 0.832641
0.386734 0.031709 0.831557
0.419102 0.031675 0.830473
0.451469 0.031642 0.829389
0.483836 0.031609 0.828305
0.516203 0.031575 0.827221
0.548570 0.031542 0.826138
0.580938 0.031509 0.825054
0.613305 0.031475 0.823970
0.645672 0.031442 0.822886
0.678039 0.031409 0.821802
0.710406 0.031375 0.820718
0.742774 0.031342 0.819635
0.775141 0.031309 0.818551
0.807508 0.031275 0.817467
0.839875 0.031242 0.816383
0.872242 0.031209 0.815299
0.904610 0.031175 0.814215
0.936977 0.031142 0.813131
0.969344 0.031108 0.812048
1.000000 0.031075 0.810964
1.000000 0.031042 0.809880
1.000000 0.031008 0.808796
0.034454 0.063213 0.839833
0.066821 0.063180 0.838749
0.099188 0.063147 0.837665
0.131555 0.063113 0.836581
0.163922 0.063080 0.835498
0.196290 0.063047 0.834414
0.228657 0.063013 0.833330
0.261024 0.062980 0.832246
0.293391 0.062947 0.831162
0.325758 0.062913 0.830078
0.358126 0.062880 0.828995
0.390493 0.062847 0.827911
0.422860 0.062813 0.826827
0.455227 0.062780 0.825743
0.487594 0.062747 0.824659
0.519962 0.062713 0.823575
0.552329 0.062680 0.822491
0.584696 0.062646 0.821408
0.617063 0.062613 0.820324
0.649430 0.062580 0.819240
0.681797 0.062546 0.818156
0.714165 0.062513 0.817072
0.746532 0.062480 0.815988
0.778899 0.062446 0.814905
0.811266 0.062413 0.813821
0.843633 0.062380 0.812737
0.876001 0.062346 0.811653
0.908368 0.062313 0.810569
0.940735 0.062280 0.809485
0.973102 0.062246 0.808401
1.000000 0.062213 0.807318
1.000000 0.062180 0.806234
1.000000 0.062146 0.805150
0.038212 0.094351 0.836187
0.070579 0.094318 0.835103
0.102946 0.094285 0.834019
0.135314 0.094251 0.832935
0.167681 0.094218 0.831851
0.200048 0.094184 0.830768
0.232415 0.094151 0.829684
0.264782 0.094118 0.828600
0.297149 0.094084 0.827516
0.329517 0.094051 0.826432
0.361884 0.094018 0.825348
0.394251 0.093984 0.824265
0.426618 0.093951 0.823181
0.458985 0.093918 0.822097
0.491353 0.093884 0.821013
0.523720 0.093851 0.819929
0.556087 0.093818 0.818845
0.588454 0.093784 0.817761
0.620821 0.093751 0.816678
0.653189 0.093718 0.815594
0.685556 0.093684 0.814510
0.717923 0.093651 0.813426
0.750290 0.093618 0.812342
0.782657 0.093584 0.811258
0.815025 0.093551 0.810175
0.847392 0.093517 0.809091
0.879759 0.093484 0.808007
0.912126 0.093451 0.806923
0.944493 0.093417 0.805839
0.976861 0.093384 0.804755
1.000000 0.093351 0.803672
1.000000 0.093317 0.802588
1.000000 0.093284 0.801504
0.041970 0.125489 0.832541
0.074337 0.125456 0.831457
0.106705 0.125422 0.830373
0.139072 0.125389 0.829289
0.171439 0.125356 0.828205
0.203806 0.125322 0.827121
0.236173 0.125289 0.826038
0.268541 0.125256 0.824954
0.300908 0.125222 0.823870
0.333275 0.125189 0.822786
0.365642 0.125156 0.821702
0.398009 0.125122 0.820618
0.430377 0.125089 0.819535
0.462744 0.125055 0.818451
0.495111 0.125022 0.817367
0.527478 0.124989 0.816283
0.559845 0.124955 0.815199
0.592213 0.124922 0.814115
0.624580 0.124889 0.813032
0.656947 0.124855 0.811948
0.689314 0.124822 0.810864
0.721681 0.124789 0.809780
0.754048 0.124755 0.808696
0.786416 0.124722 0.807612
0.818783 0.124689 0.806528
0.851150 0.124655 0.805445
0.883517 0.124622 0.804361
0.915884 0.124589 0.803277
0.948252 0.124555 0.802193
0.980619 0.124522 0.801109
1.000000 0.124489 0.800025
1.000000 0.124455 0.798942
1.000000 0.124422 0.797858
0.045729 0.156627 0.828895
0.078096 0.156593 0.827811
0.110463 0.156560 0.826727
0.142830 0.156527 0.825643
0.175197 0.156493 0.824559
0.207565 0.156460 0.823475
0.239932 0.156427 0.822392
0.272299 0.156393 0.821308
0.304666 0.156360 0.820224
0.337033 0.156327 0.819140
0.369400 0.156293 0.818056
0.401768 0.156260 0.816972
0.434135 0.156227 0.815888
0.466502 0.156193 0.814805
0.498869 0.156160 0.813721
0.531236 0.156127 0.812637
0.563604 0.156093 0.811553
0.595971 0.156060 0.810469
0.628338 0.156027 0.809385
0.660705 0.155993 0.808302
0.693072 0.155960 0.807218
0.725440 0.155927 0.806134
0.757807 0.155893 0.805050
0.790174 0.155860 0.803966
0.822541 0.155826 0.802882
0.854908 0.155793 0.801799
0.887276 0.155760 0.800715
0.919643 0.155726 0.799631
0.952010 0.155693 0.798547
0.984377 0.155660 0.797463
1.000000 0.155626 0.796379
1.000000 0.155593 0.795295
1.000000 0.155560 0.794212
0.049487 0.187765 0.825248
0.081854 0.187731 0.824165
0.114221 0.187698 0.823081
0.146588 0.187665 0.821997
0.178956 0.187631 0.820913
0.211323 0.187598 0.819829
0.243690 0.187565 0.818745
0.276057 0.187531 0.817662
0.308424 0.187498 0.816578
0.340792 0.187465 0.815494
0.373159 0.187431 0.814410
0.405526 0.187398 0.813326
0.437893 0.187364 0.812242
0.470260 0.187331 0.811159
0.502628 0.187298 0.810075
0.534995 0.187264 0.808991
0.567362 0.187231 0.807907
0.599729 0.187198 0.806823
0.632096 0.187164 0.805739
0.664464 0.187131 0.804655
0.696831 0.187098 0.803572
0.729198 0.187064 0.802488
0.761565 0.187031 0.801404
0.793932 0.186998 0.800320
0.826299 0.186964 0.799236
0.858667 0.186931 0.798152
0.891034 0.186898 0.797069
0.923401 0.186864 0.795985
0.955768 0.186831 0.794901
0.988135 0.186798 0.793817
1.000000 0.186764 0.792733
1.000000 0.186731 0.791649
1.000000 0.186697 0.790565
0.053245 0.218902 0.821602
0.085612 0.218869 0.820519
0.117980 0.218836 0.819435
0.150347 0.218802 0.818351
0.182714 0.218769 0.817267
0.215081 0.218736 0.816183
0.247448 0.218702 0.815099
0.279816 0.218669 0.814015
0.312183 0.218636 0.812932
0.344550 0.218602 0.811848
0.376917 0.218569 0.810764
0.409284 0.218536 0.809680
0.441651 0.218502 0.808596
0.474019 0.218469 0.807512
0.506386 0.218436 0.806429
0.538753 0.218402 0.805345
0.571120 0.218369 0.804261
0.603487 0.218336 0.803177
0.635855 0.218302 0.802093
0.668222 0.218269 0.801009
0.700589 0.218235 0.799925
0.732956 0.218202 0.798842
0.765323 0.218169 0.797758
0.797691 0.218135 0.796674
0.830058 0.218102 0.795590
0.862425 0.218069 0.794506
0.894792 0.218035 0.793422
0.927159 0.218002 0.792339
0.959527 0.217969 0.791255
0.991894 0.217935 0.790171
1.000000 0.217902 0.789087
1.000000 0.217869 0.788003
1.000000 0.217835 0.786919
0.057003 0.250040 0.817956
0.089371 0.250007 0.816872
0.121738 0.249974 0.815789
0.154105 0.249940 0.814705
0.186472 0.249907 0.813621
0.218839 0.249874 0.812537
0.251207 0.249840 0.811453
0.283574 0.249807 0.810369
0.315941 0.249773 0.809285
0.348308 0.249740 0.808202
0.380675 0.249707 0.807118
0.413043 0.249673 0.806034
0.445410 0.249640 0.804950
0.477777 0.249607 0.803866
0.510144 0.249573 0.802782
0.542511 0.249540 0.801699
0.574879 0.249507 0.800615
0.607246 0.249473 0.799531
0.639613 0.249440 0.798447
0.671980 0.249407 0.797363
0.704347 0.249373 0.796279
0.736715 0.249340 0.795196
0.769082 0.249307 0.794112
0.801449 0.249273 0.793028
0.833816 0.249240 0.791944
0.866183 0.249207 0.790860
0.898550 0.249173 0.789776
0.930918 0.249140 0.788692
0.963285 0.249107 0.787609
0.995652 0.249073 0.786525
1.000000 0.249040 0.785441
1.000000 0.249006 0.784357
1.000000 0.248973 0.783273
0.060762 0.281178 0.814310
0.093129 0.281145 0.813226
0.125496 0.281111 0.812142
0.157863 0.281078 0.811059
0.190231 0.281045 0.809975
0.222598 0.281011 0.808891
0.254965 0.280978 0.807807
0.287332 0.280945 0.806723
0.319699 0.280911 0.805639
0.352067 0.280878 0.804556
0.384434 0.280845 0.803472
0.416801 0.280811 0.802388
0.449168 0.280778 0.801304
0.481535 0.280745 0.800220
0.513902 0.280711 0.799136
0.546270 0.280678 0.798052
0.578637 0.280645 0.796969
0.611004 0.280611 0.795885
0.643371 0.280578 0.794801
0.675738 0.280544 0.793717
0.708106 0.280511 0.792633
0.740473 0.280478 0.791549
0.772840 0.280444 0.790466
0.805207 0.280411 0.789382
0.837574 0.280378 0.788298
0.869942 0.280344 0.787214
0.902309 0.280311 0.786130
0.934676 0.280278 0.785046
0.967043 0.280244 0.783963
0.999410 0.280211 0.782879
1.000000 0.280178 0.781795
1.000000 0.280144 0.780711
1.000000 0.280111 0.779627
0.064520 0.312316 0.810664
0.096887 0.312283 0.809580
0.129254 0.312249 0.808496
0.161622 0.312216 0.807412
0.193989 0.312183 0.806329
0.226356 0.312149 0.805245
0.258723 0.312116 0.804161
0.291090 0.312082 0.803077
0.323458 0.312049 0.801993
0.355825 0.312016 0.800909
0.388192 0.311982 0.799826
0.420559 0.311949 0.798742
0.452926 0.311916 0.797658
0.485294 0.311882 0.796574
0.517661 0.311849 0.795490
0.550028 0.311816 0.794406
0.582395 0.311782 0.793323
0.614762 0.311749 0.792239
0.647130 0.311716 0.791155
0.679497 0.311682 0.790071
0.711864 0.311649 0.788987
0.744231 0.311616 0.787903
0.776598 0.311582 0.786819
0.808966 0.311549 0.785736
0.841333 0.311516 0.784652
0.873700 0.311482 0.783568
0.906067 0.311449 0.782484
0.938434 0.311415 0.781400
0.970801 0.311382 0.780316
1.000000 0.311349 0.779233
1.000000 0.311315 0.778149
1.000000 0.311282 0.777065
1.000000 0.311249 0.775981
0.068278 0.343454 0.807018
0.100646 0.343420 0.805934
0.133013 0.343387 0.804850
0.165380 0.343354 0.803766
0.197747 0.343320 0.802683
0.230114 0.343287 0.801599
0.262482 0.343254 0.800515
0.294849 0.343220 0.799431
0.327216 0.343187 0.798347
0.359583 0.343154 0.797263
0.391950 0.343120 0.796179
0.424318 0.343087 0.795096
0.456685 0.343054 0.794012
0.489052 0.343020 0.792928
0.521419 0.342987 0.791844
0.553786 0.342953 0.790760
0.586153 0.342920 0.789676
0.618521 0.342887 0.788593
0.650888 0.342853 0.787509
0.683255 0.342820 0.786425
0.715622 0.342787 0.785341
0.747989 0.342753 0.784257
0.780357 0.342720 0.783173
0.812724 0.342687 0.782089
0.845091 0.342653 0.781006
0.877458 0.342620 0.779922
0.909825 0.342587 0.778838
0.942193 0.342553 0.777754
0.974560 0.342520 0.776670
1.000000 0.342414 0.776318
1.000000 0.342098 0.778102
1.000000 0.341781 0.779886
1.000000 0.341464 0.781670
0.072037 0.374592 0.803372
0.104404 0.374558 0.802288
0.136771 0.374525 0.801204
0.169138 0.374491 0.800120
0.201505 0.374458 0.799036
0.233873 0.374425 0.797953
0.266240 0.374391 0.796869
0.298607 0.374358 0.795785
0.330974 0.374325 0.794701
0.363341 0.374291 0.793617
0.395709 0.374258 0.792533
0.428076 0.374225 0.791449
0.460443 0.374191 0.790366
0.492810 0.374158 0.789282
0.525177 0.374125 0.788198
0.557545 0.374091 0.787114
0.589912 0.374058 0.786030
0.622279 0.374025 0.784946
0.654646 0.373991 0.783863
0.687013 0.373958 0.782779
0.719381 0.373925 0.781695
0.751748 0.373891 0.780611
0.784115 0.373858 0.779527
0.816482 0.373825 0.778443
0.848849 0.373791 0.777360
0.881217 0.373758 0.776276
0.911984 0.373549 0.776967
0.941767 0.373232 0.778751
0.971549 0.372915 0.780535
1.000000 0.372599 0.782320
1.000000 0.372282 0.784104
1.000000 0.371965 0.785888
1.000000 0.371648 0.787672
0.075795 0.405729 0.799726
0.108162 0.405696 0.798642
0.140529 0.405663 0.797558
0.172897 0.405629 0.796474
0.205264 0.405596 0.795390
0.237631 0.405563 0.794306
0.269998 0.405529 0.793223
0.302365 0.405496 0.792139
0.334733 0.405463 0.791055
0.367100 0.405429 0.789971
0.399467 0.405396 0.788887
0.431834 0.405363 0.787803
0.464201 0.405329 0.786720
0.496569 0.405296 0.785636
0.528936 0.405262 0.784552
0.561303 0.405229 0.783468
0.593670 0.405196 0.782384
0.626037 0.405162 0.781300
0.658404 0.405129 0.780216
0.690772 0.405096 0.779133
0.723139 0.405062 0.778049
0.755506 0.405029 0.776965
0.787873 0.404996 0.775881
0.817700 0.404684 0.777617
0.847482 0.404367 0.779401
0.877265 0.404050 0.781185
0.907048 0.403733 0.782969
0.936830 0.403416 0.784753
0.966613 0.403100 0.786538
0.996396 0.402783 0.788322
1.000000 0.402466 0.790106
1.000000 0.402149 0.791890
1.000000 0.401832 0.793674
0.079553 0.436867 0.796080
0.111921 0.436834 0.794996
0.144288 0.436800 0.793912
0.176655 0.436767 0.792828
0.209022 0.436734 0.791744
0.241389 0.436700 0.790660
0.273756 0.436667 0.789576
0.306124 0.436634 0.788493
0.338491 0.436600 0.787409
0.370858 0.436567 0.786325
0.403225 0.436534 0.785241
0.435592 0.436500 0.784157
0.467960 0.436467 0.783073
0.500327 0.436434 0.781990
0.532694 0.436400 0.780906
0.565061 0.436367 0.779822
0.597428 0.436334 0.778738
0.629796 0.436300 0.777654
0.662163 0.436267 0.776570
0.693633 0.436135 0.776482
0.723415 0.435818 0.778266
0.753198 0.435501 0.780050
0.782981 0.435185 0.781835
0.812763 0.434868 0.783619
0.842546 0.434551 0.785403
0.872329 0.434234 0.787187
0.902111 0.433917 0.788971
0.931894 0.433601 0.790755
0.961677 0.433284 0.792540
0.991459 0.432967 0.794324
1.000000 0.432650 0.796108
1.000000 0.432333 0.797892
1.000000 0.432017 0.799676
0.083312 0.468005 0.792433
0.115679 0.467972 0.791350
0.148046 0.467938 0.790266
0.180413 0.467905 0.789182
0.212780 0.467872 0.788098
0.245148 0.467838 0.787014
0.277515 0.467805 0.785930
0.309882 0.467772 0.784847
0.342249 0.467738 0.783763
0.374616 0.467705 0.782679
0.406984 0.467671 0.781595
0.439351 0.467638 0.780511
0.471718 0.467605 0.779427
0.504085 0.467571 0.778343
0.536452 0.467538 0.777260
0.568820 0.467505 0.776176
0.599349 0.467270 0.777132
0.629131 0.466953 0.778916
0.658914 0.466636 0.780700
0.688697 0.466319 0.782484
0.718479 0.466003 0.784268
0.748262 0.465686 0.786053
0.778044 0.465369 0.787837
0.807827 0.465052 0.789621
0.837610 0.464735 0.791405
0.867392 0.464418 0.793189
0.897175 0.464102 0.794973
0.926958 0.463785 0.796758
0.956740 0.463468 0.798542
0.986523 0.463151 0.800326
1.000000 0.462834 0.802110
1.000000 0.462518 0.803894
1.000000 0.462201 0.805678
0.087070 0.499143 0.788787
0.119437 0.499109 0.787703
0.151804 0.499076 0.786620
0.184172 0.499043 0.785536
0.216539 0.499009 0.784452
0.248906 0.498976 0.783368
0.281273 0.498943 0.782284
0.313640 0.498909 0.781200
0.346007 0.498876 0.780117
0.378375 0.498843 0.779033
0.410742 0.498809 0.777949
0.443109 0.498776 0.776865
0.475282 0.498721 0.775997
0.505064 0.498404 0.777781
0.534847 0.498088 0.779565
0.564630 0.497771 0.781350
0.594412 0.497454 0.783134
0.624195 0.497137 0.784918
0.653978 0.496820 0.786702
0.683760 0.496504 0.788486
0.713543 0.496187 0.790270
0.743326 0.495870 0.792055
0.773108 0.495553 0.793839
0.802891 0.495236 0.795623
0.832673 0.494919 0.797407
0.862456 0.494603 0.799191
0.892239 0.494286 0.800975
0.922021 0.493969 0.802760
0.951804 0.493652 0.804544
0.981587 0.493335 0.806328
1.000000 0.493019 0.808112
1.000000 0.492702 0.809896
1.000000 0.492385 0.811680
0.090828 0.530281 0.785141
0.123195 0.530247 0.784057
0.155563 0.530214 0.782973
0.187930 0.530181 0.781890
0.220297 0.530147 0.780806
0.252664 0.530114 0.779722
0.285031 0.530080 0.778638
0.317399 0.530047 0.777554
0.349766 0.530014 0.776470
0.380998 0.529856 0.776647
0.410780 0.529539 0.778431
0.440563 0.529222 0.780215
0.470345 0.528905 0.781999
0.500128 0.528589 0.783783
0.529911 0.528272 0.785567
0.559693 0.527955 0.787352
0.589476 0.527638 0.789136
0.619259 0.527321 0.790920
0.649041 0.527005 0.792704
0.678824 0.526688 0.794488
0.708607 0.526371 0.796272
0.738389 0.526054 0.798057
0.768172 0.525737 0.799841
0.797955 0.525420 0.801625
0.827737 0.525104 0.803409
0.857520 0.524787 0.805193
0.887302 0.524470 0.806978
0.917085 0.524153 0.808762
0.946868 0.523836 0.810546
0.976650 0.523520 0.812330
1.000000 0.523203 0.814114
1.000000 0.522886 0.815898
1.000000 0.522569 0.817683
0.094587 0.561418 0.781495
0.126954 0.561385 0.780411
0.159321 0.561352 0.779327
0.191688 0.561318 0.778244
0.224055 0.561285 0.777160
0.256423 0.561252 0.776076
0.286713 0.560991 0.777296
0.316496 0.560674 0.779080
0.346279 0.560357 0.780864
0.376061 0.560040 0.782649
0.405844 0.559723 0.784433
0.435627 0.559406 0.786217
0.465409 0.559090 0.788001
0.495192 0.558773 0.789785
0.524974 0.558456 0.791570
0.554757 0.558139 0.793354
0.584540 0.557822 0.795138
0.614322 0.557506 0.796922
0.644105 0.557189 0.798706
0.673888 0.556872 0.800490
0.703670 0.556555 0.802275
0.733453 0.556238 0.804059
0.763236 0.555922 0.805843
0.793018 0.555605 0.807627
0.822801 0.555288 0.809411
0.852584 0.554971 0.811195
0.882366 0.554654 0.812980
0.912149 0.554337 0.814764
0.941931 0.554021 0.816548
0.971714 0.553704 0.818332
1.000000 0.553387 0.820116
1.000000 0.553070 0.821900
1.000000 0.552753 0.823685
0.098345 0.592556 0.777849
0.130712 0.592523 0.776765
0.162646 0.592442 0.776162
0.192429 0.592125 0.777946
0.222212 0.591808 0.779730
0.251994 0.591492 0.781514
0.281777 0.591175 0.783298
0.311560 0.590858 0.785082
0.341342 0.590541 0.786867
0.371125 0.590224 0.788651
0.400908 0.589908 0.790435
0.430690 0.589591 0.792219
0.460473 0.589274 0.794003
0.490256 0.588957 0.795787
0.520038 0.588640 0.797572
0.549821 0.588323 0.799356
0.579603 0.588007 0.801140
0.609386 0.587690 0.802924
0.639169 0.587373 0.804708
0.668951 0.587056 0.806492
0.698734 0.586739 0.808277
0.728517 0.586423 0.810061
0.758299 0.586106 0.811845
0.788082 0.585789 0.813629
0.817865 0.585472 0.815413
0.847647 0.585155 0.817197
0.877430 0.584838 0.818982
0.907213 0.584522 0.820766
0.936995 0.584205 0.822550
0.966778 0.583888 0.824334
0.996560 0.583571 0.826118
1.000000 0.583254 0.827903
1.000000 0.582938 0.829687
0.098145 0.623260 0.778595
0.127928 0.622943 0.780379
0.157710 0.622626 0.782164
0.187493 0.622309 0.783948
0.217275 0.621993 0.785732
0.247058 0.621676 0.787516
0.276841 0.621359 0.789300
0.306623 0.621042 0.791084
0.336406 0.620725 0.792869
0.366189 0.620409 0.794653
0.395971 0.620092 0.796437
0.425754 0.619775 0.798221
0.455537 0.619458 0.800005
0.485319 0.619141 0.801789
0.515102 0.618824 0.803574
0.544885 0.618508 0.805358
0.574667 0.618191 0.807142
0.604450 0.617874 0.808926
0.634232 0.617557 0.810710
0.664015 0.617240 0.812495
0.693798 0.616924 0.814279
0.723580 0.616607 0.816063
0.753363 0.616290 0.817847
0.783146 0.615973 0.819631
0.812928 0.615656 0.821415
0.842711 0.615339 0.823200
0.872494 0.615023 0.824984
0.902276 0.614706 0.826768
0.932059 0.614389 0.828552
0.961842 0.614072 0.830336
0.991624 0.613755 0.832120
1.000000 0.613439 0.833905
1.000000 0.613122 0.835689
0.093209 0.653444 0.784597
0.122991 0.653127 0.786381
0.152774 0.652810 0.788166
0.182557 0.652494 0.789950
0.212339 0.652177 0.791734
0.242122 0.651860 0.793518
0.271904 0.651543 0.795302
0.301687 0.651226 0.797087
0.331470 0.650910 0.798871
0.361252 0.650593 0.800655
0.391035 0.650276 0.802439
0.420818 0.649959 0.804223
0.450600 0.649642 0.806007
0.480383 0.649325 0.807792
0.510166 0.649009 0.809576
0.539948 0.648692 0.811360
0.569731 0.648375 0.813144
0.599514 0.648058 0.814928
0.629296 0.647741 0.816712
0.659079 0.647425 0.818497
0.688861 0.647108 0.820281
0.718644 0.646791 0.822065
0.748427 0.646474 0.823849
0.778209 0.646157 0.825633
0.807992 0.645841 0.827417
0.837775 0.645524 0.829202
0.867557 0.645207 0.830986
0.897340 0.644890 0.832770
0.927123 0.644573 0.834554
0.956905 0.644256 0.836338
0.986688 0.643940 0.838122
1.000000 0.643623 0.839907
1.000000 0.643306 0.841691
0.088272 0.683628 0.790599
0.118055 0.683311 0.792384
0.147838 0.682995 0.794168
0.177620 0.682678 0.795952
0.207403 0.682361 0.797736
0.237186 0.682044 0.799520
0.266968 0.681727 0.801304
0.296751 0.681411 0.803089
0.326533 0.681094 0.804873
0.356316 0.680777 0.806657
0.386099 0.680460 0.808441
0.415881 0.680143 0.810225
0.445664 0.679827 0.812009
0.475447 0.679510 0.813794
0.505229 0.679193 0.815578
0.535012 0.678876 0.817362
0.564795 0.678559 0.819146
0.594577 0.678242 0.820930
0.624360 0.677926 0.822714
0.654143 0.677609 0.824499
0.683925 0.677292 0.826283
0.713708 0.676975 0.828067
0.743490 0.676658 0.829851
0.773273 0.676342 0.831635
0.803056 0.676025 0.833420
0.832838 0.675708 0.835204
0.862621 0.675391 0.836988
0.892404 0.675074 0.838772
0.922186 0.674757 0.840556
0.951969 0.674441 0.842340
0.981752 0.674124 0.844125
1.000000 0.673807 0.845909
1.000000 0.673490 0.847693
0.083336 0.713813 0.796601
0.113119 0.713496 0.798386
0.142901 0.713179 0.800170
0.172684 0.712862 0.801954
0.202467 0.712545 0.803738
0.232249 0.712228 0.805522
0.262032 0.711912 0.807306
0.291815 0.711595 0.809091
0.321597 0.711278 0.810875
0.351380 0.710961 0.812659
0.381162 0.710644 0.814443
0.410945 0.710328 0.816227
0.440728 0.710011 0.818012
0.470510 0.709694 0.819796
0.500293 0.709377 0.821580
0.530076 0.709060 0.823364
0.559858 0.708743 0.825148
0.589641 0.708427 0.826932
0.619424 0.708110 0.828717
0.649206 0.707793 0.830501
0.678989 0.707476 0.832285
0.708772 0.707159 0.834069
0.738554 0.706843 0.835853
0.768337 0.706526 0.837637
0.798119 0.706209 0.839422
0.827902 0.705892 0.841206
0.857685 0.705575 0.842990
0.887467 0.705259 0.844774
0.917250 0.704942 0.846558
0.947033 0.704625 0.848342
0.976815 0.704308 0.850127
1.000000 0.703991 0.851911
1.000000 0.703674 0.853695
0.078400 0.743997 0.802604
0.108182 0.743680 0.804388
0.137965 0.743363 0.806172
0.167748 0.743046 0.807956
0.197530 0.742729 0.809740
0.227313 0.742413 0.811524
0.257096 0.742096 0.813309
0.286878 0.741779 0.815093
0.316661 0.741462 0.816877
0.346444 0.741145 0.818661
0.376226 0.740829 0.820445
0.406009 0.740512 0.822229
0.435791 0.740195 0.824014
0.465574 0.739878 0.825798
0.495357 0.739561 0.827582
0.525139 0.739245 0.829366
0.554922 0.738928 0.831150
0.584705 0.738611 0.832934
0.614487 0.738294 0.834719
0.644270 0.737977 0.836503
0.674053 0.737660 0.838287
0.703835 0.737344 0.840071
0.733618 0.737027 0.841855
0.763401 0.736710 0.843639
0.793183 0.736393 0.845424
0.822966 0.736076 0.847208
0.852748 0.735760 0.848992
0.882531 0.735443 0.850776
0.912314 0.735126 0.852560
0.942096 0.734809 0.854345
0.971879 0.734492 0.856129
1.000000 0.734175 0.857913
1.000000 0.733859 0.859697
0.073463 0.774181 0.808606
0.103246 0.773864 0.810390
0.133029 0.773547 0.812174
0.162811 0.773231 0.813958
0.192594 0.772914 0.815742
0.222377 0.772597 0.817526
0.252159 0.772280 0.819311
0.281942 0.771963 0.821095
0.311725 0.771646 0.822879
0.341507 0.771330 0.824663
0.371290 0.771013 0.826447
0.401073 0.770696 0.828231
0.430855 0.770379 0.830016
0.460638 0.770062 0.831800
0.490420 0.769746 0.833584
0.520203 0.769429 0.835368
0.549986 0.769112 0.837152
0.579768 0.768795 0.838937
0.609551 0.768478 0.840721
0.639334 0.768161 0.842505
0.669116 0.767845 0.844289
0.698899 0.767528 0.846073
0.728682 0.767211 0.847857
0.758464 0.766894 0.849642
0.788247 0.766577 0.851426
0.818030 0.766261 0.853210
0.847812 0.765944 0.854994
0.877595 0.765627 0.856778
0.907377 0.765310 0.858562
0.937160 0.764993 0.860347
0.966943 0.764676 0.862131
0.996725 0.764360 0.863915
1.000000 0.764043 0.865699
0.068527 0.804365 0.814608
0.098310 0.804048 0.816392
0.128092 0.803732 0.818176
0.157875 0.803415 0.819960
0.187658 0.803098 0.821744
0.217440 0.802781 0.823529
0.247223 0.802464 0.825313
0.277006 0.802147 0.827097
0.306788 0.801831 0.828881
0.336571 0.801514 0.830665
0.366354 0.801197 0.832449
0.396136 0.800880 0.834234
0.425919 0.800563 0.836018
0.455702 0.800247 0.837802
0.485484 0.799930 0.839586
0.515267 0.799613 0.841370
0.545049 0.799296 0.843154
0.574832 0.798979 0.844939
0.604615 0.798662 0.846723
0.634397 0.798346 0.848507
0.664180 0.798029 0.850291
0.693963 0.797712 0.852075
0.723745 0.797395 0.853859
0.753528 0.797078 0.855644
0.783311 0.796762 0.857428
0.813093 0.796445 0.859212
0.842876 0.796128 0.860996
0.872659 0.795811 0.862780
0.902441 0.795494 0.864564
0.932224 0.795178 0.866349
0.962006 0.794861 0.868133
0.991789 0.794544 0.869917
1.000000 0.794227 0.871701
0.063591 0.834549 0.820610
0.093374 0.834233 0.822394
0.123156 0.833916 0.824178
0.152939 0.833599 0.825962
0.182721 0.833282 0.827746
0.212504 0.832965 0.829531
0.242287 0.832648 0.831315
0.272069 0.832332 0.833099
0.301852 0.832015 0.834883
0.331635 0.831698 0.836667
0.361417 0.831381 0.838451
0.391200 0.831064 0.840236
0.420983 0.830748 0.842020
0.450765 0.830431 0.843804
0.480548 0.830114 0.845588
0.510331 0.829797 0.847372
0.540113 0.829480 0.849156
0.569896 0.829164 0.850941
0.599678 0.828847 0.852725
0.629461 0.828530 0.854509
0.659244 0.828213 0.856293
0.689026 0.827896 0.858077
0.718809 0.827579 0.859862
0.748592 0.827263 0.861646
0.778374 0.826946 0.863430
0.808157 0.826629 0.865214
0.837940 0.826312 0.866998
0.867722 0.825995 0.868782
0.897505 0.825679 0.870567
0.927288 0.825362 0.872351
0.957070 0.825045 0.874135
0.986853 0.824728 0.875919
1.000000 0.824411 0.877703
0.058655 0.864734 0.826612
0.088437 0.864417 0.828396
0.118220 0.864100 0.830180
0.148003 0.863783 0.831964
0.177785 0.863466 0.833748
0.207568 0.863150 0.835533
0.237350 0.862833 0.837317
0.267133 0.862516 0.839101
0.296916 0.862199 0.840885
0.326698 0.861882 0.842669
0.356481 0.861565 0.844454
0.386264 0.861249 0.846238
0.416046 0.860932 0.848022
0.445829 0.860615 0.849806
0.475612 0.860298 0.851590
0.505394 0.859981 0.853374
0.535177 0.859665 0.855159
0.564960 0.859348 0.856943
0.594742 0.859031 0.858727
0.624525 0.858714 0.860511
0.654307 0.858397 0.862295
0.684090 0.858080 0.864079
0.713873 0.857764 0.865864
0.743655 0.857447 0.867648
0.773438 0.857130 0.869432
0.803221 0.856813 0.871216
0.833003 0.856496 0.873000
0.862786 0.856180 0.874784
0.892569 0.855863 0.876569
0.922351 0.855546 0.878353
0.952134 0.855229 0.880137
0.981917 0.854912 0.881921
1.000000 0.854595 0.883705
0.053718 0.894918 0.832614
0.083501 0.894601 0.834398
0.113284 0.894284 0.836182
0.143066 0.893967 0.837966
0.172849 0.893651 0.839751
0.202632 0.893334 0.841535
0.232414 0.893017 0.843319
0.262197 0.892700 0.845103
0.291979 0.892383 0.846887
0.321762 0.892066 0.848671
0.351545 0.891750 0.850456
0.381327 0.891433 0.852240
0.411110 0.891116 0.854024
0.440893 0.890799 0.855808
0.470675 0.890482 0.857592
0.500458 0.890166 0.859376
0.530241 0.889849 0.861161
0.560023 0.889532 0.862945
0.589806 0.889215 0.864729
0.619589 0.888898 0.866513
0.649371 0.888581 0.868297
0.679154 0.888265 0.870081
0.708936 0.887948 0.871866
0.738719 0.887631 0.873650
0.768502 0.887314 0.875434
0.798284 0.886997 0.877218
0.828067 0.886681 0.879002
0.857850 0.886364 0.880787
0.887632 0.886047 0.882571
0.917415 0.885730 0.884355
0.947198 0.885413 0.886139
0.976980 0.885097 0.887923
1.000000 0.884780 0.889707
0.048782 0.925102 0.838616
0.078565 0.924785 0.840400
0.108347 0.924468 0.842184
0.138130 0.924152 0.843968
0.167913 0.923835 0.845753
0.197695 0.923518 0.847537
0.227478 0.923201 0.849321
0.257261 0.922884 0.851105
0.287043 0.922567 0.852889
0.316826 0.922251 0.854673
0.346608 0.921934 0.856458
0.376391 0.921617 0.858242
0.406174 0.921300 0.860026
0.435956 0.920983 0.861810
0.465739 0.920667 0.863594
0.495522 0.920350 0.865379
0.525304 0.920033 0.867163
0.555087 0.919716 0.868947
0.584870 0.919399 0.870731
0.614652 0.919083 0.872515
0.644435 0.918766 0.874299
0.674218 0.918449 0.876084
0.704000 0.918132 0.877868
0.733783 0.917815 0.879652
0.763565 0.917498 0.881436
0.793348 0.917182 0.883220
0.823131 0.916865 0.885004
0.852913 0.916548 0.886789
0.882696 0.916231 0.888573
0.912479 0.915914 0.890357
0.942261 0.915598 0.892141
0.972044 0.915281 0.893925
1.000000 0.914964 0.895709
0.043846 0.955286 0.844618
0.073628 0.954969 0.846402
0.103411 0.954653 0.848186
0.133194 0.954336 0.849971
0.162976 0.954019 0.851755
0.192759 0.953702 0.853539
0.222542 0.953385 0.855323
0.252324 0.953069 0.857107
0.282107 0.952752 0.858891
0.311890 0.952435 0.860676
0.341672 0.952118 0.862460
0.371455 0.951801 0.864244
0.401237 0.951484 0.866028
0.431020 0.951168 0.867812
0.460803 0.950851 0.869596
0.490585 0.950534 0.871381
0.520368 0.950217 0.873165
0.550151 0.949900 0.874949
0.579933 0.949584 0.876733
0.609716 0.949267 0.878517
0.639499 0.948950 0.880301
0.669281 0.948633 0.882086
0.699064 0.948316 0.883870
0.728847 0.947999 0.885654
0.758629 0.947683 0.887438
0.788412 0.947366 0.889222
0.818194 0.947049 0.891006
0.847977 0.946732 0.892791
0.877760 0.946415 0.894575
0.907542 0.946099 0.896359
0.937325 0.945782 0.898143
0.967108 0.945465 0.899927
0.996890 0.945148 0.901712
0.038909 0.985470 0.850620
0.068692 0.985154 0.852404
0.098475 0.984837 0.854188
0.128257 0.984520 0.855973
0.158040 0.984203 0.857757
0.187823 0.983886 0.859541
0.217605 0.983570 0.861325
0.247388 0.983253 0.863109
0.277171 0.982936 0.864893
0.306953 0.982619 0.866678
0.336736 0.982302 0.868462
0.366519 0.981985 0.870246
0.396301 0.981669 0.872030
0.426084 0.981352 0.873814
0.455866 0.981035 0.875598
0.485649 0.980718 0.877383
0.515432 0.980401 0.879167
0.545214 0.980085 0.880951
0.574997 0.979768 0.882735
0.604780 0.979451 0.884519
0.634562 0.979134 0.886304
0.664345 0.978817 0.888088
0.694128 0.978500 0.889872
0.723910 0.978184 0.891656
0.753693 0.977867 0.893440
0.783476 0.977550 0.895224
0.813258 0.977233 0.897009
0.843041 0.976916 0.898793
0.872823 0.976600 0.900577
0.902606 0.976283 0.902361
0.932389 0.975966 0.904145
0.962171 0.975649 0.905929
0.991954 0.975332 0.907714
0.027316 0.000926 0.878007
0.059684 0.000893 0.876923
0.092051 0.000860 0.875839
0.124418 0.000826 0.874756
0.156785 0.000793 0.873672
0.189152 0.000760 0.872588
0.221520 0.000726 0.871504
0.253887 0.000693 0.870420
0.286254 0.000660 0.869336
0.318621 0.000626 0.868253
0.350988 0.000593 0.867169
0.383356 0.000560 0.866085
0.415723 0.000526 0.865001
0.448090 0.000493 0.863917
0.480457 0.000460 0.862833
0.512824 0.000426 0.861749
0.545192 0.000393 0.860666
0.577559 0.000360 0.859582
0.609926 0.000326 0.858498
0.642293 0.000293 0.857414
0.674660 0.000259 0.856330
0.707027 0.000226 0.855246
0.739395 0.000193 0.854163
0.771762 0.000159 0.853079
0.804129 0.000126 0.851995
0.836496 0.000093 0.850911
0.868863 0.000059 0.849827
0.901231 0.000026 0.848743
0.933598 0.000000 0.847659
0.965965 0.000000 0.846576
0.998332 0.000000 0.845492
1.000000 0.000000 0.844408
1.000000 0.000000 0.843324
0.031075 0.032064 0.874361
0.063442 0.032031 0.873277
0.095809 0.031998 0.872193
0.128176 0.031964 0.871109
0.160544 0.031931 0.870026
0.192911 0.031898 0.868942
0.225278 0.031864 0.867858
0.257645 0.031831 0.866774
0.290012 0.031797 0.865690
0.322379 0.031764 0.864606
0.354747 0.031731 0.863523
0.387114 0.031697 0.862439
0.419481 0.031664 0.861355
0.451848 0.031631 0.860271
0.484215 0.031597 0.859187
0.516583 0.031564 0.858103
0.548950 0.031531 0.857019
0.581317 0.031497 0.855936
0.613684 0.031464 0.854852
0.646051 0.031431 0.853768
0.678419 0.031397 0.852684
0.710786 0.031364 0.851600
0.743153 0.031331 0.850516
0.775520 0.031297 0.849433
0.807887 0.031264 0.848349
0.840255 0.031231 0.847265
0.872622 0.031197 0.846181
0.904989 0.031164 0.845097
0.937356 0.031131 0.844013
0.969723 0.031097 0.842930
1.000000 0.031064 0.841846
1.000000 0.031030 0.840762
1.000000 0.030997 0.839678
0.034833 0.063202 0.870715
0.067200 0.063169 0.869631
0.099567 0.063135 0.868547
0.131935 0.063102 0.867463
0.164302 0.063069 0.866379
0.196669 0.063035 0.865296
0.229036 0.063002 0.864212
0.261403 0.062969 0.863128
0.293771 0.062935 0.862044
0.326138 0.062902 0.860960
0.358505 0.062869 0.859876
0.390872 0.062835 0.858793
0.423239 0.062802 0.857709
0.455607 0.062769 0.856625
0.487974 0.062735 0.855541
0.520341 0.062702 0.854457
0.552708 0.062669 0.853373
0.585075 0.062635 0.852290
0.617443 0.062602 0.851206
0.649810 0.062568 0.850122
0.682177 0.062535 0.849038
0.714544 0.062502 0.847954
0.746911 0.062468 0.846870
0.779278 0.062435 0.845786
0.811646 0.062402 0.844703
0.844013 0.062368 0.843619
0.876380 0.062335 0.842535
0.908747 0.062302 0.841451
0.941114 0.062268 0.840367
0.973482 0.062235 0.839283
1.000000 0.062202 0.838200
1.000000 0.062168 0.837116
1.000000 0.062135 0.836032
0.038591 0.094340 0.867069
0.070959 0.094307 0.865985
0.103326 0.094273 0.864901
0.135693 0.094240 0.863817
0.168060 0.094207 0.862733
0.200427 0.094173 0.861650
0.232795 0.094140 0.860566
0.265162 0.094106 0.859482
0.297529 0.094073 0.858398
0.329896 0.094040 0.857314
0.362263 0.094006 0.856230
0.394630 0.093973 0.855146
0.426998 0.093940 0.854063
0.459365 0.093906 0.852979
0.491732 0.093873 0.851895
0.524099 0.093840 0.850811
0.556466 0.093806 0.849727
0.588834 0.093773 0.848643
0.621201 0.093740 0.847560
0.653568 0.093706 0.846476
0.685935 0.093673 0.845392
0.718302 0.093640 0.844308
0.750670 0.093606 0.843224
0.783037 0.093573 0.842140
0.815404 0.093540 0.841057
0.847771 0.093506 0.839973
0.880138 0.093473 0.838889
0.912506 0.093439 0.837805
0.944873 0.093406 0.836721
0.977240 0.093373 0.835637
1.000000 0.093339 0.834553
1.000000 0.093306 0.833470
1.000000 0.093273 0.832386
0.042350 0.125478 0.863423
0.074717 0.125444 0.862339
0.107084 0.125411 0.861255
0.139451 0.125378 0.860171
0.171818 0.125344 0.859087
0.204186 0.125311 0.858003
0.236553 0.125278 0.856920
0.268920 0.125244 0.855836
0.301287 0.125211 0.854752
0.333654 0.125178 0.853668
0.366022 0.125144 0.852584
0.398389 0.125111 0.851500
0.430756 0.125078 0.850417
0.463123 0.125044 0.849333
0.495490 0.125011 0.848249
0.527858 0.124977 0.847165
0.560225 0.124944 0.846081
0.592592 0.124911 0.844997
0.624959 0.124877 0.843913
0.657326 0.124844 0.842830
0.689694 0.124811 0.841746
0.722061 0.124777 0.840662
0.754428 0.124744 0.839578
0.786795 0.124711 0.838494
0.819162 0.124677 0.837410
0.851529 0.124644 0.836327
0.883897 0.124611 0.835243
0.916264 0.124577 0.834159
0.948631 0.124544 0.833075
0.980998 0.124511 0.831991
1.000000 0.124477 0.830907
1.000000 0.124444 0.829823
1.000000 0.124411 0.828740
0.046108 0.156616 0.859777
0.078475 0.156582 0.858693
0.110842 0.156549 0.857609
0.143210 0.156515 0.856525
0.175577 0.156482 0.855441
0.207944 0.156449 0.854357
0.240311 0.156415 0.853273
0.272678 0.156382 0.852190
0.305046 0.156349 0.851106
0.337413 0.156315 0.850022
0.369780 0.156282 0.848938
0.402147 0.156249 0.847854
0.434514 0.156215 0.846770
0.466881 0.156182 0.845687
0.499249 0.156149 0.844603
0.531616 0.156115 0.843519
0.563983 0.156082 0.842435
0.596350 0.156049 0.841351
0.628717 0.156015 0.840267
0.661085 0.155982 0.839183
0.693452 0.155949 0.838100
0.725819 0.155915 0.837016
0.758186 0.155882 0.835932
0.790553 0.155848 0.834848
0.822921 0.155815 0.833764
0.855288 0.155782 0.832680
0.887655 0.155748 0.831597
0.920022 0.155715 0.830513
0.952389 0.155682 0.829429
0.984757 0.155648 0.828345
1.000000 0.155615 0.827261
1.000000 0.155582 0.826177
1.000000 0.155548 0.825094
0.049866 0.187753 0.856130
0.082233 0.187720 0.855047
0.114601 0.187687 0.853963
0.146968 0.187653 0.852879
0.179335 0.187620 0.851795
0.211702 0.187587 0.850711
0.244069 0.187553 0.849627
0.276437 0.187520 0.848543
0.308804 0.187487 0.847460
0.341171 0.187453 0.846376
0.373538 0.187420 0.845292
0.405905 0.187386 0.844208
0.438273 0.187353 0.843124
0.470640 0.187320 0.842040
0.503007 0.187286 0.840957
0.535374 0.187253 0.839873
0.567741 0.187220 0.838789
0.600109 0.187186 0.837705
0.632476 0.187153 0.836621
0.664843 0.187120 0.835537
0.697210 0.187086 0.834454
0.729577 0.187053 0.833370
0.761945 0.187020 0.832286
0.794312 0.186986 0.831202
0.826679 0.186953 0.830118
0.859046 0.186920 0.829034
0.891413 0.186886 0.827950
0.923780 0.186853 0.826867
0.956148 0.186820 0.825783
0.988515 0.186786 0.824699
1.000000 0.186753 0.823615
1.000000 0.186720 0.822531
1.000000 0.186686 0.821447
0.053625 0.218891 0.852484
0.085992 0.218858 0.851400
0.118359 0.218824 0.850317
0.150726 0.218791 0.849233
0.183093 0.218758 0.848149
0.215461 0.218724 0.847065
0.247828 0.218691 0.845981
0.280195 0.218658 0.844897
0.312562 0.218624 0.843814
0.344929 0.218591 0.842730
0.377297 0.218558 0.841646
0.409664 0.218524 0.840562
0.442031 0.218491 0.839478
0.474398 0.218458 0.838394
0.506765 0.218424 0.837310
0.539132 0.218391 0.836227
0.571500 0.218358 0.835143
0.603867 0.218324 0.834059
0.636234 0.218291 0.832975
0.668601 0.218258 0.831891
0.700968 0.218224 0.830807
0.733336 0.218191 0.829724
0.765703 0.218157 0.828640
0.798070 0.218124 0.827556
0.830437 0.218091 0.826472
0.862804 0.218057 0.825388
0.895172 0.218024 0.824304
0.927539 0.217991 0.823221
0.959906 0.217957 0.822137
0.992273 0.217924 0.821053
1.000000 0.217891 0.819969
1.000000 0.217857 0.818885
1.000000 0.217824 0.817801
0.057383 0.250029 0.848838
0.089750 0.249996 0.847754
0.122117 0.249962 0.846670
0.154484 0.249929 0.845587
0.186852 0.249896 0.844503
0.219219 0.249862 0.843419
0.251586 0.249829 0.842335
0.283953 0.249796 0.841251
0.316320 0.249762 0.840167
0.348688 0.249729 0.839084
0.381055 0.249695 0.838000
0.413422 0.249662 0.836916
0.445789 0.249629 0.835832
0.478156 0.249595 0.834748
0.510524 0.249562 0.833664
0.542891 0.249529 0.832581
0.575258 0.249495 0.831497
0.607625 0.249462 0.830413
0.639992 0.249429 0.829329
0.672360 0.249395 0.828245
0.704727 0.249362 0.827161
0.737094 0.249329 0.826077
0.769461 0.249295 0.824994
0.801828 0.249262 0.823910
0.834195 0.249229 0.822826
0.866563 0.249195 0.821742
0.898930 0.249162 0.820658
0.931297 0.249129 0.819574
0.963664 0.249095 0.818491
0.996031 0.249062 0.817407
1.000000 0.249028 0.816323
1.000000 0.248995 0.815239
1.000000 0.248962 0.814155
0.061141 0.281167 0.845192
0.093508 0.281133 0.844108
0.125876 0.281100 0.843024
0.158243 0.281067 0.841941
0.190610 0.281033 0.840857
0.222977 0.281000 0.839773
0.255344 0.280967 0.838689
0.287712 0.280933 0.837605
0.320079 0.280900 0.836521
0.352446 0.280867 0.835437
0.384813 0.280833 0.834354
0.417180 0.280800 0.833270
0.449547 0.280767 0.832186
0.481915 0.280733 0.831102
0.514282 0.280700 0.830018
0.546649 0.280667 0.828934
0.579016 0.280633 0.827851
0.611383 0.280600 0.826767
0.643751 0.280566 0.825683
0.676118 0.280533 0.824599
0.708485 0.280500 0.823515
0.740852 0.280466 0.822431
0.773219 0.280433 0.821347
0.805587 0.280400 0.820264
0.837954 0.280366 0.819180
0.870321 0.280333 0.818096
0.902688 0.280300 0.817012
0.935055 0.280266 0.815928
0.967423 0.280233 0.814844
0.999790 0.280200 0.813761
1.000000 0.280166 0.812677
1.000000 0.280133 0.811593
1.000000 0.280100 0.810509
0.064899 0.312305 0.841546
0.097267 0.312271 0.840462
0.129634 0.312238 0.839378
0.162001 0.312205 0.838294
0.194368 0.312171 0.837211
0.226735 0.312138 0.836127
0.259103 0.312104 0.835043
0.291470 0.312071 0.833959
0.323837 0.312038 0.832875
0.356204 0.312004 0.831791
0.388571 0.311971 0.830707
0.420939 0.311938 0.829624
0.453306 0.311904 0.828540
0.485673 0.311871 0.827456
0.518040 0.311838 0.826372
0.550407 0.311804 0.825288
0.582775 0.311771 0.824204
0.615142 0.311738 0.823121
0.647509 0.311704 0.822037
0.679876 0.311671 0.820953
0.712243 0.311638 0.819869
0.744611 0.311604 0.818785
0.776978 0.311571 0.817701
0.809345 0.311538 0.816618
0.841712 0.311504 0.815534
0.874079 0.311471 0.814450
0.906446 0.311438 0.813366
0.938814 0.311404 0.812282
0.971181 0.311371 0.811198
1.000000 0.311337 0.810114
1.000000 0.311304 0.809031
1.000000 0.311271 0.807947
1.000000 0.311172 0.807524
0.068658 0.343442 0.837900
0.101025 0.343409 0.836816
0.133392 0.343376 0.835732
0.165759 0.343342 0.834648
0.198127 0.343309 0.833564
0.230494 0.343276 0.832481
0.262861 0.343242 0.831397
0.295228 0.343209 0.830313
0.327595 0.343176 0.829229
0.359963 0.343142 0.828145
0.392330 0.343109 0.827061
0.424697 0.343076 0.825978
0.457064 0.343042 0.824894
0.489431 0.343009 0.823810
0.521798 0.342976 0.822726
0.554166 0.342942 0.821642
0.586533 0.342909 0.820558
0.618900 0.342875 0.819474
0.651267 0.342842 0.818391
0.683634 0.342809 0.817307
0.716002 0.342775 0.816223
0.748369 0.342742 0.815139
0.780736 0.342709 0.814055
0.813103 0.342675 0.812971
0.845470 0.342642 0.811888
0.877838 0.342609 0.810804
0.910205 0.342575 0.809720
0.942572 0.342542 0.808636
0.974939 0.342509 0.807552
1.000000 0.342307 0.808174
1.000000 0.341990 0.809958
1.000000 0.341673 0.811742
1.000000 0.341356 0.813526
0.072416 0.374580 0.834254
0.104783 0.374547 0.833170
0.137150 0.374514 0.832086
0.169518 0.374480 0.831002
0.201885 0.374447 0.829918
0.234252 0.374413 0.828834
0.266619 0.374380 0.827751
0.298986 0.374347 0.826667
0.331354 0.374313 0.825583
0.363721 0.374280 0.824499
0.396088 0.374247 0.823415
0.428455 0.374213 0.822331
0.460822 0.374180 0.821248
0.493190 0.374147 0.820164
0.525557 0.374113 0.819080
0.557924 0.374080 0.817996
0.590291 0.374047 0.816912
0.622658 0.374013 0.815828
0.655026 0.373980 0.814745
0.687393 0.373947 0.813661
0.719760 0.373913 0.812577
0.752127 0.373880 0.811493
0.784494 0.373847 0.810409
0.816862 0.373813 0.809325
0.849229 0.373780 0.808241
0.881596 0.373746 0.807158
0.911486 0.373441 0.808823
0.941268 0.373125 0.810607
0.971051 0.372808 0.812391
1.000000 0.372491 0.814176
1.000000 0.372174 0.815960
1.000000 0.371857 0.817744
1.000000 0.371541 0.819528
0.076174 0.405718 0.830608
0.108542 0.405685 0.829524
0.140909 0.405651 0.828440
0.173276 0.405618 0.827356
0.205643 0.405585 0.826272
0.238010 0.405551 0.825188
0.270378 0.405518 0.824105
0.302745 0.405485 0.823021
0.335112 0.405451 0.821937
0.367479 0.405418 0.820853
0.399846 0.405385 0.819769
0.432214 0.405351 0.818685
0.464581 0.405318 0.817601
0.496948 0.405284 0.816518
0.529315 0.405251 0.815434
0.561682 0.405218 0.814350
0.594049 0.405184 0.813266
0.626417 0.405151 0.812182
0.658784 0.405118 0.811098
0.691151 0.405084 0.810015
0.723518 0.405051 0.808931
0.755885 0.405018 0.807847
0.787419 0.404893 0.807688
0.817201 0.404576 0.809473
0.846984 0.404259 0.811257
0.876767 0.403942 0.813041
0.906549 0.403626 0.814825
0.936332 0.403309 0.816609
0.966115 0.402992 0.818393
0.995897 0.402675 0.820178
1.000000 0.402358 0.821962
1.000000 0.402042 0.823746
1.000000 0.401725 0.825530
0.079933 0.436856 0.826961
0.112300 0.436822 0.825878
0.144667 0.436789 0.824794
0.177034 0.436756 0.823710
0.209401 0.436722 0.822626
0.241769 0.436689 0.821542
0.274136 0.436656 0.820458
0.306503 0.436622 0.819375
0.338870 0.436589 0.818291
0.371237 0.436556 0.817207
0.403605 0.436522 0.816123
0.435972 0.436489 0.815039
0.468339 0.436456 0.813955
0.500706 0.436422 0.812871
0.533073 0.436389 0.811788
0.565441 0.436356 0.810704
0.597808 0.436322 0.809620
0.630175 0.436289 0.808536
0.662542 0.436256 0.807452
0.693134 0.436028 0.808338
0.722917 0.435711 0.810122
0.752700 0.435394 0.811906
0.782482 0.435077 0.813691
0.812265 0.434760 0.815475
0.842048 0.434443 0.817259
0.871830 0.434127 0.819043
0.901613 0.433810 0.820827
0.931396 0.433493 0.822611
0.961178 0.433176 0.824396
0.990961 0.432859 0.826180
1.000000 0.432543 0.827964
1.000000 0.432226 0.829748
1.000000 0.431909 0.831532
0.083691 0.467994 0.823315
0.116058 0.467960 0.822231
0.148425 0.467927 0.821148
0.180793 0.467894 0.820064
0.213160 0.467860 0.818980
0.245527 0.467827 0.817896
0.277894 0.467794 0.816812
0.310261 0.467760 0.815728
0.342629 0.467727 0.814645
0.374996 0.467693 0.813561
0.407363 0.467660 0.812477
0.439730 0.467627 0.811393
0.472097 0.467593 0.810309
0.504465 0.467560 0.809225
0.536832 0.467527 0.808142
0.569068 0.467479 0.807203
0.598850 0.467162 0.808988
0.628633 0.466845 0.810772
0.658416 0.466529 0.812556
0.688198 0.466212 0.814340
0.717981 0.465895 0.816124
0.747763 0.465578 0.817908
0.777546 0.465261 0.819693
0.807329 0.464944 0.821477
0.837111 0.464628 0.823261
0.866894 0.464311 0.825045
0.896677 0.463994 0.826829
0.926459 0.463677 0.828613
0.956242 0.463360 0.830398
0.986025 0.463044 0.832182
1.000000 0.462727 0.833966
1.000000 0.462410 0.835750
1.000000 0.462093 0.837534
0.087449 0.499131 0.819669
0.119817 0.499098 0.818585
0.152184 0.499065 0.817502
0.184551 0.499031 0.816418
0.216918 0.498998 0.815334
0.249285 0.498965 0.814250
0.281652 0.498931 0.813166
0.314020 0.498898 0.812082
0.346387 0.498865 0.810998
0.378754 0.498831 0.809915
0.411121 0.498798 0.808831
0.443488 0.498765 0.807747
0.474783 0.498614 0.807853
0.504566 0.498297 0.809637
0.534349 0.497980 0.811421
0.564131 0.497663 0.813205
0.593914 0.497346 0.814990
0.623697 0.497030 0.816774
0.653479 0.496713 0.818558
0.683262 0.496396 0.820342
0.713045 0.496079 0.822126
0.742827 0.495762 0.823910
0.772610 0.495446 0.825695
0.802392 0.495129 0.827479
0.832175 0.494812 0.829263
0.861958 0.494495 0.831047
0.891740 0.494178 0.832831
0.921523 0.493861 0.834616
0.951306 0.493545 0.836400
0.981088 0.493228 0.838184
1.000000 0.492911 0.839968
1.000000 0.492594 0.841752
1.000000 0.492277 0.843536
0.091208 0.530269 0.816023
0.123575 0.530236 0.814939
0.155942 0.530203 0.813855
0.188309 0.530169 0.812772
0.220676 0.530136 0.811688
0.253044 0.530103 0.810604
0.285411 0.530069 0.809520
0.317778 0.530036 0.808436
0.350145 0.530002 0.807352
0.380499 0.529748 0.808502
0.410282 0.529432 0.810287
0.440064 0.529115 0.812071
0.469847 0.528798 0.813855
0.499630 0.528481 0.815639
0.529412 0.528164 0.817423
0.559195 0.527847 0.819208
0.588978 0.527531 0.820992
0.618760 0.527214 0.822776
0.648543 0.526897 0.824560
0.678326 0.526580 0.826344
0.708108 0.526263 0.828128
0.737891 0.525947 0.829913
0.767674 0.525630 0.831697
0.797456 0.525313 0.833481
0.827239 0.524996 0.835265
0.857021 0.524679 0.837049
0.886804 0.524362 0.838833
0.916587 0.524046 0.840618
0.946369 0.523729 0.842402
0.976152 0.523412 0.844186
1.000000 0.523095 0.845970
1.000000 0.522778 0.847754
1.000000 0.522462 0.849538
0.094966 0.561407 0.812377
0.127333 0.561374 0.811293
0.159700 0.561340 0.810209
0.192068 0.561307 0.809125
0.224435 0.561274 0.808042
0.256432 0.561200 0.807368
0.286215 0.560883 0.809152
0.315998 0.560566 0.810936
0.345780 0.560249 0.812720
0.375563 0.559933 0.814505
0.405346 0.559616 0.816289
0.435128 0.559299 0.818073
0.464911 0.558982 0.819857
0.494693 0.558665 0.821641
0.524476 0.558348 0.823425
0.554259 0.558032 0.825210
0.584041 0.557715 0.826994
0.613824 0.557398 0.828778
0.643607 0.557081 0.830562
0.673389 0.556764 0.832346
0.703172 0.556448 0.834130
0.732955 0.556131 0.835915
0.762737 0.555814 0.837699
0.792520 0.555497 0.839483
0.822303 0.555180 0.841267
0.852085 0.554863 0.843051
0.881868 0.554547 0.844835
0.911650 0.554230 0.846620
0.941433 0.553913 0.848404
0.971216 0.553596 0.850188
1.000000 0.553279 0.851972
1.000000 0.552963 0.853756
1.000000 0.552646 0.855541
0.098724 0.592545 0.808731
0.131091 0.592512 0.807647
0.162148 0.592334 0.808017
0.191931 0.592018 0.809802
0.221713 0.591701 0.811586
0.251496 0.591384 0.813370
0.281279 0.591067 0.815154
0.311061 0.590750 0.816938
0.340844 0.590434 0.818722
0.370627 0.590117 0.820507
0.400409 0.589800 0.822291
0.430192 0.589483 0.824075
0.459975 0.589166 0.825859
0.489757 0.588849 0.827643
0.519540 0.588533 0.829427
0.549322 0.588216 0.831212
0.579105 0.587899 0.832996
0.608888 0.587582 0.834780
0.638670 0.587265 0.836564
0.668453 0.586949 0.838348
0.698236 0.586632 0.840133
0.728018 0.586315 0.841917
0.757801 0.585998 0.843701
0.787584 0.585681 0.845485
0.817366 0.585365 0.847269
0.847149 0.585048 0.849053
0.876932 0.584731 0.850838
0.906714 0.584414 0.852622
0.936497 0.584097 0.854406
0.966279 0.583780 0.856190
0.996062 0.583464 0.857974
1.000000 0.583147 0.859758
1.000000 0.582830 0.861543
0.097647 0.623152 0.810451
0.127429 0.622835 0.812235
0.157212 0.622519 0.814019
0.186994 0.622202 0.815804
0.216777 0.621885 0.817588
0.246560 0.621568 0.819372
0.276342 0.621251 0.821156
0.306125 0.620935 0.822940
0.335908 0.620618 0.824725
0.365690 0.620301 0.826509
0.395473 0.619984 0.828293
0.425256 0.619667 0.830077
0.455038 0.619351 0.831861
0.484821 0.619034 0.833645
0.514604 0.618717 0.835430
0.544386 0.618400 0.837214
0.574169 0.618083 0.838998
0.603951 0.617766 0.840782
0.633734 0.617450 0.842566
0.663517 0.617133 0.844350
0.693299 0.616816 0.846135
0.723082 0.616499 0.847919
0.752865 0.616182 0.849703
0.782647 0.615866 0.851487
0.812430 0.615549 0.853271
0.842213 0.615232 0.855055
0.871995 0.614915 0.856840
0.901778 0.614598 0.858624
0.931561 0.614281 0.860408
0.961343 0.613965 0.862192
0.991126 0.613648 0.863976
1.000000 0.613331 0.865760
1.000000 0.613014 0.867545
0.092710 0.653337 0.816453
0.122493 0.653020 0.818237
0.152276 0.652703 0.820022
0.182058 0.652386 0.821806
0.211841 0.652069 0.823590
0.241623 0.651752 0.825374
0.271406 0.651436 0.827158
0.301189 0.651119 0.828942
0.330971 0.650802 0.830727
0.360754 0.650485 0.832511
0.390537 0.650168 0.834295
0.420319 0.649852 0.836079
0.450102 0.649535 0.837863
0.479885 0.649218 0.839647
0.509667 0.648901 0.841432
0.539450 0.648584 0.843216
0.569233 0.648267 0.845000
0.599015 0.647951 0.846784
0.628798 0.647634 0.848568
0.658580 0.647317 0.850352
0.688363 0.647000 0.852137
0.718146 0.646683 0.853921
0.747928 0.646367 0.855705
0.777711 0.646050 0.857489
0.807494 0.645733 0.859273
0.837276 0.645416 0.861058
0.867059 0.645099 0.862842
0.896842 0.644782 0.864626
0.926624 0.644466 0.866410
0.956407 0.644149 0.868194
0.986190 0.643832 0.869978
1.000000 0.643515 0.871763
1.000000 0.643198 0.873547
0.087774 0.683521 0.822455
0.117557 0.683204 0.824239
0.147339 0.682887 0.826024
0.177122 0.682570 0.827808
0.206905 0.682253 0.829592
0.236687 0.681937 0.831376
0.266470 0.681620 0.833160
0.296252 0.681303 0.834944
0.326035 0.680986 0.836729
0.355818 0.680669 0.838513
0.385600 0.680353 0.840297
0.415383 0.680036 0.842081
0.445166 0.679719 0.843865
0.474948 0.679402 0.845650
0.504731 0.679085 0.847434
0.534514 0.678768 0.849218
0.564296 0.678452 0.851002
0.594079 0.678135 0.852786
0.623862 0.677818 0.854570
0.653644 0.677501 0.856355
0.683427 0.677184 0.858139
0.713209 0.676868 0.859923
0.742992 0.676551 0.861707
0.772775 0.676234 0.863491
0.802557 0.675917 0.865275
0.832340 0.675600 0.867060
0.862123 0.675284 0.868844
0.891905 0.674967 0.870628
0.921688 0.674650 0.872412
0.951471 0.674333 0.874196
0.981253 0.674016 0.875980
1.000000 0.673699 0.877765
1.000000 0.673383 0.879549
0.082838 0.713705 0.828457
0.112620 0.713388 0.830242
0.142403 0.713071 0.832026
0.172186 0.712754 0.833810
0.201968 0.712438 0.835594
0.231751 0.712121 0.837378
0.261534 0.711804 0.839162
0.291316 0.711487 0.840947
0.321099 0.711170 0.842731
0.350881 0.710854 0.844515
0.380664 0.710537 0.846299
0.410447 0.710220 0.848083
0.440229 0.709903 0.849867
0.470012 0.709586 0.851652
0.499795 0.709270 0.853436
0.529577 0.708953 0.855220
0.559360 0.708636 0.857004
0.589143 0.708319 0.858788
0.618925 0.708002 0.860572
0.648708 0.707685 0.862357
0.678491 0.707369 0.864141
0.708273 0.707052 0.865925
0.738056 0.706735 0.867709
0.767839 0.706418 0.869493
0.797621 0.706101 0.871277
0.827404 0.705785 0.873062
0.857186 0.705468 0.874846
0.886969 0.705151 0.876630
0.916752 0.704834 0.878414
0.946534 0.704517 0.880198
0.976317 0.704200 0.881983
1.000000 0.703884 0.883767
1.000000 0.703567 0.885551
0.077901 0.743889 0.834459
0.107684 0.743572 0.836244
0.137467 0.743256 0.838028
0.167249 0.742939 0.839812
0.197032 0.742622 0.841596
0.226815 0.742305 0.843380
0.256597 0.741988 0.845164
0.286380 0.741671 0.846949
0.316163 0.741355 0.848733
0.345945 0.741038 0.850517
0.375728 0.740721 0.852301
0.405511 0.740404 0.854085
0.435293 0.740087 0.855869
0.465076 0.739771 0.857654
0.494858 0.739454 0.859438
0.524641 0.739137 0.861222
0.554424 0.738820 0.863006
0.584206 0.738503 0.864790
0.613989 0.738186 0.866575
0.643772 0.737870 0.868359
0.673554 0.737553 0.870143
0.703337 0.737236 0.871927
0.733120 0.736919 0.873711
0.762902 0.736602 0.875495
0.792685 0.736286 0.877280
0.822468 0.735969 0.879064
0.852250 0.735652 0.880848
0.882033 0.735335 0.882632
0.911815 0.735018 0.884416
0.941598 0.734701 0.886200
0.971381 0.734385 0.887985
1.000000 0.734068 0.889769
1.000000 0.733751 0.891553
0.072965 0.774073 0.840461
0.102748 0.773757 0.842246
0.132530 0.773440 0.844030
0.162313 0.773123 0.845814
0.192096 0.772806 0.847598
0.221878 0.772489 0.849382
0.251661 0.772172 0.851167
0.281444 0.771856 0.852951
0.311226 0.771539 0.854735
0.341009 0.771222 0.856519
0.370792 0.770905 0.858303
0.400574 0.770588 0.860087
0.430357 0.770272 0.861872
0.460140 0.769955 0.863656
0.489922 0.769638 0.865440
0.519705 0.769321 0.867224
0.549487 0.769004 0.869008
0.579270 0.768687 0.870792
0.609053 0.768371 0.872577
0.638835 0.768054 0.874361
0.668618 0.767737 0.876145
0.698401 0.767420 0.877929
0.728183 0.767103 0.879713
0.757966 0.766787 0.881497
0.787749 0.766470 0.883282
0.817531 0.766153 0.885066
0.847314 0.765836 0.886850
0.877097 0.765519 0.888634
0.906879 0.765203 0.890418
0.936662 0.764886 0.892203
0.966444 0.764569 0.893987
0.996227 0.764252 0.895771
1.000000 0.763935 0.897555
0.068029 0.804258 0.846464
0.097812 0.803941 0.848248
0.127594 0.803624 0.850032
0.157377 0.803307 0.851816
0.187159 0.802990 0.853600
0.216942 0.802673 0.855384
0.246725 0.802357 0.857169
0.276507 0.802040 0.858953
0.306290 0.801723 0.860737
0.336073 0.801406 0.862521
0.365855 0.801089 0.864305
0.395638 0.800773 0.866089
0.425421 0.800456 0.867874
0.455203 0.800139 0.869658
0.484986 0.799822 0.871442
0.514769 0.799505 0.873226
0.544551 0.799189 0.875010
0.574334 0.798872 0.876795
0.604116 0.798555 0.878579
0.633899 0.798238 0.880363
0.663682 0.797921 0.882147
0.693464 0.797604 0.883931
0.723247 0.797288 0.885715
0.753030 0.796971 0.887500
0.782812 0.796654 0.889284
0.812595 0.796337 0.891068
0.842378 0.796020 0.892852
0.872160 0.795704 0.894636
0.901943 0.795387 0.896420
0.931726 0.795070 0.898205
0.961508 0.794753 0.899989
0.991291 0.794436 0.901773
1.000000 0.794119 0.903557
0.063093 0.834442 0.852466
0.092875 0.834125 0.854250
0.122658 0.833808 0.856034
0.152441 0.833491 0.857818
0.182223 0.833175 0.859602
0.212006 0.832858 0.861387
0.241788 0.832541 0.863171
0.271571 0.832224 0.864955
0.301354 0.831907 0.866739
0.331136 0.831590 0.868523
0.360919 0.831274 0.870307
0.390702 0.830957 0.872092
0.420484 0.830640 0.873876
0.450267 0.830323 0.875660
0.480050 0.830006 0.877444
0.509832 0.829690 0.879228
0.539615 0.829373 0.881012
0.569398 0.829056 0.882797
0.599180 0.828739 0.884581
0.628963 0.828422 0.886365
0.658745 0.828105 0.888149
0.688528 0.827789 0.889933
0.718311 0.827472 0.891717
0.748093 0.827155 0.893502
0.777876 0.826838 0.895286
0.807659 0.826521 0.897070
0.837441 0.826205 0.898854
0.867224 0.825888 0.900638
0.897007 0.825571 0.902422
0.926789 0.825254 0.904207
0.956572 0.824937 0.905991
0.986355 0.824620 0.907775
1.000000 0.824304 0.909559
0.058156 0.864626 0.858468
0.087939 0.864309 0.860252
0.117722 0.863992 0.862036
0.147504 0.863676 0.863820
0.177287 0.863359 0.865604
0.207070 0.863042 0.867389
0.236852 0.862725 0.869173
0.266635 0.862408 0.870957
0.296417 0.862091 0.872741
0.326200 0.861775 0.874525
0.355983 0.861458 0.876309
0.385765 0.861141 0.878094
0.415548 0.860824 0.879878
0.445331 0.860507 0.881662
0.475113 0.860191 0.883446
0.504896 0.859874 0.885230
0.534679 0.859557 0.887014
0.564461 0.859240 0.888799
0.594244 0.858923 0.890583
0.624027 0.858606 0.892367
0.653809 0.858290 0.894151
0.683592 0.857973 0.895935
0.713374 0.857656 0.897720
0.743157 0.857339 0.899504
0.772940 0.857022 0.901288
0.802722 0.856706 0.903072
0.832505 0.856389 0.904856
0.862288 0.856072 0.906640
0.892070 0.855755 0.908425
0.921853 0.855438 0.910209
0.951636 0.855122 0.911993
0.981418 0.854805 0.913777
1.000000 0.854488 0.915561
0.053220 0.894810 0.864470
0.083003 0.894493 0.866254
0.112785 0.894177 0.868038
0.142568 0.893860 0.869822
0.172351 0.893543 0.871606
0.202133 0.893226 0.873391
0.231916 0.892909 0.875175
0.261699 0.892592 0.876959
0.291481 0.892276 0.878743
0.321264 0.891959 0.880527
0.351046 0.891642 0.882312
0.380829 0.891325 0.884096
0.410612 0.891008 0.885880
0.440394 0.890692 0.887664
0.470177 0.890375 0.889448
0.499960 0.890058 0.891232
0.529742 0.889741 0.893017
0.559525 0.889424 0.894801
0.589308 0.889108 0.896585
0.619090 0.888791 0.898369
0.648873 0.888474 0.900153
0.678656 0.888157 0.901937
0.708438 0.887840 0.903722
0.738221 0.887523 0.905506
0.768003 0.887207 0.907290
0.797786 0.886890 0.909074
0.827569 0.886573 0.910858
0.857351 0.886256 0.912642
0.887134 0.885939 0.914427
0.916917 0.885623 0.916211
0.946699 0.885306 0.917995
0.976482 0.884989 0.919779
1.000000 0.884672 0.921563
0.048284 0.924994 0.870472
0.078066 0.924678 0.872256
0.107849 0.924361 0.874040
0.137632 0.924044 0.875824
0.167414 0.923727 0.877609
0.197197 0.923410 0.879393
0.226980 0.923094 0.881177
0.256762 0.922777 0.882961
0.286545 0.922460 0.884745
0.316328 0.922143 0.886529
0.346110 0.921826 0.888314
0.375893 0.921509 0.890098
0.405675 0.921193 0.891882
0.435458 0.920876 0.893666
0.465241 0.920559 0.895450
0.495023 0.920242 0.897234
0.524806 0.919925 0.899019
0.554589 0.919609 0.900803
0.584371 0.919292 0.902587
0.614154 0.918975 0.904371
0.643937 0.918658 0.906155
0.673719 0.918341 0.907939
0.703502 0.918024 0.909724
0.733285 0.917708 0.911508
0.763067 0.917391 0.913292
0.792850 0.917074 0.915076
0.822632 0.916757 0.916860
0.852415 0.916440 0.918645
0.882198 0.916124 0.920429
0.911980 0.915807 0.922213
0.941763 0.915490 0.923997
0.971546 0.915173 0.925781
1.000000 0.914856 0.927565
0.043347 0.955179 0.876474
0.073130 0.954862 0.878258
0.102913 0.954545 0.880042
0.132695 0.954228 0.881826
0.162478 0.953911 0.883611
0.192261 0.953595 0.885395
0.222043 0.953278 0.887179
0.251826 0.952961 0.888963
0.281609 0.952644 0.890747
0.311391 0.952327 0.892531
0.341174 0.952010 0.894316
0.370957 0.951694 0.896100
0.400739 0.951377 0.897884
0.430522 0.951060 0.899668
0.460304 0.950743 0.901452
0.490087 0.950426 0.903237
0.519870 0.950110 0.905021
0.549652 0.949793 0.906805
0.579435 0.949476 0.908589
0.609218 0.949159 0.910373
0.639000 0.948842 0.912157
0.668783 0.948525 0.913942
0.698566 0.948209 0.915726
0.728348 0.947892 0.917510
0.758131 0.947575 0.919294
0.787914 0.947258 0.921078
0.817696 0.946941 0.922862
0.847479 0.946625 0.924647
0.877261 0.946308 0.926431
0.907044 0.945991 0.928215
0.936827 0.945674 0.929999
0.966609 0.945357 0.931783
0.996392 0.945041 0.933567
0.038411 0.985363 0.882476
0.068194 0.985046 0.884260
0.097976 0.984729 0.886044
0.127759 0.984412 0.887829
0.157542 0.984096 0.889613
0.187324 0.983779 0.891397
0.217107 0.983462 0.893181
0.246890 0.983145 0.894965
0.276672 0.982828 0.896749
0.306455 0.982511 0.898534
0.336238 0.982195 0.900318
0.366020 0.981878 0.902102
0.395803 0.981561 0.903886
0.425586 0.981244 0.905670
0.455368 0.980927 0.907454
0.485151 0.980611 0.909239
0.514933 0.980294 0.911023
0.544716 0.979977 0.912807
0.574499 0.979660 0.914591
0.604281 0.979343 0.916375
0.634064 0.979027 0.918159
0.663847 0.978710 0.919944
0.693629 0.978393 0.921728
0.723412 0.978076 0.923512
0.753195 0.977759 0.925296
0.782977 0.977442 0.927080
0.812760 0.977126 0.928864
0.842543 0.976809 0.930649
0.872325 0.976492 0.932433
0.902108 0.976175 0.934217
0.931890 0.975858 0.936001
0.961673 0.975542 0.937785
0.991456 0.975225 0.939570
0.027696 0.000915 0.908889
0.060063 0.000882 0.907805
0.092430 0.000848 0.906721
0.124797 0.000815 0.905637
0.157165 0.000782 0.904554
0.189532 0.000748 0.903470
0.221899 0.000715 0.902386
0.254266 0.000682 0.901302
0.286633 0.000648 0.900218
0.319001 0.000615 0.899134
0.351368 0.000582 0.898051
0.383735 0.000548 0.896967
0.416102 0.000515 0.895883
0.448469 0.000482 0.894799
0.480837 0.000448 0.893715
0.513204 0.000415 0.892631
0.545571 0.000382 0.891548
0.577938 0.000348 0.890464
0.610305 0.000315 0.889380
0.642672 0.000282 0.888296
0.675040 0.000248 0.887212
0.707407 0.000215 0.886128
0.739774 0.000181 0.885044
0.772141 0.000148 0.883961
0.804508 0.000115 0.882877
0.836876 0.000081 0.881793
0.869243 0.000048 0.880709
0.901610 0.000015 0.879625
0.933977 0.000000 0.878541
0.966344 0.000000 0.877458
0.998712 0.000000 0.876374
1.000000 0.000000 0.875290
1.000000 0.000000 0.874206
0.031454 0.032053 0.905243
0.063821 0.032020 0.904159
0.096189 0.031986 0.903075
0.128556 0.031953 0.901991
0.160923 0.031920 0.900908
0.193290 0.031886 0.899824
0.225657 0.031853 0.898740
0.258024 0.031820 0.897656
0.290392 0.031786 0.896572
0.322759 0.031753 0.895488
0.355126 0.031719 0.894404
0.387493 0.031686 0.893321
0.419860 0.031653 0.892237
0.452228 0.031619 0.891153
0.484595 0.031586 0.890069
0.516962 0.031553 0.888985
0.549329 0.031519 0.887901
0.581696 0.031486 0.886818
0.614064 0.031453 0.885734
0.646431 0.031419 0.884650
0.678798 0.031386 0.883566
0.711165 0.031353 0.882482
0.743532 0.031319 0.881398
0.775900 0.031286 0.880315
0.808267 0.031253 0.879231
0.840634 0.031219 0.878147
0.873001 0.031186 0.877063
0.905368 0.031153 0.875979
0.937736 0.031119 0.874895
0.970103 0.031086 0.873811
1.000000 0.031052 0.872728
1.000000 0.031019 0.871644
1.000000 0.030986 0.870560
0.035212 0.063191 0.901597
0.067580 0.063157 0.900513
0.099947 0.063124 0.899429
0.132314 0.063091 0.898345
0.164681 0.063057 0.897261
0.197048 0.063024 0.896178
0.229416 0.062991 0.895094
0.261783 0.062957 0.894010
0.294150 0.062924 0.892926
0.326517 0.062891 0.891842
0.358884 0.062857 0.890758
0.391252 0.062824 0.889675
0.423619 0.062791 0.888591
0.455986 0.062757 0.887507
0.488353 0.062724 0.886423
0.520720 0.062691 0.885339
0.553088 0.062657 0.884255
0.585455 0.062624 0.883171
0.617822 0.062590 0.882088
0.650189 0.062557 0.881004
0.682556 0.062524 0.879920
0.714923 0.062490 0.878836
0.747291 0.062457 0.877752
0.779658 0.062424 0.876668
0.812025 0.062390 0.875585
0.844392 0.062357 0.874501
0.876759 0.062324 0.873417
0.909127 0.062290 0.872333
0.941494 0.062257 0.871249
0.973861 0.062224 0.870165
1.000000 0.062190 0.869081
1.000000 0.062157 0.867998
1.000000 0.062124 0.866914
0.038971 0.094329 0.897951
0.071338 0.094295 0.896867
0.103705 0.094262 0.895783
0.136072 0.094229 0.894699
0.168440 0.094195 0.893615
0.200807 0.094162 0.892531
0.233174 0.094128 0.891448
0.265541 0.094095 0.890364
0.297908 0.094062 0.889280
0.330275 0.094028 0.888196
0.362643 0.093995 0.887112
0.395010 0.093962 0.886028
0.427377 0.093928 0.884945
0.459744 0.093895 0.883861
0.492111 0.093862 0.882777
0.524479 0.093828 0.881693
0.556846 0.093795 0.880609
0.589213 0.093762 0.879525
0.621580 0.093728 0.878441
0.653947 0.093695 0.877358
0.686315 0.093662 0.876274
0.718682 0.093628 0.875190
0.751049 0.093595 0.874106
0.783416 0.093562 0.873022
0.815783 0.093528 0.871938
0.848151 0.093495 0.870855
0.880518 0.093461 0.869771
0.912885 0.093428 0.868687
0.945252 0.093395 0.867603
0.977619 0.093361 0.866519
1.000000 0.093328 0.865435
1.000000 0.093295 0.864352
1.000000 0.093261 0.863268
0.042729 0.125466 0.894305
0.075096 0.125433 0.893221
0.107463 0.125400 0.892137
0.139831 0.125366 0.891053
0.172198 0.125333 0.889969
0.204565 0.125300 0.888885
0.236932 0.125266 0.887801
0.269299 0.125233 0.886718
0.301667 0.125200 0.885634
0.334034 0.125166 0.884550
0.366401 0.125133 0.883466
0.398768 0.125100 0.882382
0.431135 0.125066 0.881298
0.463503 0.125033 0.880215
0.495870 0.124999 0.879131
0.528237 0.124966 0.878047
0.560604 0.124933 0.876963
0.592971 0.124899 0.875879
0.625339 0.124866 0.874795
0.657706 0.124833 0.873712
0.690073 0.124799 0.872628
0.722440 0.124766 0.871544
0.754807 0.124733 0.870460
0.787174 0.124699 0.869376
0.819542 0.124666 0.868292
0.851909 0.124633 0.867208
0.884276 0.124599 0.866125
0.916643 0.124566 0.865041
0.949010 0.124533 0.863957
0.981378 0.124499 0.862873
1.000000 0.124466 0.861789
1.000000 0.124433 0.860705
1.000000 0.124399 0.859622
0.046487 0.156604 0.890658
0.078855 0.156571 0.889575
0.111222 0.156537 0.888491
0.143589 0.156504 0.887407
0.175956 0.156471 0.886323
0.208323 0.156437 0.885239
0.240691 0.156404 0.884155
0.273058 0.156371 0.883072
0.305425 0.156337 0.881988
0.337792 0.156304 0.880904
0.370159 0.156271 0.879820
0.402526 0.156237 0.878736
0.434894 0.156204 0.877652
0.467261 0.156171 0.876568
0.499628 0.156137 0.875485
0.531995 0.156104 0.874401
0.564362 0.156071 0.873317
0.596730 0.156037 0.872233
0.629097 0.156004 0.871149
0.661464 0.155971 0.870065
0.693831 0.155937 0.868982
0.726198 0.155904 0.867898
0.758566 0.155871 0.866814
0.790933 0.155837 0.865730
0.823300 0.155804 0.864646
0.855667 0.155770 0.863562
0.888034 0.155737 0.862479
0.920402 0.155704 0.861395
0.952769 0.155670 0.860311
0.985136 0.155637 0.859227
1.000000 0.155604 0.858143
1.000000 0.155570 0.857059
1.000000 0.155537 0.855975
0.050246 0.187742 0.887012
0.082613 0.187709 0.885928
0.114980 0.187675 0.884845
0.147347 0.187642 0.883761
0.179714 0.187609 0.882677
0.212082 0.187575 0.881593
0.244449 0.187542 0.880509
0.276816 0.187509 0.879425
0.309183 0.187475 0.878342
0.341550 0.187442 0.877258
0.373918 0.187409 0.876174
0.406285 0.187375 0.875090
0.438652 0.187342 0.874006
0.471019 0.187308 0.872922
0.503386 0.187275 0.871839
0.535754 0.187242 0.870755
0.568121 0.187208 0.869671
0.600488 0.187175 0.868587
0.632855 0.187142 0.867503
0.665222 0.187108 0.866419
0.697590 0.187075 0.865335
0.729957 0.187042 0.864252
0.762324 0.187008 0.863168
0.794691 0.186975 0.862084
0.827058 0.186942 0.861000
0.859425 0.186908 0.859916
0.891793 0.186875 0.858832
0.924160 0.186842 0.857749
0.956527 0.186808 0.856665
0.988894 0.186775 0.855581
1.000000 0.186742 0.854497
1.000000 0.186708 0.853413
1.000000 0.186675 0.852329
0.054004 0.218880 0.883366
0.086371 0.218846 0.882282
0.118738 0.218813 0.881199
0.151106 0.218780 0.880115
0.183473 0.218746 0.879031
0.215840 0.218713 0.877947
0.248207 0.218680 0.876863
0.280574 0.218646 0.875779
0.312942 0.218613 0.874695
0.345309 0.218580 0.873612
0.377676 0.218546 0.872528
0.410043 0.218513 0.871444
0.442410 0.218480 0.870360
0.474777 0.218446 0.869276
0.507145 0.218413 0.868192
0.539512 0.218380 0.867109
0.571879 0.218346 0.866025
0.604246 0.218313 0.864941
0.636613 0.218280 0.863857
0.668981 0.218246 0.862773
0.701348 0.218213 0.861689
0.733715 0.218179 0.860605
0.766082 0.218146 0.859522
0.798449 0.218113 0.858438
0.830817 0.218079 0.857354
0.863184 0.218046 0.856270
0.895551 0.218013 0.855186
0.927918 0.217979 0.854102
0.960285 0.217946 0.853019
0.992653 0.217913 0.851935
1.000000 0.217879 0.850851
1.000000 0.217846 0.849767
1.000000 0.217813 0.848683
0.057762 0.250018 0.879720
0.090129 0.249984 0.878636
0.122497 0.249951 0.877552
0.154864 0.249918 0.876469
0.187231 0.249884 0.875385
0.219598 0.249851 0.874301
0.251965 0.249818 0.873217
0.284333 0.249784 0.872133
0.316700 0.249751 0.871049
0.349067 0.249717 0.869965
0.381434 0.249684 0.868882
0.413801 0.249651 0.867798
0.446169 0.249617 0.866714
0.478536 0.249584 0.865630
0.510903 0.249551 0.864546
0.543270 0.249517 0.863462
0.575637 0.249484 0.862379
0.608005 0.249451 0.861295
0.640372 0.249417 0.860211
0.672739 0.249384 0.859127
0.705106 0.249351 0.858043
0.737473 0.249317 0.856959
0.769841 0.249284 0.855876
0.802208 0.249251 0.854792
0.834575 0.249217 0.853708
0.866942 0.249184 0.852624
0.899309 0.249151 0.851540
0.931676 0.249117 0.850456
0.964044 0.249084 0.849372
0.996411 0.249051 0.848289
1.000000 0.249017 0.847205
1.000000 0.248984 0.846121
1.000000 0.248950 0.845037
0.061521 0.281155 0.876074
0.093888 0.281122 0.874990
0.126255 0.281089 0.873906
0.158622 0.281055 0.872822
0.190989 0.281022 0.871739
0.223357 0.280989 0.870655
0.255724 0.280955 0.869571
0.288091 0.280922 0.868487
0.320458 0.280889 0.867403
0.352825 0.280855 0.866319
0.385193 0.280822 0.865236
0.417560 0.280789 0.864152
0.449927 0.280755 0.863068
0.482294 0.280722 0.861984
0.514661 0.280689 0.860900
0.547028 0.280655 0.859816
0.579396 0.280622 0.858732
0.611763 0.280589 0.857649
0.644130 0.280555 0.856565
0.676497 0.280522 0.855481
0.708864 0.280488 0.854397
0.741232 0.280455 0.853313
0.773599 0.280422 0.852229
0.805966 0.280388 0.851146
0.838333 0.280355 0.850062
0.870700 0.280322 0.848978
0.903068 0.280288 0.847894
0.935435 0.280255 0.846810
0.967802 0.280222 0.845726
1.000000 0.280188 0.844643
1.000000 0.280155 0.843559
1.000000 0.280122 0.842475
1.000000 0.280088 0.841391
0.065279 0.312293 0.872428
0.097646 0.312260 0.871344
0.130013 0.312227 0.870260
0.162380 0.312193 0.869176
0.194748 0.312160 0.868092
0.227115 0.312127 0.867009
0.259482 0.312093 0.865925
0.291849 0.312060 0.864841
0.324216 0.312026 0.863757
0.356584 0.311993 0.862673
0.388951 0.311960 0.861589
0.421318 0.311926 0.860506
0.453685 0.311893 0.859422
0.486052 0.311860 0.858338
0.518420 0.311826 0.857254
0.550787 0.311793 0.856170
0.583154 0.311760 0.855086
0.615521 0.311726 0.854003
0.647888 0.311693 0.852919
0.680256 0.311660 0.851835
0.712623 0.311626 0.850751
0.744990 0.311593 0.849667
0.777357 0.311560 0.848583
0.809724 0.311526 0.847499
0.842092 0.311493 0.846416
0.874459 0.311460 0.845332
0.906826 0.311426 0.844248
0.939193 0.311393 0.843164
0.971560 0.311359 0.842080
1.000000 0.311326 0.840996
1.000000 0.311293 0.839913
1.000000 0.311259 0.838829
1.000000 0.311064 0.839380
0.069037 0.343431 0.868782
0.101404 0.343398 0.867698
0.133772 0.343364 0.866614
0.166139 0.343331 0.865530
0.198506 0.343298 0.864446
0.230873 0.343264 0.863363
0.263240 0.343231 0.862279
0.295608 0.343198 0.861195
0.327975 0.343164 0.860111
0.360342 0.343131 0.859027
0.392709 0.343098 0.857943
0.425076 0.343064 0.856859
0.457444 0.343031 0.855776
0.489811 0.342998 0.854692
0.522178 0.342964 0.853608
0.554545 0.342931 0.852524
0.586912 0.342897 0.851440
0.619279 0.342864 0.850356
0.651647 0.342831 0.849273
0.684014 0.342797 0.848189
0.716381 0.342764 0.847105
0.748748 0.342731 0.846021
0.781115 0.342697 0.844937
0.813483 0.342664 0.843853
0.845850 0.342631 0.842769
0.878217 0.342597 0.841686
0.910584 0.342564 0.840602
0.942951 0.342531 0.839518
0.975319 0.342497 0.838434
1.000000 0.342199 0.840029
1.000000 0.341882 0.841814
1.000000 0.341566 0.843598
1.000000 0.341249 0.845382
0.072796 0.374569 0.865136
0.105163 0.374536 0.864052
0.137530 0.374502 0.862968
0.169897 0.374469 0.861884
0.202264 0.374435 0.860800
0.234631 0.374402 0.859716
0.266999 0.374369 0.858633
0.299366 0.374335 0.857549
0.331733 0.374302 0.856465
0.364100 0.374269 0.855381
0.396467 0.374235 0.854297
0.428835 0.374202 0.853213
0.461202 0.374169 0.852129
0.493569 0.374135 0.851046
0.525936 0.374102 0.849962
0.558303 0.374069 0.848878
0.590671 0.374035 0.847794
0.623038 0.374002 0.846710
0.655405 0.373969 0.845626
0.687772 0.373935 0.844543
0.720139 0.373902 0.843459
0.752507 0.373869 0.842375
0.784874 0.373835 0.841291
0.817241 0.373802 0.840207
0.849608 0.373769 0.839123
0.881205 0.373651 0.838895
0.910987 0.373334 0.840679
0.940770 0.373017 0.842463
0.970553 0.372700 0.844247
1.000000 0.372383 0.846031
1.000000 0.372067 0.847816
1.000000 0.371750 0.849600
1.000000 0.371433 0.851384
0.076554 0.405707 0.861489
0.108921 0.405673 0.860406
0.141288 0.405640 0.859322
0.173655 0.405607 0.858238
0.206023 0.405573 0.857154
0.238390 0.405540 0.856070
0.270757 0.405507 0.854986
0.303124 0.405473 0.853903
0.335491 0.405440 0.852819
0.367859 0.405407 0.851735
0.400226 0.405373 0.850651
0.432593 0.405340 0.849567
0.464960 0.405307 0.848483
0.497327 0.405273 0.847400
0.529695 0.405240 0.846316
0.562062 0.405206 0.845232
0.594429 0.405173 0.844148
0.626796 0.405140 0.843064
0.659163 0.405106 0.841980
0.691530 0.405073 0.840896
0.723898 0.405040 0.839813
0.756265 0.405006 0.838729
0.786920 0.404785 0.839544
0.816703 0.404468 0.841329
0.846486 0.404152 0.843113
0.876268 0.403835 0.844897
0.906051 0.403518 0.846681
0.935834 0.403201 0.848465
0.965616 0.402884 0.850249
0.995399 0.402568 0.852034
1.000000 0.402251 0.853818
1.000000 0.401934 0.855602
1.000000 0.401617 0.857386
0.080312 0.436845 0.857843
0.112679 0.436811 0.856760
0.145047 0.436778 0.855676
0.177414 0.436744 0.854592
0.209781 0.436711 0.853508
0.242148 0.436678 0.852424
0.274515 0.436644 0.851340
0.306882 0.436611 0.850256
0.339250 0.436578 0.849173
0.371617 0.436544 0.848089
0.403984 0.436511 0.847005
0.436351 0.436478 0.845921
0.468718 0.436444 0.844837
0.501086 0.436411 0.843753
0.533453 0.436378 0.842670
0.565820 0.436344 0.841586
0.598187 0.436311 0.840502
0.630554 0.436278 0.839418
0.662854 0.436237 0.838410
0.692636 0.435920 0.840194
0.722419 0.435603 0.841978
0.752201 0.435286 0.843762
0.781984 0.434969 0.845546
0.811767 0.434653 0.847331
0.841549 0.434336 0.849115
0.871332 0.434019 0.850899
0.901115 0.433702 0.852683
0.930897 0.433385 0.854467
0.960680 0.433069 0.856251
0.990463 0.432752 0.858036
1.000000 0.432435 0.859820
1.000000 0.432118 0.861604
1.000000 0.431801 0.863388
0.084070 0.467982 0.854197
0.116438 0.467949 0.853113
0.148805 0.467916 0.852030
0.181172 0.467882 0.850946
0.213539 0.467849 0.849862
0.245906 0.467816 0.848778
0.278274 0.467782 0.847694
0.310641 0.467749 0.846610
0.343008 0.467716 0.845527
0.375375 0.467682 0.844443
0.407742 0.467649 0.843359
0.440110 0.467615 0.842275
0.472477 0.467582 0.841191
0.504844 0.467549 0.840107
0.537211 0.467515 0.839023
0.568569 0.467371 0.839059
0.598352 0.467055 0.840843
0.628135 0.466738 0.842628
0.657917 0.466421 0.844412
0.687700 0.466104 0.846196
0.717483 0.465787 0.847980
0.747265 0.465471 0.849764
0.777048 0.465154 0.851549
0.806830 0.464837 0.853333
0.836613 0.464520 0.855117
0.866396 0.464203 0.856901
0.896178 0.463886 0.858685
0.925961 0.463570 0.860469
0.955744 0.463253 0.862254
0.985526 0.462936 0.864038
1.000000 0.462619 0.865822
1.000000 0.462302 0.867606
1.000000 0.461986 0.869390
0.087829 0.499120 0.850551
0.120196 0.499087 0.849467
0.152563 0.499053 0.848383
0.184930 0.499020 0.847300
0.217298 0.498987 0.846216
0.249665 0.498953 0.845132
0.282032 0.498920 0.844048
0.314399 0.498887 0.842964
0.346766 0.498853 0.841880
0.379133 0.498820 0.840797
0.411501 0.498787 0.839713
0.443868 0.498753 0.838629
0.474285 0.498506 0.839709
0.504068 0.498189 0.841493
0.533850 0.497872 0.843277
0.563633 0.497556 0.845061
0.593416 0.497239 0.846846
0.623198 0.496922 0.848630
0.652981 0.496605 0.850414
0.682764 0.496288 0.852198
0.712546 0.495972 0.853982
0.742329 0.495655 0.855766
0.772112 0.495338 0.857551
0.801894 0.495021 0.859335
0.831677 0.494704 0.861119
0.861459 0.494387 0.862903
0.891242 0.494071 0.864687
0.921025 0.493754 0.866471
0.950807 0.493437 0.868256
0.980590 0.493120 0.870040
1.000000 0.492803 0.871824
1.000000 0.492487 0.873608
1.000000 0.492170 0.875392
0.091587 0.530258 0.846905
0.123954 0.530225 0.845821
0.156321 0.530191 0.844737
0.188689 0.530158 0.843653
0.221056 0.530125 0.842570
0.253423 0.530091 0.841486
0.285790 0.530058 0.840402
0.318157 0.530024 0.839318
0.350218 0.529958 0.838574
0.380001 0.529641 0.840358
0.409784 0.529324 0.842143
0.439566 0.529007 0.843927
0.469349 0.528690 0.845711
0.499131 0.528373 0.847495
0.528914 0.528057 0.849279
0.558697 0.527740 0.851063
0.588479 0.527423 0.852848
0.618262 0.527106 0.854632
0.648045 0.526789 0.856416
0.677827 0.526473 0.858200
0.707610 0.526156 0.859984
0.737393 0.525839 0.861768
0.767175 0.525522 0.863553
0.796958 0.525205 0.865337
0.826741 0.524888 0.867121
0.856523 0.524572 0.868905
0.886306 0.524255 0.870689
0.916088 0.523938 0.872474
0.945871 0.523621 0.874258
0.975654 0.523304 0.876042
1.000000 0.522988 0.877826
1.000000 0.522671 0.879610
1.000000 0.522354 0.881394
0.095345 0.561396 0.843259
0.127713 0.561362 0.842175
0.160080 0.561329 0.841091
0.192447 0.561296 0.840007
0.224814 0.561262 0.838924
0.255934 0.561092 0.839224
0.285717 0.560775 0.841008
0.315499 0.560459 0.842792
0.345282 0.560142 0.844576
0.375065 0.559825 0.846360
0.404847 0.559508 0.848145
0.434630 0.559191 0.849929
0.464413 0.558874 0.851713
0.494195 0.558558 0.853497
0.523978 0.558241 0.855281
0.553760 0.557924 0.857066
0.583543 0.557607 0.858850
0.613326 0.557290 0.860634
0.643108 0.556974 0.862418
0.672891 0.556657 0.864202
0.702674 0.556340 0.865986
0.732456 0.556023 0.867771
0.762239 0.555706 0.869555
0.792022 0.555390 0.871339
0.821804 0.555073 0.873123
0.851587 0.554756 0.874907
0.881370 0.554439 0.876691
0.911152 0.554122 0.878476
0.940935 0.553805 0.880260
0.970717 0.553489 0.882044
1.000000 0.553172 0.883828
1.000000 0.552855 0.885612
1.000000 0.552538 0.887396
0.099104 0.592534 0.839613
0.131471 0.592500 0.838529
0.161650 0.592227 0.839873
0.191432 0.591910 0.841658
0.221215 0.591593 0.843442
0.250998 0.591276 0.845226
0.280780 0.590960 0.847010
0.310563 0.590643 0.848794
0.340346 0.590326 0.850578
0.370128 0.590009 0.852363
0.399911 0.589692 0.854147
0.429694 0.589376 0.855931
0.459476 0.589059 0.857715
0.489259 0.588742 0.859499
0.519042 0.588425 0.861283
0.548824 0.588108 0.863068
0.578607 0.587791 0.864852
0.608389 0.587475 0.866636
0.638172 0.587158 0.868420
0.667955 0.586841 0.870204
0.697737 0.586524 0.871988
0.727520 0.586207 0.873773
0.757303 0.585891 0.875557
0.787085 0.585574 0.877341
0.816868 0.585257 0.879125
0.846651 0.584940 0.880909
0.876433 0.584623 0.882693
0.906216 0.584306 0.884478
0.935999 0.583990 0.886262
0.965781 0.583673 0.888046
0.995564 0.583356 0.889830
1.000000 0.583039 0.891614
1.000000 0.582722 0.893399
0.097148 0.623045 0.842307
0.126931 0.622728 0.844091
0.156714 0.622411 0.845875
0.186496 0.622094 0.847660
0.216279 0.621777 0.849444
0.246061 0.621461 0.851228
0.275844 0.621144 0.853012
0.305627 0.620827 0.854796
0.335409 0.620510 0.856580
0.365192 0.620193 0.858365
0.394975 0.619877 0.860149
0.424757 0.619560 0.861933
0.454540 0.619243 0.863717
0.484323 0.618926 0.865501
0.514105 0.618609 0.867285
0.543888 0.618292 0.869070
0.573671 0.617976 0.870854
0.603453 0.617659 0.872638
0.633236 0.617342 0.874422
0.663018 0.617025 0.876206
0.692801 0.616708 0.877991
0.722584 0.616392 0.879775
0.752366 0.616075 0.881559
0.782149 0.615758 0.883343
0.811932 0.615441 0.885127
0.841714 0.615124 0.886911
0.871497 0.614807 0.888696
0.901280 0.614491 0.890480
0.931062 0.614174 0.892264
0.960845 0.613857 0.894048
0.990628 0.613540 0.895832
1.000000 0.613223 0.897616
1.000000 0.612907 0.899401
0.092212 0.653229 0.848309
0.121995 0.652912 0.850093
0.151777 0.652595 0.851877
0.181560 0.652278 0.853662
0.211343 0.651962 0.855446
0.241125 0.651645 0.857230
0.270908 0.651328 0.859014
0.300690 0.651011 0.860798
0.330473 0.650694 0.862583
0.360256 0.650378 0.864367
0.390038 0.650061 0.866151
0.419821 0.649744 0.867935
0.449604 0.649427 0.869719
0.479386 0.649110 0.871503
0.509169 0.648793 0.873288
0.538952 0.648477 0.875072
0.568734 0.648160 0.876856
0.598517 0.647843 0.878640
0.628300 0.647526 0.880424
0.658082 0.647209 0.882208
0.687865 0.646893 0.883993
0.717647 0.646576 0.885777
0.747430 0.646259 0.887561
0.777213 0.645942 0.889345
0.806995 0.645625 0.891129
0.836778 0.645309 0.892913
0.866561 0.644992 0.894698
0.896343 0.644675 0.896482
0.926126 0.644358 0.898266
0.955909 0.644041 0.900050
0.985691 0.643724 0.901834
1.000000 0.643408 0.903618
1.000000 0.643091 0.905403
0.087276 0.683413 0.854311
0.117058 0.683096 0.856095
0.146841 0.682779 0.857880
0.176624 0.682463 0.859664
0.206406 0.682146 0.861448
0.236189 0.681829 0.863232
0.265972 0.681512 0.865016
0.295754 0.681195 0.866800
0.325537 0.680879 0.868585
0.355319 0.680562 0.870369
0.385102 0.680245 0.872153
0.414885 0.679928 0.873937
0.444667 0.679611 0.875721
0.474450 0.679295 0.877505
0.504233 0.678978 0.879290
0.534015 0.678661 0.881074
0.563798 0.678344 0.882858
0.593581 0.678027 0.884642
0.623363 0.677710 0.886426
0.653146 0.677394 0.888210
0.682929 0.677077 0.889995
0.712711 0.676760 0.891779
0.742494 0.676443 0.893563
0.772276 0.676126 0.895347
0.802059 0.675810 0.897131
0.831842 0.675493 0.898916
0.861624 0.675176 0.900700
0.891407 0.674859 0.902484
0.921190 0.674542 0.904268
0.950972 0.674225 0.906052
0.980755 0.673909 0.907836
1.000000 0.673592 0.909621
1.000000 0.673275 0.911405
0.082339 0.713597 0.860313
0.112122 0.713281 0.862097
0.141905 0.712964 0.863882
0.171687 0.712647 0.865666
0.201470 0.712330 0.867450
0.231253 0.712013 0.869234
0.261035 0.711696 0.871018
0.290818 0.711380 0.872802
0.320601 0.711063 0.874587
0.350383 0.710746 0.876371
0.380166 0.710429 0.878155
0.409948 0.710112 0.879939
0.439731 0.709796 0.881723
0.469514 0.709479 0.883508
0.499296 0.709162 0.885292
0.529079 0.708845 0.887076
0.558862 0.708528 0.888860
0.588644 0.708211 0.890644
0.618427 0.707895 0.892428
0.648210 0.707578 0.894213
0.677992 0.707261 0.895997
0.707775 0.706944 0.897781
0.737558 0.706627 0.899565
0.767340 0.706311 0.901349
0.797123 0.705994 0.903133
0.826905 0.705677 0.904918
0.856688 0.705360 0.906702
0.886471 0.705043 0.908486
0.916253 0.704727 0.910270
0.946036 0.704410 0.912054
0.975819 0.704093 0.913838
1.000000 0.703776 0.915623
1.000000 0.703459 0.917407
0.077403 0.743782 0.866315
0.107186 0.743465 0.868100
0.136968 0.743148 0.869884
0.166751 0.742831 0.871668
0.196534 0.742514 0.873452
0.226316 0.742197 0.875236
0.256099 0.741881 0.877020
0.285882 0.741564 0.878805
0.315664 0.741247 0.880589
0.345447 0.740930 0.882373
0.375230 0.740613 0.884157
0.405012 0.740297 0.885941
0.434795 0.739980 0.887725
0.464577 0.739663 0.889510
0.494360 0.739346 0.891294
0.524143 0.739029 0.893078
0.553925 0.738713 0.894862
0.583708 0.738396 0.896646
0.613491 0.738079 0.898430
0.643273 0.737762 0.900215
0.673056 0.737445 0.901999
0.702839 0.737128 0.903783
0.732621 0.736812 0.905567
0.762404 0.736495 0.907351
0.792187 0.736178 0.909135
0.821969 0.735861 0.910920
0.851752 0.735544 0.912704
0.881534 0.735228 0.914488
0.911317 0.734911 0.916272
0.941100 0.734594 0.918056
0.970882 0.734277 0.919841
1.000000 0.733960 0.921625
1.000000 0.733643 0.923409
0.072467 0.773966 0.872317
0.102249 0.773649 0.874102
0.132032 0.773332 0.875886
0.161815 0.773015 0.877670
0.191597 0.772699 0.879454
0.221380 0.772382 0.881238
0.251163 0.772065 0.883022
0.280945 0.771748 0.884807
0.310728 0.771431 0.886591
0.340511 0.771114 0.888375
0.370293 0.770798 0.890159
0.400076 0.770481 0.891943
0.429859 0.770164 0.893727
0.459641 0.769847 0.895512
0.489424 0.769530 0.897296
0.519206 0.769214 0.899080
0.548989 0.768897 0.900864
0.578772 0.768580 0.902648
0.608554 0.768263 0.904433
0.638337 0.767946 0.906217
0.668120 0.767629 0.908001
0.697902 0.767313 0.909785
0.727685 0.766996 0.911569
0.757468 0.766679 0.913353
0.787250 0.766362 0.915138
0.817033 0.766045 0.916922
0.846816 0.765729 0.918706
0.876598 0.765412 0.920490
0.906381 0.765095 0.922274
0.936163 0.764778 0.924058
0.965946 0.764461 0.925843
0.995729 0.764144 0.927627
1.000000 0.763828 0.929411
0.067531 0.804150 0.878319
0.097313 0.803833 0.880104
0.127096 0.803516 0.881888
0.156878 0.803200 0.883672
0.186661 0.802883 0.885456
0.216444 0.802566 0.887240
0.246226 0.802249 0.889025
0.276009 0.801932 0.890809
0.305792 0.801615 0.892593
0.335574 0.801299 0.894377
0.365357 0.800982 0.896161
0.395140 0.800665 0.897945
0.424922 0.800348 0.899730
0.454705 0.800031 0.901514
0.484488 0.799715 0.903298
0.514270 0.799398 0.905082
0.544053 0.799081 0.906866
0.573835 0.798764 0.908650
0.603618 0.798447 0.910435
0.633401 0.798130 0.912219
0.663183 0.797814 0.914003
0.692966 0.797497 0.915787
0.722749 0.797180 0.917571
0.752531 0.796863 0.919355
0.782314 0.796546 0.921140
0.812097 0.796230 0.922924
0.841879 0.795913 0.924708
0.871662 0.795596 0.926492
0.901445 0.795279 0.928276
0.931227 0.794962 0.930060
0.961010 0.794646 0.931845
0.990792 0.794329 0.933629
1.000000 0.794012 0.935413
0.062594 0.834334 0.884322
0.092377 0.834017 0.886106
0.122160 0.833701 0.887890
0.151942 0.833384 0.889674
0.181725 0.833067 0.891458
0.211507 0.832750 0.893242
0.241290 0.832433 0.895027
0.271073 0.832116 0.896811
0.300855 0.831800 0.898595
0.330638 0.831483 0.900379
0.360421 0.831166 0.902163
0.390203 0.830849 0.903947
0.419986 0.830532 0.905732
0.449769 0.830216 0.907516
0.479551 0.829899 0.909300
0.509334 0.829582 0.911084
0.539117 0.829265 0.912868
0.568899 0.828948 0.914652
0.598682 0.828632 0.916437
0.628464 0.828315 0.918221
0.658247 0.827998 0.920005
0.688030 0.827681 0.921789
0.717812 0.827364 0.923573
0.747595 0.827047 0.925358
0.777378 0.826731 0.927142
0.807160 0.826414 0.928926
0.836943 0.826097 0.930710
0.866726 0.825780 0.932494
0.896508 0.825463 0.934278
0.926291 0.825147 0.936063
0.956074 0.824830 0.937847
0.985856 0.824513 0.939631
1.000000 0.824196 0.941415
0.057658 0.864518 0.890324
0.087441 0.864202 0.892108
0.117223 0.863885 0.893892
0.147006 0.863568 0.895676
0.176789 0.863251 0.897460
0.206571 0.862934 0.899244
0.236354 0.862618 0.901029
0.266136 0.862301 0.902813
0.295919 0.861984 0.904597
0.325702 0.861667 0.906381
0.355484 0.861350 0.908165
0.385267 0.861033 0.909950
0.415050 0.860717 0.911734
0.444832 0.860400 0.913518
0.474615 0.860083 0.915302
0.504398 0.859766 0.917086
0.534180 0.859449 0.918870
0.563963 0.859133 0.920655
0.593746 0.858816 0.922439
0.623528 0.858499 0.924223
0.653311 0.858182 0.926007
0.683093 0.857865 0.927791
0.712876 0.857548 0.929575
0.742659 0.857232 0.931360
0.772441 0.856915 0.933144
0.802224 0.856598 0.934928
0.832007 0.856281 0.936712
0.861789 0.855964 0.938496
0.891572 0.855648 0.940280
0.921355 0.855331 0.942065
0.951137 0.855014 0.943849
0.980920 0.854697 0.945633
1.000000 0.854380 0.947417
0.052722 0.894703 0.896326
0.082504 0.894386 0.898110
0.112287 0.894069 0.899894
0.142070 0.893752 0.901678
0.171852 0.893435 0.903462
0.201635 0.893119 0.905247
0.231418 0.892802 0.907031
0.261200 0.892485 0.908815
0.290983 0.892168 0.910599
0.320765 0.891851 0.912383
0.350548 0.891534 0.914167
0.380331 0.891218 0.915952
0.410113 0.890901 0.917736
0.439896 0.890584 0.919520
0.469679 0.890267 0.921304
0.499461 0.889950 0.923088
0.529244 0.889634 0.924872
0.559027 0.889317 0.926657
0.588809 0.889000 0.928441
0.618592 0.888683 0.930225
0.648375 0.888366 0.932009
0.678157 0.888049 0.933793
0.707940 0.887733 0.935577
0.737722 0.887416 0.937362
0.767505 0.887099 0.939146
0.797288 0.886782 0.940930
0.827070 0.886465 0.942714
0.856853 0.886149 0.944498
0.886636 0.885832 0.946283
0.916418 0.885515 0.948067
0.946201 0.885198 0.949851
0.975984 0.884881 0.951635
1.000000 0.884565 0.953419
0.047785 0.924887 0.902328
0.077568 0.924570 0.904112
0.107351 0.924253 0.905896
0.137133 0.923936 0.907680
0.166916 0.923620 0.909464
0.196699 0.923303 0.911249
0.226481 0.922986 0.913033
0.256264 0.922669 0.914817
0.286047 0.922352 0.916601
0.315829 0.922035 0.918385
0.345612 0.921719 0.920169
0.375394 0.921402 0.921954
0.405177 0.921085 0.923738
0.434960 0.920768 0.925522
0.464742 0.920451 0.927306
0.494525 0.920135 0.929090
0.524308 0.919818 0.930875
0.554090 0.919501 0.932659
0.583873 0.919184 0.934443
0.613656 0.918867 0.936227
0.643438 0.918551 0.938011
0.673221 0.918234 0.939795
0.703004 0.917917 0.941580
0.732786 0.917600 0.943364
0.762569 0.917283 0.945148
0.792351 0.916966 0.946932
0.822134 0.916650 0.948716
0.851917 0.916333 0.950500
0.881699 0.916016 0.952285
0.911482 0.915699 0.954069
0.941265 0.915382 0.955853
0.971047 0.915066 0.957637
1.000000 0.914749 0.959421
0.042849 0.955071 0.908330
0.072632 0.954754 0.910114
0.102414 0.954437 0.911898
0.132197 0.954121 0.913682
0.161980 0.953804 0.915467
0.191762 0.953487 0.917251
0.221545 0.953170 0.919035
0.251328 0.952853 0.920819
0.281110 0.952537 0.922603
0.310893 0.952220 0.924387
0.340676 0.951903 0.926172
0.370458 0.951586 0.927956
0.400241 0.951269 0.929740
0.430023 0.950952 0.931524
0.459806 0.950636 0.933308
0.489589 0.950319 0.935092
0.519371 0.950002 0.936877
0.549154 0.949685 0.938661
0.578937 0.949368 0.940445
0.608719 0.949052 0.942229
0.638502 0.948735 0.944013
0.668285 0.948418 0.945797
0.698067 0.948101 0.947582
0.727850 0.947784 0.949366
0.757633 0.947467 0.951150
0.787415 0.947151 0.952934
0.817198 0.946834 0.954718
0.846980 0.946517 0.956502
0.876763 0.946200 0.958287
0.906546 0.945883 0.960071
0.936328 0.945567 0.961855
0.966111 0.945250 0.963639
0.995894 0.944933 0.965423
0.037913 0.985255 0.914332
0.067695 0.984938 0.916116
0.097478 0.984622 0.917900
0.127261 0.984305 0.919684
0.157043 0.983988 0.921469
0.186826 0.983671 0.923253
0.216609 0.983354 0.925037
0.246391 0.983038 0.926821
0.276174 0.982721 0.928605
0.305957 0.982404 0.930389
0.335739 0.982087 0.932174
0.365522 0.981770 0.933958
0.395305 0.981453 0.935742
0.425087 0.981137 0.937526
0.454870 0.980820 0.939310
0.484652 0.980503 0.941094
0.514435 0.980186 0.942879
0.544218 0.979869 0.944663
0.574000 0.979553 0.946447
0.603783 0.979236 0.948231
0.633566 0.978919 0.950015
0.663348 0.978602 0.951800
0.693131 0.978285 0.953584
0.722914 0.977968 0.955368
0.752696 0.977652 0.957152
0.782479 0.977335 0.958936
0.812262 0.977018 0.960720
0.842044 0.976701 0.962505
0.871827 0.976384 0.964289
0.901609 0.976068 0.966073
0.931392 0.975751 0.967857
0.961175 0.975434 0.969641
0.990957 0.975117 0.971425
0.028075 0.000904 0.939771
0.060442 0.000870 0.938687
0.092810 0.000837 0.937603
0.125177 0.000804 0.936519
0.157544 0.000770 0.935436
0.189911 0.000737 0.934352
0.222278 0.000704 0.933268
0.254646 0.000670 0.932184
0.287013 0.000637 0.931100
0.319380 0.000604 0.930016
0.351747 0.000570 0.928933
0.384114 0.000537 0.927849
0.416482 0.000504 0.926765
0.448849 0.000470 0.925681
0.481216 0.000437 0.924597
0.513583 0.000404 0.923513
0.545950 0.000370 0.922429
0.578318 0.000337 0.921346
0.610685 0.000304 0.920262
0.643052 0.000270 0.919178
0.675419 0.000237 0.918094
0.707786 0.000203 0.917010
0.740153 0.000170 0.915926
0.772521 0.000137 0.914843
0.804888 0.000103 0.913759
0.837255 0.000070 0.912675
0.869622 0.000037 0.911591
0.901989 0.000003 0.910507
0.934357 0.000000 0.909423
0.966724 0.000000 0.908339
0.999091 0.000000 0.907256
1.000000 0.000000 0.906172
1.000000 0.000000 0.905088
0.031834 0.032042 0.936125
0.064201 0.032008 0.935041
0.096568 0.031975 0.933957
0.128935 0.031942 0.932873
0.161302 0.031908 0.931789
0.193670 0.031875 0.930706
0.226037 0.031842 0.929622
0.258404 0.031808 0.928538
0.290771 0.031775 0.927454
0.323138 0.031741 0.926370
0.355505 0.031708 0.925286
0.387873 0.031675 0.924203
0.420240 0.031641 0.923119
0.452607 0.031608 0.922035
0.484974 0.031575 0.920951
0.517341 0.031541 0.919867
0.549709 0.031508 0.918783
0.582076 0.031475 0.917699
0.614443 0.031441 0.916616
0.646810 0.031408 0.915532
0.679177 0.031375 0.914448
0.711545 0.031341 0.913364
0.743912 0.031308 0.912280
0.776279 0.031275 0.911196
0.808646 0.031241 0.910113
0.841013 0.031208 0.909029
0.873381 0.031175 0.907945
0.905748 0.031141 0.906861
0.938115 0.031108 0.905777
0.970482 0.031075 0.904693
1.000000 0.031041 0.903610
1.000000 0.031008 0.902526
1.000000 0.030974 0.901442
0.035592 0.063179 0.932479
0.067959 0.063146 0.931395
0.100326 0.063113 0.930311
0.132693 0.063079 0.929227
0.165061 0.063046 0.928143
0.197428 0.063013 0.927059
0.229795 0.062979 0.925976
0.262162 0.062946 0.924892
0.294529 0.062913 0.923808
0.326897 0.062879 0.922724
0.359264 0.062846 0.921640
0.391631 0.062813 0.920556
0.423998 0.062779 0.919473
0.456365 0.062746 0.918389
0.488733 0.062713 0.917305
0.521100 0.062679 0.916221
0.553467 0.062646 0.915137
0.585834 0.062613 0.914053
0.618201 0.062579 0.912970
0.650569 0.062546 0.911886
0.682936 0.062512 0.910802
0.715303 0.062479 0.909718
0.747670 0.062446 0.908634
0.780037 0.062412 0.907550
0.812404 0.062379 0.906466
0.844772 0.062346 0.905383
0.877139 0.062312 0.904299
0.909506 0.062279 0.903215
0.941873 0.062246 0.902131
0.974240 0.062212 0.901047
1.000000 0.062179 0.899963
1.000000 0.062146 0.898880
1.000000 0.062112 0.897796
0.039350 0.094317 0.928833
0.071717 0.094284 0.927749
0.104085 0.094251 0.926665
0.136452 0.094217 0.925581
0.168819 0.094184 0.924497
0.201186 0.094151 0.923413
0.233553 0.094117 0.922330
0.265921 0.094084 0.921246
0.298288 0.094050 0.920162
0.330655 0.094017 0.919078
0.363022 0.093984 0.917994
0.395389 0.093950 0.916910
0.427756 0.093917 0.915826
0.460124 0.093884 0.914743
0.492491 0.093850 0.913659
0.524858 0.093817 0.912575
0.557225 0.093784 0.911491
0.589592 0.093750 0.910407
0.621960 0.093717 0.909323
0.654327 0.093684 0.908240
0.686694 0.093650 0.907156
0.719061 0.093617 0.906072
0.751428 0.093584 0.904988
0.783796 0.093550 0.903904
0.816163 0.093517 0.902820
0.848530 0.093484 0.901737
0.880897 0.093450 0.900653
0.913264 0.093417 0.899569
0.945632 0.093383 0.898485
0.977999 0.093350 0.897401
1.000000 0.093317 0.896317
1.000000 0.093283 0.895233
1.000000 0.093250 0.894150
0.043108 0.125455 0.925186
0.075476 0.125422 0.924103
0.107843 0.125388 0.923019
0.140210 0.125355 0.921935
0.172577 0.125322 0.920851
0.204944 0.125288 0.919767
0.237312 0.125255 0.918683
0.269679 0.125222 0.917600
0.302046 0.125188 0.916516
0.334413 0.125155 0.915432
0.366780 0.125122 0.914348
0.399148 0.125088 0.913264
0.431515 0.125055 0.912180
0.463882 0.125022 0.911097
0.496249 0.124988 0.910013
0.528616 0.124955 0.908929
0.560984 0.124921 0.907845
0.593351 0.124888 0.906761
0.625718 0.124855 0.905677
0.658085 0.124821 0.904593
0.690452 0.124788 0.903510
0.722820 0.124755 0.902426
0.755187 0.124721 0.901342
0.787554 0.124688 0.900258
0.819921 0.124655 0.899174
0.852288 0.124621 0.898090
0.884655 0.124588 0.897007
0.917023 0.124555 0.895923
0.949390 0.124521 0.894839
0.981757 0.124488 0.893755
1.000000 0.124455 0.892671
1.000000 0.124421 0.891587
1.000000 0.124388 0.890503
0.046867 0.156593 0.921540
0.079234 0.156560 0.920457
0.111601 0.156526 0.919373
0.143968 0.156493 0.918289
0.176336 0.156459 0.917205
0.208703 0.156426 0.916121
0.241070 0.156393 0.915037
0.273437 0.156359 0.913953
0.305804 0.156326 0.912870
0.338172 0.156293 0.911786
0.370539 0.156259 0.910702
0.402906 0.156226 0.909618
0.435273 0.156193 0.908534
0.467640 0.156159 0.907450
0.500007 0.156126 0.906367
0.532375 0.156093 0.905283
0.564742 0.156059 0.904199
0.597109 0.156026 0.903115
0.629476 0.155993 0.902031
0.661843 0.155959 0.900947
0.694211 0.155926 0.899863
0.726578 0.155893 0.898780
0.758945 0.155859 0.897696
0.791312 0.155826 0.896612
0.823679 0.155792 0.895528
0.856047 0.155759 0.894444
0.888414 0.155726 0.893360
0.920781 0.155692 0.892277
0.953148 0.155659 0.891193
0.985515 0.155626 0.890109
1.000000 0.155592 0.889025
1.000000 0.155559 0.887941
1.000000 0.155526 0.886857
0.050625 0.187731 0.917894
0.082992 0.187697 0.916810
0.115359 0.187664 0.915727
0.147727 0.187631 0.914643
0.180094 0.187597 0.913559
0.212461 0.187564 0.912475
0.244828 0.187531 0.911391
0.277195 0.187497 0.910307
0.309563 0.187464 0.909223
0.341930 0.187431 0.908140
0.374297 0.187397 0.907056
0.406664 0.187364 0.905972
0.439031 0.187330 0.904888
0.471399 0.187297 0.903804
0.503766 0.187264 0.902720
0.536133 0.187230 0.901637
0.568500 0.187197 0.900553
0.600867 0.187164 0.899469
0.633235 0.187130 0.898385
0.665602 0.187097 0.897301
0.697969 0.187064 0.896217
0.730336 0.187030 0.895134
0.762703 0.186997 0.894050
0.795071 0.186964 0.892966
0.827438 0.186930 0.891882
0.859805 0.186897 0.890798
0.892172 0.186864 0.889714
0.924539 0.186830 0.888630
0.956906 0.186797 0.887547
0.989274 0.186764 0.886463
1.000000 0.186730 0.885379
1.000000 0.186697 0.884295
1.000000 0.186664 0.883211
0.054383 0.218868 0.914248
0.086751 0.218835 0.913164
0.119118 0.218802 0.912080
0.151485 0.218768 0.910997
0.183852 0.218735 0.909913
0.216219 0.218702 0.908829
0.248587 0.218668 0.907745
0.280954 0.218635 0.906661
0.313321 0.218602 0.905577
0.345688 0.218568 0.904494
0.378055 0.218535 0.903410
0.410423 0.218502 0.902326
0.442790 0.218468 0.901242
0.475157 0.218435 0.900158
0.507524 0.218402 0.899074
0.539891 0.218368 0.897990
0.572258 0.218335 0.896907
0.604626 0.218302 0.895823
0.636993 0.218268 0.894739
0.669360 0.218235 0.893655
0.701727 0.218202 0.892571
0.734094 0.218168 0.891487
0.766462 0.218135 0.890404
0.798829 0.218101 0.889320
0.831196 0.218068 0.888236
0.863563 0.218035 0.887152
0.895930 0.218001 0.886068
0.928298 0.217968 0.884984
0.960665 0.217935 0.883901
0.993032 0.217901 0.882817
1.000000 0.217868 0.881733
1.000000 0.217835 0.880649
1.000000 0.217801 0.879565
0.058142 0.250006 0.910602
0.090509 0.249973 0.909518
0.122876 0.249940 0.908434
0.155243 0.249906 0.907350
0.187610 0.249873 0.906267
0.219978 0.249840 0.905183
0.252345 0.249806 0.904099
0.284712 0.249773 0.903015
0.317079 0.249740 0.901931
0.349446 0.249706 0.900847
0.381814 0.249673 0.899764
0.414181 0.249639 0.898680
0.446548 0.249606 0.897596
0.478915 0.249573 0.896512
0.511282 0.249539 0.895428
0.543650 0.249506 0.894344
0.576017 0.249473 0.893261
0.608384 0.249439 0.892177
0.640751 0.249406 0.891093
0.673118 0.249373 0.890009
0.705486 0.249339 0.888925
0.737853 0.249306 0.887841
0.770220 0.249273 0.886757
0.802587 0.249239 0.885674
0.834954 0.249206 0.884590
0.867321 0.249173 0.883506
0.899689 0.249139 0.882422
0.932056 0.249106 0.881338
0.964423 0.249073 0.880254
0.996790 0.249039 0.879171
1.000000 0.249006 0.878087
1.000000 0.248972 0.877003
1.000000 0.248939 0.875919
0.061900 0.281144 0.906956
0.094267 0.281111 0.905872
0.126634 0.281077 0.904788
0.159002 0.281044 0.903704
0.191369 0.281011 0.902621
0.223736 0.280977 0.901537
0.256103 0.280944 0.900453
0.288470 0.280911 0.899369
0.320838 0.280877 0.898285
0.353205 0.280844 0.897201
0.385572 0.280811 0.896117
0.417939 0.280777 0.895034
0.450306 0.280744 0.893950
0.482673 0.280711 0.892866
0.515041 0.280677 0.891782
0.547408 0.280644 0.890698
0.579775 0.280611 0.889614
0.612142 0.280577 0.888531
0.644509 0.280544 0.887447
0.676877 0.280510 0.886363
0.709244 0.280477 0.885279
0.741611 0.280444 0.884195
0.773978 0.280410 0.883111
0.806345 0.280377 0.882027
0.838713 0.280344 0.880944
0.871080 0.280310 0.879860
0.903447 0.280277 0.878776
0.935814 0.280244 0.877692
0.968181 0.280210 0.876608
1.000000 0.280177 0.875524
1.000000 0.280144 0.874441
1.000000 0.280110 0.873357
1.000000 0.280077 0.872273
0.065658 0.312282 0.903310
0.098025 0.312249 0.902226
0.130393 0.312215 0.901142
0.162760 0.312182 0.900058
0.195127 0.312149 0.898974
0.227494 0.312115 0.897891
0.259861 0.312082 0.896807
0.292229 0.312048 0.895723
0.324596 0.312015 0.894639
0.356963 0.311982 0.893555
0.389330 0.311948 0.892471
0.421697 0.311915 0.891387
0.454065 0.311882 0.890304
0.486432 0.311848 0.889220
0.518799 0.311815 0.888136
0.551166 0.311782 0.887052
0.583533 0.311748 0.885968
0.615901 0.311715 0.884884
0.648268 0.311682 0.883801
0.680635 0.311648 0.882717
0.713002 0.311615 0.881633
0.745369 0.311582 0.880549
0.777737 0.311548 0.879465
0.810104 0.311515 0.878381
0.842471 0.311482 0.877298
0.874838 0.311448 0.876214
0.907205 0.311415 0.875130
0.939572 0.311382 0.874046
0.971940 0.311348 0.872962
1.000000 0.311315 0.871878
1.000000 0.311281 0.870794
1.000000 0.311248 0.869711
1.000000 0.310957 0.871236
0.069417 0.343420 0.899664
0.101784 0.343386 0.898580
0.134151 0.343353 0.897496
0.166518 0.343320 0.896412
0.198885 0.343286 0.895328
0.231253 0.343253 0.894244
0.263620 0.343220 0.893161
0.295987 0.343186 0.892077
0.328354 0.343153 0.890993
0.360721 0.343120 0.889909
0.393089 0.343086 0.888825
0.425456 0.343053 0.887741
0.457823 0.343020 0.886658
0.490190 0.342986 0.885574
0.522557 0.342953 0.884490
0.554924 0.342920 0.883406
0.587292 0.342886 0.882322
0.619659 0.342853 0.881238
0.652026 0.342819 0.880154
0.684393 0.342786 0.879071
0.716760 0.342753 0.877987
0.749128 0.342719 0.876903
0.781495 0.342686 0.875819
0.813862 0.342653 0.874735
0.846229 0.342619 0.873651
0.878596 0.342586 0.872568
0.910964 0.342553 0.871484
0.943331 0.342519 0.870400
0.974990 0.342408 0.870101
1.000000 0.342092 0.871885
1.000000 0.341775 0.873670
1.000000 0.341458 0.875454
1.000000 0.341141 0.877238
0.073175 0.374558 0.896018
0.105542 0.374524 0.894934
0.137909 0.374491 0.893850
0.170276 0.374458 0.892766
0.202644 0.374424 0.891682
0.235011 0.374391 0.890598
0.267378 0.374357 0.889514
0.299745 0.374324 0.888431
0.332112 0.374291 0.887347
0.364480 0.374257 0.886263
0.396847 0.374224 0.885179
0.429214 0.374191 0.884095
0.461581 0.374157 0.883011
0.493948 0.374124 0.881928
0.526316 0.374091 0.880844
0.558683 0.374057 0.879760
0.591050 0.374024 0.878676
0.623417 0.373991 0.877592
0.655784 0.373957 0.876508
0.688152 0.373924 0.875425
0.720519 0.373891 0.874341
0.752886 0.373857 0.873257
0.785253 0.373824 0.872173
0.817620 0.373791 0.871089
0.849988 0.373757 0.870005
0.880706 0.373543 0.870751
0.910489 0.373226 0.872535
0.940272 0.372909 0.874319
0.970054 0.372593 0.876103
0.999837 0.372276 0.877887
1.000000 0.371959 0.879672
1.000000 0.371642 0.881456
1.000000 0.371325 0.883240
0.076933 0.405695 0.892371
0.109300 0.405662 0.891288
0.141668 0.405629 0.890204
0.174035 0.405595 0.889120
0.206402 0.405562 0.888036
0.238769 0.405529 0.886952
0.271136 0.405495 0.885868
0.303504 0.405462 0.884785
0.335871 0.405429 0.883701
0.368238 0.405395 0.882617
0.400605 0.405362 0.881533
0.432972 0.405329 0.880449
0.465340 0.405295 0.879365
0.497707 0.405262 0.878281
0.530074 0.405228 0.877198
0.562441 0.405195 0.876114
0.594808 0.405162 0.875030
0.627175 0.405128 0.873946
0.659543 0.405095 0.872862
0.691910 0.405062 0.871778
0.724277 0.405028 0.870695
0.756639 0.404995 0.869616
0.786422 0.404678 0.871400
0.816205 0.404361 0.873184
0.845987 0.404044 0.874969
0.875770 0.403727 0.876753
0.905553 0.403410 0.878537
0.935335 0.403094 0.880321
0.965118 0.402777 0.882105
0.994901 0.402460 0.883889
1.000000 0.402143 0.885674
1.000000 0.401826 0.887458
1.000000 0.401510 0.889242
0.080692 0.436833 0.888725
0.113059 0.436800 0.887641
0.145426 0.436766 0.886558
0.177793 0.436733 0.885474
0.210160 0.436700 0.884390
0.242527 0.436666 0.883306
0.274895 0.436633 0.882222
0.307262 0.436600 0.881138
0.339629 0.436566 0.880055
0.371996 0.436533 0.878971
0.404363 0.436500 0.877887
0.436731 0.436466 0.876803
0.469098 0.436433 0.875719
0.501465 0.436400 0.874635
0.533832 0.436366 0.873551
0.566199 0.436333 0.872468
0.598567 0.436300 0.871384
0.630934 0.436266 0.870300
0.662355 0.436129 0.870266
0.692138 0.435812 0.872050
0.721920 0.435496 0.873834
0.751703 0.435179 0.875618
0.781486 0.434862 0.877402
0.811268 0.434545 0.879187
0.841051 0.434228 0.880971
0.870834 0.433911 0.882755
0.900616 0.433595 0.884539
0.930399 0.433278 0.886323
0.960182 0.432961 0.888107
0.989964 0.432644 0.889892
1.000000 0.432327 0.891676
1.000000 0.432011 0.893460
1.000000 0.431694 0.895244
0.084450 0.467971 0.885079
0.116817 0.467938 0.883995
0.149184 0.467904 0.882911
0.181551 0.467871 0.881828
0.213919 0.467838 0.880744
0.246286 0.467804 0.879660
0.278653 0.467771 0.878576
0.311020 0.467738 0.877492
0.343387 0.467704 0.876408
0.375755 0.467671 0.875325
0.408122 0.467637 0.874241
0.440489 0.467604 0.873157
0.472856 0.467571 0.872073
0.505223 0.467537 0.870989
0.537591 0.467504 0.869905
0.568071 0.467264 0.870915
0.597854 0.466947 0.872699
0.627636 0.466630 0.874484
0.657419 0.466313 0.876268
0.687202 0.465997 0.878052
0.716984 0.465680 0.879836
0.746767 0.465363 0.881620
0.776549 0.465046 0.883404
0.806332 0.464729 0.885189
0.836115 0.464412 0.886973
0.865897 0.464096 0.888757
0.895680 0.463779 0.890541
0.925463 0.463462 0.892325
0.955245 0.463145 0.894109
0.985028 0.462828 0.895894
1.000000 0.462512 0.897678
1.000000 0.462195 0.899462
1.000000 0.461878 0.901246
0.088208 0.499109 0.881433
0.120575 0.499075 0.880349
0.152943 0.499042 0.879265
0.185310 0.499009 0.878182
0.217677 0.498975 0.877098
0.250044 0.498942 0.876014
0.282411 0.498909 0.874930
0.314778 0.498875 0.873846
0.347146 0.498842 0.872762
0.379513 0.498809 0.871678
0.411880 0.498775 0.870595
0.444004 0.498715 0.869781
0.473787 0.498398 0.871565
0.503569 0.498082 0.873349
0.533352 0.497765 0.875133
0.563135 0.497448 0.876917
0.592917 0.497131 0.878701
0.622700 0.496814 0.880486
0.652483 0.496498 0.882270
0.682265 0.496181 0.884054
0.712048 0.495864 0.885838
0.741831 0.495547 0.887622
0.771613 0.495230 0.889406
0.801396 0.494914 0.891191
0.831178 0.494597 0.892975
0.860961 0.494280 0.894759
0.890744 0.493963 0.896543
0.920526 0.493646 0.898327
0.950309 0.493329 0.900112
0.980092 0.493013 0.901896
1.000000 0.492696 0.903680
1.000000 0.492379 0.905464
1.000000 0.492062 0.907248
0.091966 0.530247 0.877787
0.124334 0.530213 0.876703
0.156701 0.530180 0.875619
0.189068 0.530147 0.874535
0.221435 0.530113 0.873452
0.253802 0.530080 0.872368
0.286170 0.530047 0.871284
0.318537 0.530013 0.870200
0.349720 0.529850 0.870430
0.379503 0.529533 0.872214
0.409285 0.529216 0.873998
0.439068 0.528900 0.875783
0.468850 0.528583 0.877567
0.498633 0.528266 0.879351
0.528416 0.527949 0.881135
0.558198 0.527632 0.882919
0.587981 0.527315 0.884704
0.617764 0.526999 0.886488
0.647546 0.526682 0.888272
0.677329 0.526365 0.890056
0.707112 0.526048 0.891840
0.736894 0.525731 0.893624
0.766677 0.525415 0.895409
0.796460 0.525098 0.897193
0.826242 0.524781 0.898977
0.856025 0.524464 0.900761
0.885807 0.524147 0.902545
0.915590 0.523830 0.904329
0.945373 0.523514 0.906114
0.975155 0.523197 0.907898
1.000000 0.522880 0.909682
1.000000 0.522563 0.911466
1.000000 0.522246 0.913250
0.095725 0.561384 0.874141
0.128092 0.561351 0.873057
0.160459 0.561318 0.871973
0.192826 0.561284 0.870889
0.225194 0.561251 0.869805
0.255436 0.560985 0.871080
0.285218 0.560668 0.872864
0.315001 0.560351 0.874648
0.344784 0.560034 0.876432
0.374566 0.559717 0.878216
0.404349 0.559401 0.880001
0.434132 0.559084 0.881785
0.463914 0.558767 0.883569
0.493697 0.558450 0.885353
0.523479 0.558133 0.887137
0.553262 0.557816 0.888921
0.583045 0.557500 0.890706
0.612827 0.557183 0.892490
0.642610 0.556866 0.894274
0.672393 0.556549 0.896058
0.702175 0.556232 0.897842
0.731958 0.555916 0.899626
0.761741 0.555599 0.901411
0.791523 0.555282 0.903195
0.821306 0.554965 0.904979
0.851089 0.554648 0.906763
0.880871 0.554331 0.908547
0.910654 0.554015 0.910331
0.940436 0.553698 0.912116
0.970219 0.553381 0.913900
1.000000 0.553064 0.915684
1.000000 0.552747 0.917468
1.000000 0.552431 0.919252
0.099483 0.592522 0.870495
0.131369 0.592436 0.869945
0.161151 0.592119 0.871729
0.190934 0.591802 0.873513
0.220717 0.591486 0.875298
0.250499 0.591169 0.877082
0.280282 0.590852 0.878866
0.310065 0.590535 0.880650
0.339847 0.590218 0.882434
0.369630 0.589902 0.884218
0.399413 0.589585 0.886003
0.429195 0.589268 0.887787
0.458978 0.588951 0.889571
0.488761 0.588634 0.891355
0.518543 0.588317 0.893139
0.548326 0.588001 0.894923
0.578108 0.587684 0.896708
0.607891 0.587367 0.898492
0.637674 0.587050 0.900276
0.667456 0.586733 0.902060
0.697239 0.586417 0.903844
0.727022 0.586100 0.905629
0.756804 0.585783 0.907413
0.786587 0.585466 0.909197
0.816370 0.585149 0.910981
0.846152 0.584833 0.912765
0.875935 0.584516 0.914549
0.905718 0.584199 0.916334
0.935500 0.583882 0.918118
0.965283 0.583565 0.919902
0.995065 0.583248 0.921686
1.000000 0.582932 0.923470
1.000000 0.582615 0.925254
0.096650 0.622937 0.874163
0.126433 0.622620 0.875947
0.156215 0.622303 0.877731
0.185998 0.621987 0.879515
0.215780 0.621670 0.881300
0.245563 0.621353 0.883084
0.275346 0.621036 0.884868
0.305128 0.620719 0.886652
0.334911 0.620403 0.888436
0.364694 0.620086 0.890221
0.394476 0.619769 0.892005
0.424259 0.619452 0.893789
0.454042 0.619135 0.895573
0.483824 0.618819 0.897357
0.513607 0.618502 0.899141
0.543390 0.618185 0.900926
0.573172 0.617868 0.902710
0.602955 0.617551 0.904494
0.632737 0.617234 0.906278
0.662520 0.616918 0.908062
0.692303 0.616601 0.909846
0.722085 0.616284 0.911631
0.751868 0.615967 0.913415
0.781651 0.615650 0.915199
0.811433 0.615334 0.916983
0.841216 0.615017 0.918767
0.870999 0.614700 0.920551
0.900781 0.614383 0.922336
0.930564 0.614066 0.924120
0.960347 0.613749 0.925904
0.990129 0.613433 0.927688
1.000000 0.613116 0.929472
1.000000 0.612799 0.931256
0.091714 0.653121 0.880165
0.121496 0.652805 0.881949
0.151279 0.652488 0.883733
0.181062 0.652171 0.885518
0.210844 0.651854 0.887302
0.240627 0.651537 0.889086
0.270409 0.651220 0.890870
0.300192 0.650904 0.892654
0.329975 0.650587 0.894438
0.359757 0.650270 0.896223
0.389540 0.649953 0.898007
0.419323 0.649636 0.899791
0.449105 0.649320 0.901575
0.478888 0.649003 0.903359
0.508671 0.648686 0.905143
0.538453 0.648369 0.906928
0.568236 0.648052 0.908712
0.598019 0.647735 0.910496
0.627801 0.647419 0.912280
0.657584 0.647102 0.914064
0.687366 0.646785 0.915848
0.717149 0.646468 0.917633
0.746932 0.646151 0.919417
0.776714 0.645835 0.921201
0.806497 0.645518 0.922985
0.836280 0.645201 0.924769
0.866062 0.644884 0.926554
0.895845 0.644567 0.928338
0.925628 0.644250 0.930122
0.955410 0.643934 0.931906
0.985193 0.643617 0.933690
1.000000 0.643300 0.935474
1.000000 0.642983 0.937259
0.086777 0.683306 0.886167
0.116560 0.682989 0.887951
0.146343 0.682672 0.889735
0.176125 0.682355 0.891520
0.205908 0.682038 0.893304
0.235691 0.681721 0.895088
0.265473 0.681405 0.896872
0.295256 0.681088 0.898656
0.325038 0.680771 0.900440
0.354821 0.680454 0.902225
0.384604 0.680137 0.904009
0.414386 0.679821 0.905793
0.444169 0.679504 0.907577
0.473952 0.679187 0.909361
0.503734 0.678870 0.911146
0.533517 0.678553 0.912930
0.563300 0.678236 0.914714
0.593082 0.677920 0.916498
0.622865 0.677603 0.918282
0.652648 0.677286 0.920066
0.682430 0.676969 0.921851
0.712213 0.676652 0.923635
0.741995 0.676336 0.925419
0.771778 0.676019 0.927203
0.801561 0.675702 0.928987
0.831343 0.675385 0.930771
0.861126 0.675068 0.932556
0.890909 0.674752 0.934340
0.920691 0.674435 0.936124
0.950474 0.674118 0.937908
0.980257 0.673801 0.939692
1.000000 0.673484 0.941476
1.000000 0.673167 0.943261
0.081841 0.713490 0.892169
0.111624 0.713173 0.893953
0.141406 0.712856 0.895738
0.171189 0.712539 0.897522
0.200972 0.712222 0.899306
0.230754 0.711906 0.901090
0.260537 0.711589 0.902874
0.290320 0.711272 0.904658
0.320102 0.710955 0.906443
0.349885 0.710638 0.908227
0.379667 0.710322 0.910011
0.409450 0.710005 0.911795
0.439233 0.709688 0.913579
0.469015 0.709371 0.915363
0.498798 0.709054 0.917148
0.528581 0.708738 0.918932
0.558363 0.708421 0.920716
0.588146 0.708104 0.922500
0.617929 0.707787 0.924284
0.647711 0.707470 0.926068
0.677494 0.707153 0.927853
0.707277 0.706837 0.929637
0.737059 0.706520 0.931421
0.766842 0.706203 0.933205
0.796625 0.705886 0.934989
0.826407 0.705569 0.936773
0.856190 0.705253 0.938558
0.885972 0.704936 0.940342
0.915755 0.704619 0.942126
0.945538 0.704302 0.943910
0.975320 0.703985 0.945694
1.000000 0.703668 0.947479
1.000000 0.703352 0.949263
0.076905 0.743674 0.898171
0.106687 0.743357 0.899955
0.136470 0.743040 0.901740
0.166253 0.742724 0.903524
0.196035 0.742407 0.905308
0.225818 0.742090 0.907092
0.255601 0.741773 0.908876
0.285383 0.741456 0.910660
0.315166 0.741139 0.912445
0.344949 0.740823 0.914229
0.374731 0.740506 0.916013
0.404514 0.740189 0.917797
0.434297 0.739872 0.919581
0.464079 0.739555 0.921365
0.493862 0.739239 0.923150
0.523644 0.738922 0.924934
0.553427 0.738605 0.926718
0.583210 0.738288 0.928502
0.612992 0.737971 0.930286
0.642775 0.737654 0.932071
0.672558 0.737338 0.933855
0.702340 0.737021 0.935639
0.732123 0.736704 0.937423
0.761906 0.736387 0.939207
0.791688 0.736070 0.940991
0.821471 0.735754 0.942776
0.851254 0.735437 0.944560
0.881036 0.735120 0.946344
0.910819 0.734803 0.948128
0.940601 0.734486 0.949912
0.970384 0.734169 0.951696
1.000000 0.733853 0.953481
1.000000 0.733536 0.955265
0.071969 0.773858 0.904173
0.101751 0.773541 0.905957
0.131534 0.773225 0.907742
0.161316 0.772908 0.909526
0.191099 0.772591 0.911310
0.220882 0.772274 0.913094
0.250664 0.771957 0.914878
0.280447 0.771640 0.916663
0.310230 0.771324 0.918447
0.340012 0.771007 0.920231
0.369795 0.770690 0.922015
0.399578 0.770373 0.923799
0.429360 0.770056 0.925583
0.459143 0.769740 0.927368
0.488926 0.769423 0.929152
0.518708 0.769106 0.930936
0.548491 0.768789 0.932720
0.578273 0.768472 0.934504
0.608056 0.768155 0.936288
0.637839 0.767839 0.938073
0.667621 0.767522 0.939857
0.697404 0.767205 0.941641
0.727187 0.766888 0.943425
0.756969 0.766571 0.945209
0.786752 0.766255 0.946993
0.816535 0.765938 0.948778
0.846317 0.765621 0.950562
0.876100 0.765304 0.952346
0.905883 0.764987 0.954130
0.935665 0.764671 0.955914
0.965448 0.764354 0.957699
0.995230 0.764037 0.959483
1.000000 0.763720 0.961267
0.067032 0.804042 0.910175
0.096815 0.803726 0.911960
0.126598 0.803409 0.913744
0.156380 0.803092 0.915528
0.186163 0.802775 0.917312
0.215945 0.802458 0.919096
0.245728 0.802141 0.920880
0.275511 0.801825 0.922665
0.305293 0.801508 0.924449
0.335076 0.801191 0.926233
0.364859 0.800874 0.928017
0.394641 0.800557 0.929801
0.424424 0.800241 0.931585
0.454207 0.799924 0.933370
0.483989 0.799607 0.935154
0.513772 0.799290 0.936938
0.543555 0.798973 0.938722
0.573337 0.798657 0.940506
0.603120 0.798340 0.942291
0.632902 0.798023 0.944075
0.662685 0.797706 0.945859
0.692468 0.797389 0.947643
0.722250 0.797072 0.949427
0.752033 0.796756 0.951211
0.781816 0.796439 0.952996
0.811598 0.796122 0.954780
0.841381 0.795805 0.956564
0.871164 0.795488 0.958348
0.900946 0.795172 0.960132
0.930729 0.794855 0.961916
0.960512 0.794538 0.963701
0.990294 0.794221 0.965485
1.000000 0.793904 0.967269
0.062096 0.834227 0.916177
0.091879 0.833910 0.917962
0.121661 0.833593 0.919746
0.151444 0.833276 0.921530
0.181227 0.832959 0.923314
0.211009 0.832643 0.925098
0.240792 0.832326 0.926883
0.270574 0.832009 0.928667
0.300357 0.831692 0.930451
0.330140 0.831375 0.932235
0.359922 0.831058 0.934019
0.389705 0.830742 0.935803
0.419488 0.830425 0.937588
0.449270 0.830108 0.939372
0.479053 0.829791 0.941156
0.508836 0.829474 0.942940
0.538618 0.829158 0.944724
0.568401 0.828841 0.946508
0.598184 0.828524 0.948293
0.627966 0.828207 0.950077
0.657749 0.827890 0.951861
0.687531 0.827573 0.953645
0.717314 0.827257 0.955429
0.747097 0.826940 0.957213
0.776879 0.826623 0.958998
0.806662 0.826306 0.960782
0.836445 0.825989 0.962566
0.866227 0.825673 0.964350
0.896010 0.825356 0.966134
0.925793 0.825039 0.967918
0.955575 0.824722 0.969703
0.985358 0.824405 0.971487
1.000000 0.824088 0.973271
0.057160 0.864411 0.922180
0.086942 0.864094 0.923964
0.116725 0.863777 0.925748
0.146508 0.863460 0.927532
0.176290 0.863144 0.929316
0.206073 0.862827 0.931100
0.235856 0.862510 0.932885
0.265638 0.862193 0.934669
0.295421 0.861876 0.936453
0.325203 0.861559 0.938237
0.354986 0.861243 0.940021
0.384769 0.860926 0.941805
0.414551 0.860609 0.943590
0.444334 0.860292 0.945374
0.474117 0.859975 0.947158
0.503899 0.859659 0.948942
0.533682 0.859342 0.950726
0.563465 0.859025 0.952510
0.593247 0.858708 0.954295
0.623030 0.858391 0.956079
0.652813 0.858074 0.957863
0.682595 0.857758 0.959647
0.712378 0.857441 0.961431
0.742160 0.857124 0.963216
0.771943 0.856807 0.965000
0.801726 0.856490 0.966784
0.831508 0.856174 0.968568
0.861291 0.855857 0.970352
0.891074 0.855540 0.972136
0.920856 0.855223 0.973921
0.950639 0.854906 0.975705
0.980422 0.854590 0.977489
1.000000 0.854273 0.979273
0.052223 0.894595 0.928182
0.082006 0.894278 0.929966
0.111789 0.893961 0.931750
0.141571 0.893645 0.933534
0.171354 0.893328 0.935318
0.201137 0.893011 0.937102
0.230919 0.892694 0.938887
0.260702 0.892377 0.940671
0.290485 0.892060 0.942455
0.320267 0.891744 0.944239
0.350050 0.891427 0.946023
0.379832 0.891110 0.947808
0.409615 0.890793 0.949592
0.439398 0.890476 0.951376
0.469180 0.890160 0.953160
0.498963 0.889843 0.954944
0.528746 0.889526 0.956728
0.558528 0.889209 0.958513
0.588311 0.888892 0.960297
0.618094 0.888576 0.962081
0.647876 0.888259 0.963865
0.677659 0.887942 0.965649
0.707442 0.887625 0.967433
0.737224 0.887308 0.969218
0.767007 0.886991 0.971002
0.796789 0.886675 0.972786
0.826572 0.886358 0.974570
0.856355 0.886041 0.976354
0.886137 0.885724 0.978138
0.915920 0.885407 0.979923
0.945703 0.885091 0.981707
0.975485 0.884774 0.983491
1.000000 0.884457 0.985275
0.047287 0.924779 0.934184
0.077070 0.924462 0.935968
0.106852 0.924146 0.937752
0.136635 0.923829 0.939536
0.166418 0.923512 0.941320
0.196200 0.923195 0.943105
0.225983 0.922878 0.944889
0.255766 0.922562 0.946673
0.285548 0.922245 0.948457
0.315331 0.921928 0.950241
0.345114 0.921611 0.952025
0.374896 0.921294 0.953810
0.404679 0.920977 0.955594
0.434461 0.920661 0.957378
0.464244 0.920344 0.959162
0.494027 0.920027 0.960946
0.523809 0.919710 0.962730
0.553592 0.919393 0.964515
0.583375 0.919077 0.966299
0.613157 0.918760 0.968083
0.642940 0.918443 0.969867
0.672723 0.918126 0.971651
0.702505 0.917809 0.973435
0.732288 0.917492 0.975220
0.762071 0.917176 0.977004
0.791853 0.916859 0.978788
0.821636 0.916542 0.980572
0.851418 0.916225 0.982356
0.881201 0.915908 0.984141
0.910984 0.915592 0.985925
0.940766 0.915275 0.987709
0.970549 0.914958 0.989493
1.000000 0.914641 0.991277
0.042351 0.954963 0.940186
0.072133 0.954647 0.941970
0.101916 0.954330 0.943754
0.131699 0.954013 0.945538
0.161481 0.953696 0.947322
0.191264 0.953379 0.949107
0.221047 0.953063 0.950891
0.250829 0.952746 0.952675
0.280612 0.952429 0.954459
0.310395 0.952112 0.956243
0.340177 0.951795 0.958027
0.369960 0.951478 0.959812
0.399743 0.951162 0.961596
0.429525 0.950845 0.963380
0.459308 0.950528 0.965164
0.489090 0.950211 0.966948
0.518873 0.949894 0.968733
0.548656 0.949578 0.970517
0.578438 0.949261 0.972301
0.608221 0.948944 0.974085
0.638004 0.948627 0.975869
0.667786 0.948310 0.977653
0.697569 0.947993 0.979438
0.727352 0.947677 0.981222
0.757134 0.947360 0.983006
0.786917 0.947043 0.984790
0.816700 0.946726 0.986574
0.846482 0.946409 0.988358
0.876265 0.946093 0.990143
0.906047 0.945776 0.991927
0.935830 0.945459 0.993711
0.965613 0.945142 0.995495
0.995395 0.944825 0.997279
0.037415 0.985148 0.946188
0.067197 0.984831 0.947972
0.096980 0.984514 0.949756
0.126762 0.984197 0.951540
0.156545 0.983880 0.953325
0.186328 0.983564 0.955109
0.216110 0.983247 0.956893
0.245893 0.982930 0.958677
0.275676 0.982613 0.960461
0.305458 0.982296 0.962245
0.335241 0.981979 0.964030
0.365024 0.981663 0.965814
0.394806 0.981346 0.967598
0.424589 0.981029 0.969382
0.454372 0.980712 0.971166
0.484154 0.980395 0.972950
0.513937 0.980079 0.974735
0.543719 0.979762 0.976519
0.573502 0.979445 0.978303
0.603285 0.979128 0.980087
0.633067 0.978811 0.981871
0.662850 0.978495 0.983655
0.692633 0.978178 0.985440
0.722415 0.977861 0.987224
0.752198 0.977544 0.989008
0.781981 0.977227 0.990792
0.811763 0.976910 0.992576
0.841546 0.976594 0.994360
0.871329 0.976277 0.996145
0.901111 0.975960 0.997929
0.930894 0.975643 0.999713
0.960676 0.975326 1.000000
0.990459 0.975010 1.000000
0.028455 0.000892 0.970653
0.060822 0.000859 0.969569
0.093189 0.000826 0.968485
0.125556 0.000792 0.967401
0.157923 0.000759 0.966317
0.190291 0.000726 0.965234
0.222658 0.000692 0.964150
0.255025 0.000659 0.963066
0.287392 0.000626 0.961982
0.319759 0.000592 0.960898
0.352127 0.000559 0.959814
0.384494 0.000526 0.958731
0.416861 0.000492 0.957647
0.449228 0.000459 0.956563
0.481595 0.000426 0.955479
0.513963 0.000392 0.954395
0.546330 0.000359 0.953311
0.578697 0.000326 0.952228
0.611064 0.000292 0.951144
0.643431 0.000259 0.950060
0.675798 0.000226 0.948976
0.708166 0.000192 0.947892
0.740533 0.000159 0.946808
0.772900 0.000125 0.945724
0.805267 0.000092 0.944641
0.837634 0.000059 0.943557
0.870002 0.000025 0.942473
0.902369 0.000000 0.941389
0.934736 0.000000 0.940305
0.967103 0.000000 0.939221
0.999470 0.000000 0.938138
1.000000 0.000000 0.937054
1.000000 0.000000 0.935970
0.032213 0.032030 0.967007
0.064580 0.031997 0.965923
0.096947 0.031964 0.964839
0.129315 0.031930 0.963755
0.161682 0.031897 0.962671
0.194049 0.031864 0.961588
0.226416 0.031830 0.960504
0.258783 0.031797 0.959420
0.291150 0.031764 0.958336
0.323518 0.031730 0.957252
0.355885 0.031697 0.956168
0.388252 0.031663 0.955084
0.420619 0.031630 0.954001
0.452986 0.031597 0.952917
0.485354 0.031563 0.951833
0.517721 0.031530 0.950749
0.550088 0.031497 0.949665
0.582455 0.031463 0.948581
0.614822 0.031430 0.947498
0.647190 0.031397 0.946414
0.679557 0.031363 0.945330
0.711924 0.031330 0.944246
0.744291 0.031297 0.943162
0.776658 0.031263 0.942078
0.809026 0.031230 0.940995
0.841393 0.031197 0.939911
0.873760 0.031163 0.938827
0.906127 0.031130 0.937743
0.938494 0.031097 0.936659
0.970862 0.031063 0.935575
1.000000 0.031030 0.934491
1.000000 0.030996 0.933408
1.000000 0.030963 0.932324
0.035971 0.063168 0.963361
0.068338 0.063135 0.962277
0.100706 0.063101 0.961193
0.133073 0.063068 0.960109
0.165440 0.063035 0.959025
0.197807 0.063001 0.957941
0.230174 0.062968 0.956858
0.262542 0.062935 0.955774
0.294909 0.062901 0.954690
0.327276 0.062868 0.953606
0.359643 0.062835 0.952522
0.392010 0.062801 0.951438
0.424378 0.062768 0.950355
0.456745 0.062735 0.949271
0.489112 0.062701 0.948187
0.521479 0.062668 0.947103
0.553846 0.062635 0.946019
0.586214 0.062601 0.944935
0.618581 0.062568 0.943851
0.650948 0.062534 0.942768
0.683315 0.062501 0.941684
0.715682 0.062468 0.940600
0.748049 0.062434 0.939516
0.780417 0.062401 0.938432
0.812784 0.062368 0.937348
0.845151 0.062334 0.936265
0.877518 0.062301 0.935181
0.909885 0.062268 0.934097
0.942253 0.062234 0.933013
0.974620 0.062201 0.931929
1.000000 0.062168 0.930845
1.000000 0.062134 0.929761
1.000000 0.062101 0.928678
0.039730 0.094306 0.959715
0.072097 0.094273 0.958631
0.104464 0.094239 0.957547
0.136831 0.094206 0.956463
0.169198 0.094173 0.955379
0.201566 0.094139 0.954295
0.233933 0.094106 0.953211
0.266300 0.094072 0.952128
0.298667 0.094039 0.951044
0.331034 0.094006 0.949960
0.363401 0.093972 0.948876
0.395769 0.093939 0.947792
0.428136 0.093906 0.946708
0.460503 0.093872 0.945625
0.492870 0.093839 0.944541
0.525237 0.093806 0.943457
0.557605 0.093772 0.942373
0.589972 0.093739 0.941289
0.622339 0.093706 0.940205
0.654706 0.093672 0.939121
0.687073 0.093639 0.938038
0.719441 0.093606 0.936954
0.751808 0.093572 0.935870
0.784175 0.093539 0.934786
0.816542 0.093506 0.933702
0.848909 0.093472 0.932618
0.881277 0.093439 0.931535
0.913644 0.093405 0.930451
0.946011 0.093372 0.929367
0.978378 0.093339 0.928283
1.000000 0.093305 0.927199
1.000000 0.093272 0.926115
1.000000 0.093239 0.925032
0.043488 0.125444 0.956068
0.075855 0.125410 0.954985
0.108222 0.125377 0.953901
0.140589 0.125344 0.952817
0.172957 0.125310 0.951733
0.205324 0.125277 0.950649
0.237691 0.125244 0.949565
0.270058 0.125210 0.948481
0.302425 0.125177 0.947398
0.334793 0.125144 0.946314
0.367160 0.125110 0.945230
0.399527 0.125077 0.944146
0.431894 0.125044 0.943062
0.464261 0.125010 0.941978
0.496629 0.124977 0.940895
0.528996 0.124943 0.939811
0.561363 0.124910 0.938727
0.593730 0.124877 0.937643
0.626097 0.124843 0.936559
0.658465 0.124810 0.935475
0.690832 0.124777 0.934392
0.723199 0.124743 0.933308
0.755566 0.124710 0.932224
0.787933 0.124677 0.931140
0.820300 0.124643 0.930056
0.852668 0.124610 0.928972
0.885035 0.124577 0.927888
0.917402 0.124543 0.926805
0.949769 0.124510 0.925721
0.982136 0.124477 0.924637
1.000000 0.124443 0.923553
1.000000 0.124410 0.922469
1.000000 0.124377 0.921385
0.047246 0.156582 0.952422
0.079613 0.156548 0.951338
0.111981 0.156515 0.950255
0.144348 0.156481 0.949171
0.176715 0.156448 0.948087
0.209082 0.156415 0.947003
0.241449 0.156381 0.945919
0.273817 0.156348 0.944835
0.306184 0.156315 0.943752
0.338551 0.156281 0.942668
0.370918 0.156248 0.941584
0.403285 0.156215 0.940500
0.435652 0.156181 0.939416
0.468020 0.156148 0.938332
0.500387 0.156115 0.937248
0.532754 0.156081 0.936165
0.565121 0.156048 0.935081
0.597488 0.156015 0.933997
0.629856 0.155981 0.932913
0.662223 0.155948 0.931829
0.694590 0.155915 0.930745
0.726957 0.155881 0.929662
0.759324 0.155848 0.928578
0.791692 0.155815 0.927494
0.824059 0.155781 0.926410
0.856426 0.155748 0.925326
0.888793 0.155714 0.924242
0.921160 0.155681 0.923159
0.953528 0.155648 0.922075
0.985895 0.155614 0.920991
1.000000 0.155581 0.919907
1.000000 0.155548 0.918823
1.000000 0.155514 0.917739
0.051004 0.187719 0.948776
0.083372 0.187686 0.947692
0.115739 0.187653 0.946608
0.148106 0.187619 0.945525
0.180473 0.187586 0.944441
0.212840 0.187553 0.943357
0.245208 0.187519 0.942273
0.277575 0.187486 0.941189
0.309942 0.187453 0.940105
0.342309 0.187419 0.939022
0.374676 0.187386 0.937938
0.407044 0.187353 0.936854
0.439411 0.187319 0.935770
0.471778 0.187286 0.934686
0.504145 0.187252 0.933602
0.536512 0.187219 0.932519
0.568880 0.187186 0.931435
0.601247 0.187152 0.930351
0.633614 0.187119 0.929267
0.665981 0.187086 0.928183
0.698348 0.187052 0.927099
0.730716 0.187019 0.926015
0.763083 0.186986 0.924932
0.795450 0.186952 0.923848
0.827817 0.186919 0.922764
0.860184 0.186886 0.921680
0.892551 0.186852 0.920596
0.924919 0.186819 0.919512
0.957286 0.186786 0.918429
0.989653 0.186752 0.917345
1.000000 0.186719 0.916261
1.000000 0.186686 0.915177
1.000000 0.186652 0.914093
0.054763 0.218857 0.945130
0.087130 0.218824 0.944046
0.119497 0.218790 0.942962
0.151864 0.218757 0.941879
0.184232 0.218724 0.940795
0.216599 0.218690 0.939711
0.248966 0.218657 0.938627
0.281333 0.218624 0.937543
0.313700 0.218590 0.936459
0.346068 0.218557 0.935375
0.378435 0.218524 0.934292
0.410802 0.218490 0.933208
0.443169 0.218457 0.932124
0.475536 0.218424 0.931040
0.507903 0.218390 0.929956
0.540271 0.218357 0.928872
0.572638 0.218324 0.927789
0.605005 0.218290 0.926705
0.637372 0.218257 0.925621
0.669739 0.218224 0.924537
0.702107 0.218190 0.923453
0.734474 0.218157 0.922369
0.766841 0.218123 0.921285
0.799208 0.218090 0.920202
0.831575 0.218057 0.919118
0.863943 0.218023 0.918034
0.896310 0.217990 0.916950
0.928677 0.217957 0.915866
0.961044 0.217923 0.914782
0.993411 0.217890 0.913699
1.000000 0.217857 0.912615
1.000000 0.217823 0.911531
1.000000 0.217790 0.910447
0.058521 0.249995 0.941484
0.090888 0.249962 0.940400
0.123255 0.249928 0.939316
0.155623 0.249895 0.938232
0.187990 0.249862 0.937149
0.220357 0.249828 0.936065
0.252724 0.249795 0.934981
0.285091 0.249762 0.933897
0.317459 0.249728 0.932813
0.349826 0.249695 0.931729
0.382193 0.249661 0.930645
0.414560 0.249628 0.929562
0.446927 0.249595 0.928478
0.479295 0.249561 0.927394
0.511662 0.249528 0.926310
0.544029 0.249495 0.925226
0.576396 0.249461 0.924142
0.608763 0.249428 0.923059
0.641131 0.249395 0.921975
0.673498 0.249361 0.920891
0.705865 0.249328 0.919807
0.738232 0.249295 0.918723
0.770599 0.249261 0.917639
0.802967 0.249228 0.916556
0.835334 0.249195 0.915472
0.867701 0.249161 0.914388
0.900068 0.249128 0.913304
0.932435 0.249095 0.912220
0.964802 0.249061 0.911136
0.997170 0.249028 0.910052
1.000000 0.248995 0.908969
1.000000 0.248961 0.907885
1.000000 0.248928 0.906801
0.062279 0.281133 0.937838
0.094647 0.281099 0.936754
0.127014 0.281066 0.935670
0.159381 0.281033 0.934586
0.191748 0.280999 0.933502
0.224115 0.280966 0.932419
0.256483 0.280933 0.931335
0.288850 0.280899 0.930251
0.321217 0.280866 0.929167
0.353584 0.280833 0.928083
0.385951 0.280799 0.926999
0.418319 0.280766 0.925916
0.450686 0.280733 0.924832
0.483053 0.280699 0.923748
0.515420 0.280666 0.922664
0.547787 0.280633 0.921580
0.580154 0.280599 0.920496
0.612522 0.280566 0.919412
0.644889 0.280533 0.918329
0.677256 0.280499 0.917245
0.709623 0.280466 0.916161
0.741990 0.280432 0.915077
0.774358 0.280399 0.913993
0.806725 0.280366 0.912909
0.839092 0.280332 0.911826
0.871459 0.280299 0.910742
0.903826 0.280266 0.909658
0.936194 0.280232 0.908574
0.968561 0.280199 0.907490
1.000000 0.280166 0.906406
1.000000 0.280132 0.905323
1.000000 0.280099 0.904239
1.000000 0.280066 0.903155
0.066038 0.312271 0.934192
0.098405 0.312237 0.933108
0.130772 0.312204 0.932024
0.163139 0.312171 0.930940
0.195506 0.312137 0.929856
0.227874 0.312104 0.928772
0.260241 0.312071 0.927689
0.292608 0.312037 0.926605
0.324975 0.312004 0.925521
0.357342 0.311970 0.924437
0.389710 0.311937 0.923353
0.422077 0.311904 0.922269
0.454444 0.311870 0.921186
0.486811 0.311837 0.920102
0.519178 0.311804 0.919018
0.551546 0.311770 0.917934
0.583913 0.311737 0.916850
0.616280 0.311704 0.915766
0.648647 0.311670 0.914683
0.681014 0.311637 0.913599
0.713382 0.311604 0.912515
0.745749 0.311570 0.911431
0.778116 0.311537 0.910347
0.810483 0.311504 0.909263
0.842850 0.311470 0.908179
0.875218 0.311437 0.907096
0.907585 0.311404 0.906012
0.939952 0.311370 0.904928
0.972319 0.311337 0.903844
1.000000 0.311303 0.902760
1.000000 0.311270 0.901676
1.000000 0.311166 0.901308
1.000000 0.310849 0.903092
0.069796 0.343408 0.930546
0.102163 0.343375 0.929462
0.134530 0.343342 0.928378
0.166898 0.343308 0.927294
0.199265 0.343275 0.926210
0.231632 0.343242 0.925126
0.263999 0.343208 0.924043
0.296366 0.343175 0.922959
0.328734 0.343142 0.921875
0.361101 0.343108 0.920791
0.393468 0.343075 0.919707
0.425835 0.343042 0.918623
0.458202 0.343008 0.917539
0.490570 0.342975 0.916456
0.522937 0.342942 0.915372
0.555304 0.342908 0.914288
0.587671 0.342875 0.913204
0.620038 0.342841 0.912120
0.652405 0.342808 0.911036
0.684773 0.342775 0.909953
0.717140 0.342741 0.908869
0.749507 0.342708 0.907785
0.781874 0.342675 0.906701
0.814241 0.342641 0.905617
0.846609 0.342608 0.904533
0.878976 0.342575 0.903449
0.911343 0.342541 0.902366
0.943710 0.342508 0.901282
0.974492 0.342301 0.901957
1.000000 0.341984 0.903741
1.000000 0.341667 0.905525
1.000000 0.341350 0.907310
1.000000 0.341034 0.909094
0.073554 0.374546 0.926899
0.105922 0.374513 0.925816
0.138289 0.374480 0.924732
0.170656 0.374446 0.923648
0.203023 0.374413 0.922564
0.235390 0.374379 0.921480
0.267757 0.374346 0.920396
0.300125 0.374313 0.919313
0.332492 0.374279 0.918229
0.364859 0.374246 0.917145
0.397226 0.374213 0.916061
0.429593 0.374179 0.914977
0.461961 0.374146 0.913893
0.494328 0.374113 0.912809
0.526695 0.374079 0.911726
0.559062 0.374046 0.910642
0.591429 0.374013 0.909558
0.623797 0.373979 0.908474
0.656164 0.373946 0.907390
0.688531 0.373913 0.906306
0.720898 0.373879 0.905223
0.753265 0.373846 0.904139
0.785633 0.373813 0.903055
0.818000 0.373779 0.901971
0.850367 0.373746 0.900887
0.880208 0.373435 0.902607
0.909991 0.373119 0.904391
0.939773 0.372802 0.906175
0.969556 0.372485 0.907959
0.999339 0.372168 0.909743
1.000000 0.371851 0.911527
1.000000 0.371535 0.913312
1.000000 0.371218 0.915096
0.077313 0.405684 0.923253
0.109680 0.405651 0.922169
0.142047 0.405617 0.921086
0.174414 0.405584 0.920002
0.206781 0.405551 0.918918
0.239149 0.405517 0.917834
0.271516 0.405484 0.916750
0.303883 0.405451 0.915666
0.336250 0.405417 0.914583
0.368617 0.405384 0.913499
0.400985 0.405351 0.912415
0.433352 0.405317 0.911331
0.465719 0.405284 0.910247
0.498086 0.405251 0.909163
0.530453 0.405217 0.908080
0.562821 0.405184 0.906996
0.595188 0.405150 0.905912
0.627555 0.405117 0.904828
0.659922 0.405084 0.903744
0.692289 0.405050 0.902660
0.724656 0.405017 0.901576
0.756141 0.404887 0.901472
0.785924 0.404570 0.903256
0.815706 0.404253 0.905040
0.845489 0.403936 0.906825
0.875272 0.403620 0.908609
0.905054 0.403303 0.910393
0.934837 0.402986 0.912177
0.964620 0.402669 0.913961
0.994402 0.402352 0.915745
1.000000 0.402036 0.917530
1.000000 0.401719 0.919314
1.000000 0.401402 0.921098
0.081071 0.436822 0.919607
0.113438 0.436789 0.918523
0.145805 0.436755 0.917440
0.178173 0.436722 0.916356
0.210540 0.436688 0.915272
0.242907 0.436655 0.914188
0.275274 0.436622 0.913104
0.307641 0.436588 0.912020
0.340008 0.436555 0.910936
0.372376 0.436522 0.909853
0.404743 0.436488 0.908769
0.437110 0.436455 0.907685
0.469477 0.436422 0.906601
0.501844 0.436388 0.905517
0.534212 0.436355 0.904433
0.566579 0.436322 0.903350
0.598946 0.436288 0.902266
0.631313 0.436255 0.901182
0.661857 0.436022 0.902122
0.691640 0.435705 0.903906
0.721422 0.435388 0.905690
0.751205 0.435071 0.907474
0.780987 0.434754 0.909258
0.810770 0.434437 0.911042
0.840553 0.434121 0.912827
0.870335 0.433804 0.914611
0.900118 0.433487 0.916395
0.929901 0.433170 0.918179
0.959683 0.432853 0.919963
0.989466 0.432537 0.921747
1.000000 0.432220 0.923532
1.000000 0.431903 0.925316
1.000000 0.431586 0.927100
0.084829 0.467960 0.915961
0.117196 0.467926 0.914877
0.149564 0.467893 0.913793
0.181931 0.467860 0.912710
0.214298 0.467826 0.911626
0.246665 0.467793 0.910542
0.279032 0.467760 0.909458
0.311400 0.467726 0.908374
0.343767 0.467693 0.907290
0.376134 0.467660 0.906207
0.408501 0.467626 0.905123
0.440868 0.467593 0.904039
0.473236 0.467559 0.902955
0.505603 0.467526 0.901871
0.537790 0.467473 0.900987
0.567573 0.467156 0.902771
0.597355 0.466839 0.904555
0.627138 0.466523 0.906339
0.656921 0.466206 0.908124
0.686703 0.465889 0.909908
0.716486 0.465572 0.911692
0.746269 0.465255 0.913476
0.776051 0.464939 0.915260
0.805834 0.464622 0.917045
0.835616 0.464305 0.918829
0.865399 0.463988 0.920613
0.895182 0.463671 0.922397
0.924964 0.463354 0.924181
0.954747 0.463038 0.925965
0.984530 0.462721 0.927750
1.000000 0.462404 0.929534
1.000000 0.462087 0.931318
1.000000 0.461770 0.933102
0.088588 0.499097 0.912315
0.120955 0.499064 0.911231
0.153322 0.499031 0.910147
0.185689 0.498997 0.909063
0.218056 0.498964 0.907980
0.250424 0.498931 0.906896
0.282791 0.498897 0.905812
0.315158 0.498864 0.904728
0.347525 0.498831 0.903644
0.379892 0.498797 0.902560
0.412259 0.498764 0.901477
0.443506 0.498608 0.901637
0.473288 0.498291 0.903421
0.503071 0.497974 0.905205
0.532854 0.497657 0.906989
0.562636 0.497340 0.908773
0.592419 0.497024 0.910557
0.622202 0.496707 0.912342
0.651984 0.496390 0.914126
0.681767 0.496073 0.915910
0.711550 0.495756 0.917694
0.741332 0.495440 0.919478
0.771115 0.495123 0.921262
0.800898 0.494806 0.923047
0.830680 0.494489 0.924831
0.860463 0.494172 0.926615
0.890245 0.493855 0.928399
0.920028 0.493539 0.930183
0.949811 0.493222 0.931967
0.979593 0.492905 0.933752
1.000000 0.492588 0.935536
1.000000 0.492271 0.937320
1.000000 0.491955 0.939104
0.092346 0.530235 0.908669
0.124713 0.530202 0.907585
0.157080 0.530169 0.906501
0.189447 0.530135 0.905417
0.221815 0.530102 0.904333
0.254182 0.530069 0.903250
0.286549 0.530035 0.902166
0.318916 0.530002 0.901082
0.349222 0.529742 0.902286
0.379004 0.529426 0.904070
0.408787 0.529109 0.905854
0.438570 0.528792 0.907639
0.468352 0.528475 0.909423
0.498135 0.528158 0.911207
0.527917 0.527841 0.912991
0.557700 0.527525 0.914775
0.587483 0.527208 0.916559
0.617265 0.526891 0.918344
0.647048 0.526574 0.920128
0.676831 0.526257 0.921912
0.706613 0.525941 0.923696
0.736396 0.525624 0.925480
0.766179 0.525307 0.927264
0.795961 0.524990 0.929049
0.825744 0.524673 0.930833
0.855527 0.524356 0.932617
0.885309 0.524040 0.934401
0.915092 0.523723 0.936185
0.944874 0.523406 0.937970
0.974657 0.523089 0.939754
1.000000 0.522772 0.941538
1.000000 0.522456 0.943322
1.000000 0.522139 0.945106
0.096104 0.561373 0.905023
0.128471 0.561340 0.903939
0.160839 0.561306 0.902855
0.193206 0.561273 0.901771
0.225155 0.561194 0.901151
0.254937 0.560877 0.902936
0.284720 0.560560 0.904720
0.314503 0.560243 0.906504
0.344285 0.559927 0.908288
0.374068 0.559610 0.910072
0.403851 0.559293 0.911856
0.433633 0.558976 0.913641
0.463416 0.558659 0.915425
0.493199 0.558342 0.917209
0.522981 0.558026 0.918993
0.552764 0.557709 0.920777
0.582546 0.557392 0.922562
0.612329 0.557075 0.924346
0.642112 0.556758 0.926130
0.671894 0.556442 0.927914
0.701677 0.556125 0.929698
0.731460 0.555808 0.931482
0.761242 0.555491 0.933267
0.791025 0.555174 0.935051
0.820808 0.554858 0.936835
0.850590 0.554541 0.938619
0.880373 0.554224 0.940403
0.910156 0.553907 0.942187
0.939938 0.553590 0.943972
0.969721 0.553273 0.945756
0.999503 0.552957 0.947540
1.000000 0.552640 0.949324
1.000000 0.552323 0.951108
0.099862 0.592511 0.901377
0.130871 0.592328 0.901801
0.160653 0.592012 0.903585
0.190436 0.591695 0.905369
0.220218 0.591378 0.907154
0.250001 0.591061 0.908938
0.279784 0.590744 0.910722
0.309566 0.590428 0.912506
0.339349 0.590111 0.914290
0.369132 0.589794 0.916074
0.398914 0.589477 0.917859
0.428697 0.589160 0.919643
0.458480 0.588844 0.921427
0.488262 0.588527 0.923211
0.518045 0.588210 0.924995
0.547828 0.587893 0.926779
0.577610 0.587576 0.928564
0.607393 0.587259 0.930348
0.637175 0.586943 0.932132
0.666958 0.586626 0.933916
0.696741 0.586309 0.935700
0.726523 0.585992 0.937484
0.756306 0.585675 0.939269
0.786089 0.585359 0.941053
0.815871 0.585042 0.942837
0.845654 0.584725 0.944621
0.875437 0.584408 0.946405
0.905219 0.584091 0.948189
0.935002 0.583774 0.949974
0.964785 0.583458 0.951758
0.994567 0.583141 0.953542
1.000000 0.582824 0.955326
1.000000 0.582507 0.957110
0.096152 0.622830 0.906019
0.125934 0.622513 0.907803
0.155717 0.622196 0.909587
0.185500 0.621879 0.911371
0.215282 0.621562 0.913156
0.245065 0.621245 0.914940
0.274847 0.620929 0.916724
0.304630 0.620612 0.918508
0.334413 0.620295 0.920292
0.364195 0.619978 0.922076
0.393978 0.619661 0.923861
0.423761 0.619345 0.925645
0.453543 0.619028 0.927429
0.483326 0.618711 0.929213
0.513109 0.618394 0.930997
0.542891 0.618077 0.932781
0.572674 0.617760 0.934566
0.602457 0.617444 0.936350
0.632239 0.617127 0.938134
0.662022 0.616810 0.939918
0.691804 0.616493 0.941702
0.721587 0.616176 0.943487
0.751370 0.615860 0.945271
0.781152 0.615543 0.947055
0.810935 0.615226 0.948839
0.840718 0.614909 0.950623
0.870500 0.614592 0.952407
0.900283 0.614275 0.954192
0.930066 0.613959 0.955976
0.959848 0.613642 0.957760
0.989631 0.613325 0.959544
1.000000 0.613008 0.961328
1.000000 0.612691 0.963112
0.091215 0.653014 0.912021
0.120998 0.652697 0.913805
0.150781 0.652380 0.915589
0.180563 0.652063 0.917373
0.210346 0.651746 0.919158
0.240129 0.651430 0.920942
0.269911 0.651113 0.922726
0.299694 0.650796 0.924510
0.329476 0.650479 0.926294
0.359259 0.650162 0.928079
0.389042 0.649846 0.929863
0.418824 0.649529 0.931647
0.448607 0.649212 0.933431
0.478390 0.648895 0.935215
0.508172 0.648578 0.936999
0.537955 0.648261 0.938784
0.567738 0.647945 0.940568
0.597520 0.647628 0.942352
0.627303 0.647311 0.944136
0.657086 0.646994 0.945920
0.686868 0.646677 0.947704
0.716651 0.646361 0.949489
0.746433 0.646044 0.951273
0.776216 0.645727 0.953057
0.805999 0.645410 0.954841
0.835781 0.645093 0.956625
0.865564 0.644777 0.958409
0.895347 0.644460 0.960194
0.925129 0.644143 0.961978
0.954912 0.643826 0.963762
0.984695 0.643509 0.965546
1.000000 0.643192 0.967330
1.000000 0.642876 0.969114
0.086279 0.683198 0.918023
0.116062 0.682881 0.919807
0.145844 0.682564 0.921591
0.175627 0.682247 0.923376
0.205410 0.681931 0.925160
0.235192 0.681614 0.926944
0.264975 0.681297 0.928728
0.294758 0.680980 0.930512
0.324540 0.680663 0.932296
0.354323 0.680347 0.934081
0.384105 0.680030 0.935865
0.413888 0.679713 0.937649
0.443671 0.679396 0.939433
0.473453 0.679079 0.941217
0.503236 0.678763 0.943001
0.533019 0.678446 0.944786
0.562801 0.678129 0.946570
0.592584 0.677812 0.948354
0.622367 0.677495 0.950138
0.652149 0.677178 0.951922
0.681932 0.676862 0.953706
0.711715 0.676545 0.955491
0.741497 0.676228 0.957275
0.771280 0.675911 0.959059
0.801062 0.675594 0.960843
0.830845 0.675278 0.962627
0.860628 0.674961 0.964412
0.890410 0.674644 0.966196
0.920193 0.674327 0.967980
0.949976 0.674010 0.969764
0.979758 0.673693 0.971548
1.000000 0.673377 0.973332
1.000000 0.673060 0.975117
0.081343 0.713382 0.924025
0.111125 0.713065 0.925809
0.140908 0.712749 0.927593
0.170691 0.712432 0.929378
0.200473 0.712115 0.931162
0.230256 0.711798 0.932946
0.260039 0.711481 0.934730
0.289821 0.711164 0.936514
0.319604 0.710848 0.938298
0.349387 0.710531 0.940083
0.379169 0.710214 0.941867
0.408952 0.709897 0.943651
0.438734 0.709580 0.945435
0.468517 0.709264 0.947219
0.498300 0.708947 0.949004
0.528082 0.708630 0.950788
0.557865 0.708313 0.952572
0.587648 0.707996 0.954356
0.617430 0.707679 0.956140
0.647213 0.707363 0.957924
0.676996 0.707046 0.959709
0.706778 0.706729 0.961493
0.736561 0.706412 0.963277
0.766344 0.706095 0.965061
0.796126 0.705779 0.966845
0.825909 0.705462 0.968629
0.855691 0.705145 0.970414
0.885474 0.704828 0.972198
0.915257 0.704511 0.973982
0.945039 0.704195 0.975766
0.974822 0.703878 0.977550
1.000000 0.703561 0.979334
1.000000 0.703244 0.981119
0.076406 0.743566 0.930027
0.106189 0.743250 0.931811
0.135972 0.742933 0.933596
0.165754 0.742616 0.935380
0.195537 0.742299 0.937164
0.225320 0.741982 0.938948
0.255102 0.741665 0.940732
0.284885 0.741349 0.942516
0.314668 0.741032 0.944301
0.344450 0.740715 0.946085
0.374233 0.740398 0.947869
0.404016 0.740081 0.949653
0.433798 0.739765 0.951437
0.463581 0.739448 0.953221
0.493363 0.739131 0.955006
0.523146 0.738814 0.956790
0.552929 0.738497 0.958574
0.582711 0.738181 0.960358
0.612494 0.737864 0.962142
0.642277 0.737547 0.963926
0.672059 0.737230 0.965711
0.701842 0.736913 0.967495
0.731625 0.736596 0.969279
0.761407 0.736280 0.971063
0.791190 0.735963 0.972847
0.820973 0.735646 0.974631
0.850755 0.735329 0.976416
0.880538 0.735012 0.978200
0.910320 0.734696 0.979984
0.940103 0.734379 0.981768
0.969886 0.734062 0.983552
0.999668 0.733745 0.985337
1.000000 0.733428 0.987121
0.071470 0.773751 0.936029
0.101253 0.773434 0.937813
0.131035 0.773117 0.939598
0.160818 0.772800 0.941382
0.190601 0.772483 0.943166
0.220383 0.772167 0.944950
0.250166 0.771850 0.946734
0.279949 0.771533 0.948518
0.309731 0.771216 0.950303
0.339514 0.770899 0.952087
0.369297 0.770582 0.953871
0.399079 0.770266 0.955655
0.428862 0.769949 0.957439
0.458645 0.769632 0.959223
0.488427 0.769315 0.961008
0.518210 0.768998 0.962792
0.547992 0.768682 0.964576
0.577775 0.768365 0.966360
0.607558 0.768048 0.968144
0.637340 0.767731 0.969929
0.667123 0.767414 0.971713
0.696906 0.767097 0.973497
0.726688 0.766781 0.975281
0.756471 0.766464 0.977065
0.786254 0.766147 0.978849
0.816036 0.765830 0.980634
0.845819 0.765513 0.982418
0.875602 0.765197 0.984202
0.905384 0.764880 0.985986
0.935167 0.764563 0.987770
0.964949 0.764246 0.989554
0.994732 0.763929 0.991339
1.000000 0.763612 0.993123
0.066534 0.803935 0.942031
0.096317 0.803618 0.943815
0.126099 0.803301 0.945600
0.155882 0.802984 0.947384
0.185664 0.802668 0.949168
0.215447 0.802351 0.950952
0.245230 0.802034 0.952736
0.275012 0.801717 0.954521
0.304795 0.801400 0.956305
0.334578 0.801083 0.958089
0.364360 0.800767 0.959873
0.394143 0.800450 0.961657
0.423926 0.800133 0.963441
0.453708 0.799816 0.965226
0.483491 0.799499 0.967010
0.513274 0.799183 0.968794
0.543056 0.798866 0.970578
0.572839 0.798549 0.972362
0.602621 0.798232 0.974146
0.632404 0.797915 0.975931
0.662187 0.797598 0.977715
0.691969 0.797282 0.979499
0.721752 0.796965 0.981283
0.751535 0.796648 0.983067
0.781317 0.796331 0.984851
0.811100 0.796014 0.986636
0.840883 0.795698 0.988420
0.870665 0.795381 0.990204
0.900448 0.795064 0.991988
0.930231 0.794747 0.993772
0.960013 0.794430 0.995556
0.989796 0.794114 0.997341
1.000000 0.793797 0.999125
0.061598 0.834119 0.948033
0.091380 0.833802 0.949818
0.121163 0.833485 0.951602
0.150946 0.833169 0.953386
0.180728 0.832852 0.955170
0.210511 0.832535 0.956954
0.240293 0.832218 0.958738
0.270076 0.831901 0.960523
0.299859 0.831584 0.962307
0.329641 0.831268 0.964091
0.359424 0.830951 0.965875
0.389207 0.830634 0.967659
0.418989 0.830317 0.969443
0.448772 0.830000 0.971228
0.478555 0.829684 0.973012
0.508337 0.829367 0.974796
0.538120 0.829050 0.976580
0.567903 0.828733 0.978364
0.597685 0.828416 0.980148
0.627468 0.828100 0.981933
0.657250 0.827783 0.983717
0.687033 0.827466 0.985501
0.716816 0.827149 0.987285
0.746598 0.826832 0.989069
0.776381 0.826515 0.990854
0.806164 0.826199 0.992638
0.835946 0.825882 0.994422
0.865729 0.825565 0.996206
0.895512 0.825248 0.997990
0.925294 0.824931 0.999774
0.955077 0.824615 1.000000
0.984860 0.824298 1.000000
1.000000 0.823981 1.000000
0.056661 0.864303 0.954035
0.086444 0.863986 0.955820
0.116227 0.863670 0.957604
0.146009 0.863353 0.959388
0.175792 0.863036 0.961172
0.205575 0.862719 0.962956
0.235357 0.862402 0.964740
0.265140 0.862086 0.966525
0.294922 0.861769 0.968309
0.324705 0.861452 0.970093
0.354488 0.861135 0.971877
0.384270 0.860818 0.973661
0.414053 0.860501 0.975446
0.443836 0.860185 0.977230
0.473618 0.859868 0.979014
0.503401 0.859551 0.980798
0.533184 0.859234 0.982582
0.562966 0.858917 0.984366
0.592749 0.858601 0.986151
0.622532 0.858284 0.987935
0.652314 0.857967 0.989719
0.682097 0.857650 0.991503
0.711879 0.857333 0.993287
0.741662 0.857016 0.995071
0.771445 0.856700 0.996856
0.801227 0.856383 0.998640
0.831010 0.856066 1.000000
0.860793 0.855749 1.000000
0.890575 0.855432 1.000000
0.920358 0.855116 1.000000
0.950141 0.854799 1.000000
0.979923 0.854482 1.000000
1.000000 0.854165 1.000000
0.051725 0.894487 0.960038
0.081508 0.894171 0.961822
0.111290 0.893854 0.963606
0.141073 0.893537 0.965390
0.170856 0.893220 0.967174
0.200638 0.892903 0.968958
0.230421 0.892587 0.970743
0.260204 0.892270 0.972527
0.289986 0.891953 0.974311
0.319769 0.891636 0.976095
0.349551 0.891319 0.977879
0.379334 0.891002 0.979663
0.409117 0.890686 0.981448
0.438899 0.890369 0.983232
0.468682 0.890052 0.985016
0.498465 0.889735 0.986800
0.528247 0.889418 0.988584
0.558030 0.889102 0.990368
0.587813 0.888785 0.992153
0.617595 0.888468 0.993937
0.647378 0.888151 0.995721
0.677161 0.887834 0.997505
0.706943 0.887517 0.999289
0.736726 0.887201 1.000000
0.766508 0.886884 1.000000
0.796291 0.886567 1.000000
0.826074 0.886250 1.000000
0.855856 0.885933 1.000000
0.885639 0.885617 1.000000
0.915422 0.885300 1.000000
0.945204 0.884983 1.000000
0.974987 0.884666 1.000000
1.000000 0.884349 1.000000
0.046789 0.924672 0.966040
0.076571 0.924355 0.967824
0.106354 0.924038 0.969608
0.136137 0.923721 0.971392
0.165919 0.923404 0.973176
0.195702 0.923088 0.974960
0.225485 0.922771 0.976745
0.255267 0.922454 0.978529
0.285050 0.922137 0.980313
0.314833 0.921820 0.982097
0.344615 0.921503 0.983881
0.374398 0.921187 0.985665
0.404180 0.920870 0.987450
0.433963 0.920553 0.989234
0.463746 0.920236 0.991018
0.493528 0.919919 0.992802
0.523311 0.919603 0.994586
0.553094 0.919286 0.996371
0.582876 0.918969 0.998155
0.612659 0.918652 0.999939
0.642442 0.918335 1.000000
0.672224 0.918019 1.000000
0.702007 0.917702 1.000000
0.731790 0.917385 1.000000
0.761572 0.917068 1.000000
0.791355 0.916751 1.000000
0.821137 0.916434 1.000000
0.850920 0.916118 1.000000
0.880703 0.915801 1.000000
0.910485 0.915484 1.000000
0.940268 0.915167 1.000000
0.970051 0.914850 1.000000
0.999833 0.914534 1.000000
0.041852 0.954856 0.972042
0.071635 0.954539 0.973826
0.101418 0.954222 0.975610
0.131200 0.953905 0.977394
0.160983 0.953589 0.979178
0.190766 0.953272 0.980963
0.220548 0.952955 0.982747
0.250331 0.952638 0.984531
0.280114 0.952321 0.986315
0.309896 0.952005 0.988099
0.339679 0.951688 0.989883
0.369462 0.951371 0.991668
0.399244 0.951054 0.993452
0.429027 0.950737 0.995236
0.458809 0.950420 0.997020
0.488592 0.950104 0.998804
0.518375 0.949787 1.000000
0.548157 0.949470 1.000000
0.577940 0.949153 1.000000
0.607723 0.948836 1.000000
0.637505 0.948520 1.000000
0.667288 0.948203 1.000000
0.697071 0.947886 1.000000
0.726853 0.947569 1.000000
0.756636 0.947252 1.000000
0.786419 0.946935 1.000000
0.816201 0.946619 1.000000
0.845984 0.946302 1.000000
0.875766 0.945985 1.000000
0.905549 0.945668 1.000000
0.935332 0.945351 1.000000
0.965114 0.945035 1.000000
0.994897 0.944718 1.000000
0.036916 0.985040 0.978044
0.066699 0.984723 0.979828
0.096481 0.984406 0.981612
0.126264 0.984090 0.983396
0.156047 0.983773 0.985180
0.185829 0.983456 0.986965
0.215612 0.983139 0.988749
0.245395 0.982822 0.990533
0.275177 0.982506 0.992317
0.304960 0.982189 0.994101
0.334743 0.981872 0.995885
0.364525 0.981555 0.997670
0.394308 0.981238 0.999454
0.424091 0.980921 1.000000
0.453873 0.980605 1.000000
0.483656 0.980288 1.000000
0.513438 0.979971 1.000000
0.543221 0.979654 1.000000
0.573004 0.979337 1.000000
0.602786 0.979021 1.000000
0.632569 0.978704 1.000000
0.662352 0.978387 1.000000
0.692134 0.978070 1.000000
0.721917 0.977753 1.000000
0.751700 0.977436 1.000000
0.781482 0.977120 1.000000
0.811265 0.976803 1.000000
0.841048 0.976486 1.000000
0.870830 0.976169 1.000000
0.900613 0.975852 1.000000
0.930395 0.975536 1.000000
0.960178 0.975219 1.000000
0.989961 0.974902 1.000000